Question,Answer,Page,predicted_keyword_Rainbow Group,predicted_keyword_Category,predicted_keyword_Answer,predicted_keyword_Page,predicted_keyword_answer_model,predicted_keyword_raw_answer,predicted_fulltext_Rainbow Group,predicted_fulltext_Category,predicted_fulltext_Answer,predicted_fulltext_Page,predicted_fulltext_answer_model,predicted_fulltext_raw_answer,predicted_vector_Rainbow Group,predicted_vector_Category,predicted_vector_Answer,predicted_vector_Page,predicted_vector_answer_model,predicted_vector_raw_answer,predicted_fused_Rainbow Group,predicted_fused_Category,predicted_fused_Answer,predicted_fused_Page,predicted_fused_answer_model,predicted_fused_raw_answer
 เอกสารฉบับนี้จัดทำขึ้นเพื่อวัตถุประสงค์อะไร, เอกสารฉบับนี้จัดทำขึ้นเพื่อเป็นแนวทาง (Guideline) สำหรับการซ่อมผิวคอนกรีตของชิ้นส่วนผนังอุโมงค์ สำหรับโครงการก่อสร้างอุโมงค์ระบายน้ำจากบึงหนองบอนลงสู่แม่น้ำเจ้าพระยา,2,Construction-Related,Human Risk,"[1] Chapter: Preventative Measures And Revise Environment Impact, Page: 137
บริษัท ซิโน-ไทย เอ็นจีเนียริ่ง แอนด์ คอนสตรัคชั่น จํากัด (มหาชน)
STECON
SINO-THAI ENGINEERING & CONSTRUCTION PUBLIC COMPANY LIMITED
Project: SEWERAGE TUNNEL BUNG NONG BON
TO CHAOPHRAYA RIVER
2. มาตรการป้องกันผลกระทบต่อสิ่งแวดล้อมสำหรับวัสดุซ่อมแบบของเหลว ได้แก่
-Sikadur 32TH
-Sikadur 52 TH
-Sikadur 31 CF Normal
-Sikadur 41 CF Normal
-Condur SC
2.1 ด้านคุณภาพน้ำ
หัวข้อ ผลกระทบด้าน
วิธีการแก้ไข
ที่
คุณภาพน้ำ
1.
2.
น้ำเสีย
มาตรการการป้องกันผลกระทบ
วัสดุซ่อมแบบของเหลว สำหรับวัสดุซ่อมแบบของเหลวจะต้อง แบ่งพื้นที่สำหรับงานซ่อมแซม ห้ามใช้วัสดุ
ปนเปื้อนในท่อระบาย ระมัดระวังไม่ให้มีการปนเปื้อนในท่อ ซ่อมนอกพื้นที่ที่จัดเตรียมไว้โดยเด็ดขาด หาก
ระบายน้ำเสียโดยเด็ดขาดเนื่องจากเป็น บรรจุภัณฑ์ฉีกขาด ให้เปลี่ยนบรรจุภัณฑ์ใหม่
สารเคมีอันตราย หากพบว่ามีการปนเปื้อน หรือภาชนะที่สามารถปิดมิดชิดได้ ห้ามนำ
ปริมาณมากในท่อระบายน้ำเสียให้ปิ","137
บริษัท ซิโน-ไทย เอ็นจีเนียริ่ง แอนด์ คอนสตรัคชั่น จํากัด (มหาชน)
STECON
SINO-THAI ENGINEERING & CONSTRUCTION PUBLIC COMPANY LIMITED
Project: SEWERAGE TUNNEL BUNG NONG BON
TO CHAOPHRAYA RIVER
2. มาตรการป้องกันผลกระทบต่อสิ่งแวดล้อมสำหรับวัสดุซ่อมแบบของเหลว ได้แก่
-Sikadur 32TH
-Sikadur 52 TH
-Sikadur 31 CF Normal
-Sikadur 41 CF Normal
-Condur SC
2.1 ด้านคุณภาพน้ำ
หัวข้อ ผลกระทบด้าน
วิธีการแก้ไข
ที่
คุณภาพน้ำ
1.
2.
น้ำเสีย
มาตรการการป้องกันผลกระทบ
วัสดุซ่อมแบบของเหลว สำหรับวัสดุซ่อมแบบของเหลวจะต้อง แบ่งพื้นที่สำหรับงานซ่อมแซม ห้ามใช้วัสดุ
ปนเปื้อนในท่อระบาย ระมัดระวังไม่ให้มีการปนเปื้อนในท่อ ซ่อมนอกพื้นที่ที่จัดเตรียมไว้โดยเด็ดขาด หาก
ระบายน้ำเสียโดยเด็ดขาดเนื่องจากเป็น บรรจุภัณฑ์ฉีกขาด ให้เปลี่ยนบรรจุภัณฑ์ใหม่
สารเคมีอันตราย หากพบว่ามีการปนเปื้อน หรือภาชนะที่สามารถปิดมิดชิดได้ ห้ามนำ
ปริมาณมากในท่อระบายน้ำเสียให้ปิ",extractive-fallback,"[1] Chapter: Preventative Measures And Revise Environment Impact, Page: 137
บริษัท ซิโน-ไทย เอ็นจีเนียริ่ง แอนด์ คอนสตรัคชั่น จํากัด (มหาชน)
STECON
SINO-THAI ENGINEERING & CONSTRUCTION PUBLIC COMPANY LIMITED
Project: SEWERAGE TUNNEL BUNG NONG BON
TO CHAOPHRAYA RIVER
2. มาตรการป้องกันผลกระทบต่อสิ่งแวดล้อมสำหรับวัสดุซ่อมแบบของเหลว ได้แก่
-Sikadur 32TH
-Sikadur 52 TH
-Sikadur 31 CF Normal
-Sikadur 41 CF Normal
-Condur SC
2.1 ด้านคุณภาพน้ำ
หัวข้อ ผลกระทบด้าน
วิธีการแก้ไข
ที่
คุณภาพน้ำ
1.
2.
น้ำเสีย
มาตรการการป้องกันผลกระทบ
วัสดุซ่อมแบบของเหลว สำหรับวัสดุซ่อมแบบของเหลวจะต้อง แบ่งพื้นที่สำหรับงานซ่อมแซม ห้ามใช้วัสดุ
ปนเปื้อนในท่อระบาย ระมัดระวังไม่ให้มีการปนเปื้อนในท่อ ซ่อมนอกพื้นที่ที่จัดเตรียมไว้โดยเด็ดขาด หาก
ระบายน้ำเสียโดยเด็ดขาดเนื่องจากเป็น บรรจุภัณฑ์ฉีกขาด ให้เปลี่ยนบรรจุภัณฑ์ใหม่
สารเคมีอันตราย หากพบว่ามีการปนเปื้อน หรือภาชนะที่สามารถปิดมิดชิดได้ ห้ามนำ
ปริมาณมากในท่อระบายน้ำเสียให้ปิ",Construction-Related,Human Risk,"[1] Chapter: Preventative Measures And Revise Environment Impact, Page: 137
บริษัท ซิโน-ไทย เอ็นจีเนียริ่ง แอนด์ คอนสตรัคชั่น จํากัด (มหาชน)
STECON
SINO-THAI ENGINEERING & CONSTRUCTION PUBLIC COMPANY LIMITED
Project: SEWERAGE TUNNEL BUNG NONG BON
TO CHAOPHRAYA RIVER
2. มาตรการป้องกันผลกระทบต่อสิ่งแวดล้อมสำหรับวัสดุซ่อมแบบของเหลว ได้แก่
-Sikadur 32TH
-Sikadur 52 TH
-Sikadur 31 CF Normal
-Sikadur 41 CF Normal
-Condur SC
2.1 ด้านคุณภาพน้ำ
หัวข้อ ผลกระทบด้าน
วิธีการแก้ไข
ที่
คุณภาพน้ำ
1.
2.
น้ำเสีย
มาตรการการป้องกันผลกระทบ
วัสดุซ่อมแบบของเหลว สำหรับวัสดุซ่อมแบบของเหลวจะต้อง แบ่งพื้นที่สำหรับงานซ่อมแซม ห้ามใช้วัสดุ
ปนเปื้อนในท่อระบาย ระมัดระวังไม่ให้มีการปนเปื้อนในท่อ ซ่อมนอกพื้นที่ที่จัดเตรียมไว้โดยเด็ดขาด หาก
ระบายน้ำเสียโดยเด็ดขาดเนื่องจากเป็น บรรจุภัณฑ์ฉีกขาด ให้เปลี่ยนบรรจุภัณฑ์ใหม่
สารเคมีอันตราย หากพบว่ามีการปนเปื้อน หรือภาชนะที่สามารถปิดมิดชิดได้ ห้ามนำ
ปริมาณมากในท่อระบายน้ำเสียให้ปิ","137
บริษัท ซิโน-ไทย เอ็นจีเนียริ่ง แอนด์ คอนสตรัคชั่น จํากัด (มหาชน)
STECON
SINO-THAI ENGINEERING & CONSTRUCTION PUBLIC COMPANY LIMITED
Project: SEWERAGE TUNNEL BUNG NONG BON
TO CHAOPHRAYA RIVER
2. มาตรการป้องกันผลกระทบต่อสิ่งแวดล้อมสำหรับวัสดุซ่อมแบบของเหลว ได้แก่
-Sikadur 32TH
-Sikadur 52 TH
-Sikadur 31 CF Normal
-Sikadur 41 CF Normal
-Condur SC
2.1 ด้านคุณภาพน้ำ
หัวข้อ ผลกระทบด้าน
วิธีการแก้ไข
ที่
คุณภาพน้ำ
1.
2.
น้ำเสีย
มาตรการการป้องกันผลกระทบ
วัสดุซ่อมแบบของเหลว สำหรับวัสดุซ่อมแบบของเหลวจะต้อง แบ่งพื้นที่สำหรับงานซ่อมแซม ห้ามใช้วัสดุ
ปนเปื้อนในท่อระบาย ระมัดระวังไม่ให้มีการปนเปื้อนในท่อ ซ่อมนอกพื้นที่ที่จัดเตรียมไว้โดยเด็ดขาด หาก
ระบายน้ำเสียโดยเด็ดขาดเนื่องจากเป็น บรรจุภัณฑ์ฉีกขาด ให้เปลี่ยนบรรจุภัณฑ์ใหม่
สารเคมีอันตราย หากพบว่ามีการปนเปื้อน หรือภาชนะที่สามารถปิดมิดชิดได้ ห้ามนำ
ปริมาณมากในท่อระบายน้ำเสียให้ปิ",extractive-fallback,"[1] Chapter: Preventative Measures And Revise Environment Impact, Page: 137
บริษัท ซิโน-ไทย เอ็นจีเนียริ่ง แอนด์ คอนสตรัคชั่น จํากัด (มหาชน)
STECON
SINO-THAI ENGINEERING & CONSTRUCTION PUBLIC COMPANY LIMITED
Project: SEWERAGE TUNNEL BUNG NONG BON
TO CHAOPHRAYA RIVER
2. มาตรการป้องกันผลกระทบต่อสิ่งแวดล้อมสำหรับวัสดุซ่อมแบบของเหลว ได้แก่
-Sikadur 32TH
-Sikadur 52 TH
-Sikadur 31 CF Normal
-Sikadur 41 CF Normal
-Condur SC
2.1 ด้านคุณภาพน้ำ
หัวข้อ ผลกระทบด้าน
วิธีการแก้ไข
ที่
คุณภาพน้ำ
1.
2.
น้ำเสีย
มาตรการการป้องกันผลกระทบ
วัสดุซ่อมแบบของเหลว สำหรับวัสดุซ่อมแบบของเหลวจะต้อง แบ่งพื้นที่สำหรับงานซ่อมแซม ห้ามใช้วัสดุ
ปนเปื้อนในท่อระบาย ระมัดระวังไม่ให้มีการปนเปื้อนในท่อ ซ่อมนอกพื้นที่ที่จัดเตรียมไว้โดยเด็ดขาด หาก
ระบายน้ำเสียโดยเด็ดขาดเนื่องจากเป็น บรรจุภัณฑ์ฉีกขาด ให้เปลี่ยนบรรจุภัณฑ์ใหม่
สารเคมีอันตราย หากพบว่ามีการปนเปื้อน หรือภาชนะที่สามารถปิดมิดชิดได้ ห้ามนำ
ปริมาณมากในท่อระบายน้ำเสียให้ปิ",Construction-Related,Human Risk,"[1] Chapter: Preventative Measures And Revise Environment Impact, Page: 137
บริษัท ซิโน-ไทย เอ็นจีเนียริ่ง แอนด์ คอนสตรัคชั่น จํากัด (มหาชน)
STECON
SINO-THAI ENGINEERING & CONSTRUCTION PUBLIC COMPANY LIMITED
Project: SEWERAGE TUNNEL BUNG NONG BON
TO CHAOPHRAYA RIVER
2. มาตรการป้องกันผลกระทบต่อสิ่งแวดล้อมสำหรับวัสดุซ่อมแบบของเหลว ได้แก่
-Sikadur 32TH
-Sikadur 52 TH
-Sikadur 31 CF Normal
-Sikadur 41 CF Normal
-Condur SC
2.1 ด้านคุณภาพน้ำ
หัวข้อ ผลกระทบด้าน
วิธีการแก้ไข
ที่
คุณภาพน้ำ
1.
2.
น้ำเสีย
มาตรการการป้องกันผลกระทบ
วัสดุซ่อมแบบของเหลว สำหรับวัสดุซ่อมแบบของเหลวจะต้อง แบ่งพื้นที่สำหรับงานซ่อมแซม ห้ามใช้วัสดุ
ปนเปื้อนในท่อระบาย ระมัดระวังไม่ให้มีการปนเปื้อนในท่อ ซ่อมนอกพื้นที่ที่จัดเตรียมไว้โดยเด็ดขาด หาก
ระบายน้ำเสียโดยเด็ดขาดเนื่องจากเป็น บรรจุภัณฑ์ฉีกขาด ให้เปลี่ยนบรรจุภัณฑ์ใหม่
สารเคมีอันตราย หากพบว่ามีการปนเปื้อน หรือภาชนะที่สามารถปิดมิดชิดได้ ห้ามนำ
ปริมาณมากในท่อระบายน้ำเสียให้ปิ","137
บริษัท ซิโน-ไทย เอ็นจีเนียริ่ง แอนด์ คอนสตรัคชั่น จํากัด (มหาชน)
STECON
SINO-THAI ENGINEERING & CONSTRUCTION PUBLIC COMPANY LIMITED
Project: SEWERAGE TUNNEL BUNG NONG BON
TO CHAOPHRAYA RIVER
2. มาตรการป้องกันผลกระทบต่อสิ่งแวดล้อมสำหรับวัสดุซ่อมแบบของเหลว ได้แก่
-Sikadur 32TH
-Sikadur 52 TH
-Sikadur 31 CF Normal
-Sikadur 41 CF Normal
-Condur SC
2.1 ด้านคุณภาพน้ำ
หัวข้อ ผลกระทบด้าน
วิธีการแก้ไข
ที่
คุณภาพน้ำ
1.
2.
น้ำเสีย
มาตรการการป้องกันผลกระทบ
วัสดุซ่อมแบบของเหลว สำหรับวัสดุซ่อมแบบของเหลวจะต้อง แบ่งพื้นที่สำหรับงานซ่อมแซม ห้ามใช้วัสดุ
ปนเปื้อนในท่อระบาย ระมัดระวังไม่ให้มีการปนเปื้อนในท่อ ซ่อมนอกพื้นที่ที่จัดเตรียมไว้โดยเด็ดขาด หาก
ระบายน้ำเสียโดยเด็ดขาดเนื่องจากเป็น บรรจุภัณฑ์ฉีกขาด ให้เปลี่ยนบรรจุภัณฑ์ใหม่
สารเคมีอันตราย หากพบว่ามีการปนเปื้อน หรือภาชนะที่สามารถปิดมิดชิดได้ ห้ามนำ
ปริมาณมากในท่อระบายน้ำเสียให้ปิ",extractive-fallback,"[1] Chapter: Preventative Measures And Revise Environment Impact, Page: 137
บริษัท ซิโน-ไทย เอ็นจีเนียริ่ง แอนด์ คอนสตรัคชั่น จํากัด (มหาชน)
STECON
SINO-THAI ENGINEERING & CONSTRUCTION PUBLIC COMPANY LIMITED
Project: SEWERAGE TUNNEL BUNG NONG BON
TO CHAOPHRAYA RIVER
2. มาตรการป้องกันผลกระทบต่อสิ่งแวดล้อมสำหรับวัสดุซ่อมแบบของเหลว ได้แก่
-Sikadur 32TH
-Sikadur 52 TH
-Sikadur 31 CF Normal
-Sikadur 41 CF Normal
-Condur SC
2.1 ด้านคุณภาพน้ำ
หัวข้อ ผลกระทบด้าน
วิธีการแก้ไข
ที่
คุณภาพน้ำ
1.
2.
น้ำเสีย
มาตรการการป้องกันผลกระทบ
วัสดุซ่อมแบบของเหลว สำหรับวัสดุซ่อมแบบของเหลวจะต้อง แบ่งพื้นที่สำหรับงานซ่อมแซม ห้ามใช้วัสดุ
ปนเปื้อนในท่อระบาย ระมัดระวังไม่ให้มีการปนเปื้อนในท่อ ซ่อมนอกพื้นที่ที่จัดเตรียมไว้โดยเด็ดขาด หาก
ระบายน้ำเสียโดยเด็ดขาดเนื่องจากเป็น บรรจุภัณฑ์ฉีกขาด ให้เปลี่ยนบรรจุภัณฑ์ใหม่
สารเคมีอันตราย หากพบว่ามีการปนเปื้อน หรือภาชนะที่สามารถปิดมิดชิดได้ ห้ามนำ
ปริมาณมากในท่อระบายน้ำเสียให้ปิ",Construction-Related,Human Risk,"[1] Chapter: Preventative Measures And Revise Environment Impact, Page: 137
บริษัท ซิโน-ไทย เอ็นจีเนียริ่ง แอนด์ คอนสตรัคชั่น จํากัด (มหาชน)
STECON
SINO-THAI ENGINEERING & CONSTRUCTION PUBLIC COMPANY LIMITED
Project: SEWERAGE TUNNEL BUNG NONG BON
TO CHAOPHRAYA RIVER
2. มาตรการป้องกันผลกระทบต่อสิ่งแวดล้อมสำหรับวัสดุซ่อมแบบของเหลว ได้แก่
-Sikadur 32TH
-Sikadur 52 TH
-Sikadur 31 CF Normal
-Sikadur 41 CF Normal
-Condur SC
2.1 ด้านคุณภาพน้ำ
หัวข้อ ผลกระทบด้าน
วิธีการแก้ไข
ที่
คุณภาพน้ำ
1.
2.
น้ำเสีย
มาตรการการป้องกันผลกระทบ
วัสดุซ่อมแบบของเหลว สำหรับวัสดุซ่อมแบบของเหลวจะต้อง แบ่งพื้นที่สำหรับงานซ่อมแซม ห้ามใช้วัสดุ
ปนเปื้อนในท่อระบาย ระมัดระวังไม่ให้มีการปนเปื้อนในท่อ ซ่อมนอกพื้นที่ที่จัดเตรียมไว้โดยเด็ดขาด หาก
ระบายน้ำเสียโดยเด็ดขาดเนื่องจากเป็น บรรจุภัณฑ์ฉีกขาด ให้เปลี่ยนบรรจุภัณฑ์ใหม่
สารเคมีอันตราย หากพบว่ามีการปนเปื้อน หรือภาชนะที่สามารถปิดมิดชิดได้ ห้ามนำ
ปริมาณมากในท่อระบายน้ำเสียให้ปิ","137
บริษัท ซิโน-ไทย เอ็นจีเนียริ่ง แอนด์ คอนสตรัคชั่น จํากัด (มหาชน)
STECON
SINO-THAI ENGINEERING & CONSTRUCTION PUBLIC COMPANY LIMITED
Project: SEWERAGE TUNNEL BUNG NONG BON
TO CHAOPHRAYA RIVER
2. มาตรการป้องกันผลกระทบต่อสิ่งแวดล้อมสำหรับวัสดุซ่อมแบบของเหลว ได้แก่
-Sikadur 32TH
-Sikadur 52 TH
-Sikadur 31 CF Normal
-Sikadur 41 CF Normal
-Condur SC
2.1 ด้านคุณภาพน้ำ
หัวข้อ ผลกระทบด้าน
วิธีการแก้ไข
ที่
คุณภาพน้ำ
1.
2.
น้ำเสีย
มาตรการการป้องกันผลกระทบ
วัสดุซ่อมแบบของเหลว สำหรับวัสดุซ่อมแบบของเหลวจะต้อง แบ่งพื้นที่สำหรับงานซ่อมแซม ห้ามใช้วัสดุ
ปนเปื้อนในท่อระบาย ระมัดระวังไม่ให้มีการปนเปื้อนในท่อ ซ่อมนอกพื้นที่ที่จัดเตรียมไว้โดยเด็ดขาด หาก
ระบายน้ำเสียโดยเด็ดขาดเนื่องจากเป็น บรรจุภัณฑ์ฉีกขาด ให้เปลี่ยนบรรจุภัณฑ์ใหม่
สารเคมีอันตราย หากพบว่ามีการปนเปื้อน หรือภาชนะที่สามารถปิดมิดชิดได้ ห้ามนำ
ปริมาณมากในท่อระบายน้ำเสียให้ปิ",extractive-fallback,"[1] Chapter: Preventative Measures And Revise Environment Impact, Page: 137
บริษัท ซิโน-ไทย เอ็นจีเนียริ่ง แอนด์ คอนสตรัคชั่น จํากัด (มหาชน)
STECON
SINO-THAI ENGINEERING & CONSTRUCTION PUBLIC COMPANY LIMITED
Project: SEWERAGE TUNNEL BUNG NONG BON
TO CHAOPHRAYA RIVER
2. มาตรการป้องกันผลกระทบต่อสิ่งแวดล้อมสำหรับวัสดุซ่อมแบบของเหลว ได้แก่
-Sikadur 32TH
-Sikadur 52 TH
-Sikadur 31 CF Normal
-Sikadur 41 CF Normal
-Condur SC
2.1 ด้านคุณภาพน้ำ
หัวข้อ ผลกระทบด้าน
วิธีการแก้ไข
ที่
คุณภาพน้ำ
1.
2.
น้ำเสีย
มาตรการการป้องกันผลกระทบ
วัสดุซ่อมแบบของเหลว สำหรับวัสดุซ่อมแบบของเหลวจะต้อง แบ่งพื้นที่สำหรับงานซ่อมแซม ห้ามใช้วัสดุ
ปนเปื้อนในท่อระบาย ระมัดระวังไม่ให้มีการปนเปื้อนในท่อ ซ่อมนอกพื้นที่ที่จัดเตรียมไว้โดยเด็ดขาด หาก
ระบายน้ำเสียโดยเด็ดขาดเนื่องจากเป็น บรรจุภัณฑ์ฉีกขาด ให้เปลี่ยนบรรจุภัณฑ์ใหม่
สารเคมีอันตราย หากพบว่ามีการปนเปื้อน หรือภาชนะที่สามารถปิดมิดชิดได้ ห้ามนำ
ปริมาณมากในท่อระบายน้ำเสียให้ปิ"
 ข้อบกพร่องของชิ้นส่วนอุโมงค์ที่สามารถซ่อมแซมได้ตามเอกสารนี้ ต้องมีลักษณะอย่างไร, ความเสียหายหรือข้อบกพร่องต้องไม่มีผลกระทบต่อโครงสร้างหลักของชิ้นส่วนผนังอุโมงค์ตามที่ออกแบบไว้,2,Construction-Related,Human Risk,"[1] Chapter: Risk Assessment In Repair Working, Page: 122
Mund-Titxt Dades&COSTRICH HELIC LI
Hazard
Item
(อันตราย)
(อันดับ)
อันตรายจากการกลืน
4
สารเคมี
Hazard Event/
Potential
โครงการก่อสร้างอุโมงค์ระบายน้ำจากบึงหนองบอนลงสู่แม่น้ำเจ้าพระยา
ตารางแสดงการประเมินความเสี่ยงที่อาจเกิดขึ้นในการซ่อมแซมชิ้นส่วนอุโมงค์ แสดงไว้ในตารางที่ (1)
ตารางที่ (1) Risk Assessment in Repair Working (การประเมินความเสี่ยงในการซ่อมแซมชิ้นส่วนอุโมงค์)
(เหตุการณ์อันตรายที่อาจเกิดขึ้น)
-เนื้อเยื่อในช่องปากถูกทำลาย
-ระบบทางเดินอาหารไหม้อย่างรุนแรง
Initial Risk Rating
(ระดับความเสียง)
HCR PR RF
4
-
Method of Minimization
(วิธีการลดความเสียง)
4. อบรมวิธีการปฐมพยาบาลผู้ป่วยที่สัมผัสสารเคมีเบื้องต้น
-จัดเตรียมอุปกรณ์ในการปฐมพยาบาล
-ห้ามนําอาหารมารับประทานในพื้นที่ทำงานโดยเด็ดขาด
-ทำความสะอาดร่างกายทุกครั้งที่พักหรือเลิกงาน
-ปฏิบัติตามวิธีปฐมพยาบาลเบื้องต้นอย่างเคร่งครัด
Residual Risk Fator Risk Priority Accept table
(ลำ","122
Mund-Titxt Dades&COSTRICH HELIC LI
Hazard
Item
(อันตราย)
(อันดับ)
อันตรายจากการกลืน
4
สารเคมี
Hazard Event/
Potential
โครงการก่อสร้างอุโมงค์ระบายน้ำจากบึงหนองบอนลงสู่แม่น้ำเจ้าพระยา
ตารางแสดงการประเมินความเสี่ยงที่อาจเกิดขึ้นในการซ่อมแซมชิ้นส่วนอุโมงค์ แสดงไว้ในตารางที่ (1)
ตารางที่ (1) Risk Assessment in Repair Working (การประเมินความเสี่ยงในการซ่อมแซมชิ้นส่วนอุโมงค์)
(เหตุการณ์อันตรายที่อาจเกิดขึ้น)
-เนื้อเยื่อในช่องปากถูกทำลาย
-ระบบทางเดินอาหารไหม้อย่างรุนแรง
Initial Risk Rating
(ระดับความเสียง)
HCR PR RF
4
-
Method of Minimization
(วิธีการลดความเสียง)
4. อบรมวิธีการปฐมพยาบาลผู้ป่วยที่สัมผัสสารเคมีเบื้องต้น
-จัดเตรียมอุปกรณ์ในการปฐมพยาบาล
-ห้ามนําอาหารมารับประทานในพื้นที่ทำงานโดยเด็ดขาด
-ทำความสะอาดร่างกายทุกครั้งที่พักหรือเลิกงาน
-ปฏิบัติตามวิธีปฐมพยาบาลเบื้องต้นอย่างเคร่งครัด
Residual Risk Fator Risk Priority Accept table
(ลำ",extractive-fallback,"[1] Chapter: Risk Assessment In Repair Working, Page: 122
Mund-Titxt Dades&COSTRICH HELIC LI
Hazard
Item
(อันตราย)
(อันดับ)
อันตรายจากการกลืน
4
สารเคมี
Hazard Event/
Potential
โครงการก่อสร้างอุโมงค์ระบายน้ำจากบึงหนองบอนลงสู่แม่น้ำเจ้าพระยา
ตารางแสดงการประเมินความเสี่ยงที่อาจเกิดขึ้นในการซ่อมแซมชิ้นส่วนอุโมงค์ แสดงไว้ในตารางที่ (1)
ตารางที่ (1) Risk Assessment in Repair Working (การประเมินความเสี่ยงในการซ่อมแซมชิ้นส่วนอุโมงค์)
(เหตุการณ์อันตรายที่อาจเกิดขึ้น)
-เนื้อเยื่อในช่องปากถูกทำลาย
-ระบบทางเดินอาหารไหม้อย่างรุนแรง
Initial Risk Rating
(ระดับความเสียง)
HCR PR RF
4
-
Method of Minimization
(วิธีการลดความเสียง)
4. อบรมวิธีการปฐมพยาบาลผู้ป่วยที่สัมผัสสารเคมีเบื้องต้น
-จัดเตรียมอุปกรณ์ในการปฐมพยาบาล
-ห้ามนําอาหารมารับประทานในพื้นที่ทำงานโดยเด็ดขาด
-ทำความสะอาดร่างกายทุกครั้งที่พักหรือเลิกงาน
-ปฏิบัติตามวิธีปฐมพยาบาลเบื้องต้นอย่างเคร่งครัด
Residual Risk Fator Risk Priority Accept table
(ลำ",Construction-Related,Human Risk,"[1] Chapter: Risk Assessment In Repair Working, Page: 122
Mund-Titxt Dades&COSTRICH HELIC LI
Hazard
Item
(อันตราย)
(อันดับ)
อันตรายจากการกลืน
4
สารเคมี
Hazard Event/
Potential
โครงการก่อสร้างอุโมงค์ระบายน้ำจากบึงหนองบอนลงสู่แม่น้ำเจ้าพระยา
ตารางแสดงการประเมินความเสี่ยงที่อาจเกิดขึ้นในการซ่อมแซมชิ้นส่วนอุโมงค์ แสดงไว้ในตารางที่ (1)
ตารางที่ (1) Risk Assessment in Repair Working (การประเมินความเสี่ยงในการซ่อมแซมชิ้นส่วนอุโมงค์)
(เหตุการณ์อันตรายที่อาจเกิดขึ้น)
-เนื้อเยื่อในช่องปากถูกทำลาย
-ระบบทางเดินอาหารไหม้อย่างรุนแรง
Initial Risk Rating
(ระดับความเสียง)
HCR PR RF
4
-
Method of Minimization
(วิธีการลดความเสียง)
4. อบรมวิธีการปฐมพยาบาลผู้ป่วยที่สัมผัสสารเคมีเบื้องต้น
-จัดเตรียมอุปกรณ์ในการปฐมพยาบาล
-ห้ามนําอาหารมารับประทานในพื้นที่ทำงานโดยเด็ดขาด
-ทำความสะอาดร่างกายทุกครั้งที่พักหรือเลิกงาน
-ปฏิบัติตามวิธีปฐมพยาบาลเบื้องต้นอย่างเคร่งครัด
Residual Risk Fator Risk Priority Accept table
(ลำ","122
Mund-Titxt Dades&COSTRICH HELIC LI
Hazard
Item
(อันตราย)
(อันดับ)
อันตรายจากการกลืน
4
สารเคมี
Hazard Event/
Potential
โครงการก่อสร้างอุโมงค์ระบายน้ำจากบึงหนองบอนลงสู่แม่น้ำเจ้าพระยา
ตารางแสดงการประเมินความเสี่ยงที่อาจเกิดขึ้นในการซ่อมแซมชิ้นส่วนอุโมงค์ แสดงไว้ในตารางที่ (1)
ตารางที่ (1) Risk Assessment in Repair Working (การประเมินความเสี่ยงในการซ่อมแซมชิ้นส่วนอุโมงค์)
(เหตุการณ์อันตรายที่อาจเกิดขึ้น)
-เนื้อเยื่อในช่องปากถูกทำลาย
-ระบบทางเดินอาหารไหม้อย่างรุนแรง
Initial Risk Rating
(ระดับความเสียง)
HCR PR RF
4
-
Method of Minimization
(วิธีการลดความเสียง)
4. อบรมวิธีการปฐมพยาบาลผู้ป่วยที่สัมผัสสารเคมีเบื้องต้น
-จัดเตรียมอุปกรณ์ในการปฐมพยาบาล
-ห้ามนําอาหารมารับประทานในพื้นที่ทำงานโดยเด็ดขาด
-ทำความสะอาดร่างกายทุกครั้งที่พักหรือเลิกงาน
-ปฏิบัติตามวิธีปฐมพยาบาลเบื้องต้นอย่างเคร่งครัด
Residual Risk Fator Risk Priority Accept table
(ลำ",extractive-fallback,"[1] Chapter: Risk Assessment In Repair Working, Page: 122
Mund-Titxt Dades&COSTRICH HELIC LI
Hazard
Item
(อันตราย)
(อันดับ)
อันตรายจากการกลืน
4
สารเคมี
Hazard Event/
Potential
โครงการก่อสร้างอุโมงค์ระบายน้ำจากบึงหนองบอนลงสู่แม่น้ำเจ้าพระยา
ตารางแสดงการประเมินความเสี่ยงที่อาจเกิดขึ้นในการซ่อมแซมชิ้นส่วนอุโมงค์ แสดงไว้ในตารางที่ (1)
ตารางที่ (1) Risk Assessment in Repair Working (การประเมินความเสี่ยงในการซ่อมแซมชิ้นส่วนอุโมงค์)
(เหตุการณ์อันตรายที่อาจเกิดขึ้น)
-เนื้อเยื่อในช่องปากถูกทำลาย
-ระบบทางเดินอาหารไหม้อย่างรุนแรง
Initial Risk Rating
(ระดับความเสียง)
HCR PR RF
4
-
Method of Minimization
(วิธีการลดความเสียง)
4. อบรมวิธีการปฐมพยาบาลผู้ป่วยที่สัมผัสสารเคมีเบื้องต้น
-จัดเตรียมอุปกรณ์ในการปฐมพยาบาล
-ห้ามนําอาหารมารับประทานในพื้นที่ทำงานโดยเด็ดขาด
-ทำความสะอาดร่างกายทุกครั้งที่พักหรือเลิกงาน
-ปฏิบัติตามวิธีปฐมพยาบาลเบื้องต้นอย่างเคร่งครัด
Residual Risk Fator Risk Priority Accept table
(ลำ",Construction-Related,Human Risk,"[1] Chapter: Risk Assessment In Repair Working, Page: 122
Mund-Titxt Dades&COSTRICH HELIC LI
Hazard
Item
(อันตราย)
(อันดับ)
อันตรายจากการกลืน
4
สารเคมี
Hazard Event/
Potential
โครงการก่อสร้างอุโมงค์ระบายน้ำจากบึงหนองบอนลงสู่แม่น้ำเจ้าพระยา
ตารางแสดงการประเมินความเสี่ยงที่อาจเกิดขึ้นในการซ่อมแซมชิ้นส่วนอุโมงค์ แสดงไว้ในตารางที่ (1)
ตารางที่ (1) Risk Assessment in Repair Working (การประเมินความเสี่ยงในการซ่อมแซมชิ้นส่วนอุโมงค์)
(เหตุการณ์อันตรายที่อาจเกิดขึ้น)
-เนื้อเยื่อในช่องปากถูกทำลาย
-ระบบทางเดินอาหารไหม้อย่างรุนแรง
Initial Risk Rating
(ระดับความเสียง)
HCR PR RF
4
-
Method of Minimization
(วิธีการลดความเสียง)
4. อบรมวิธีการปฐมพยาบาลผู้ป่วยที่สัมผัสสารเคมีเบื้องต้น
-จัดเตรียมอุปกรณ์ในการปฐมพยาบาล
-ห้ามนําอาหารมารับประทานในพื้นที่ทำงานโดยเด็ดขาด
-ทำความสะอาดร่างกายทุกครั้งที่พักหรือเลิกงาน
-ปฏิบัติตามวิธีปฐมพยาบาลเบื้องต้นอย่างเคร่งครัด
Residual Risk Fator Risk Priority Accept table
(ลำ","122
Mund-Titxt Dades&COSTRICH HELIC LI
Hazard
Item
(อันตราย)
(อันดับ)
อันตรายจากการกลืน
4
สารเคมี
Hazard Event/
Potential
โครงการก่อสร้างอุโมงค์ระบายน้ำจากบึงหนองบอนลงสู่แม่น้ำเจ้าพระยา
ตารางแสดงการประเมินความเสี่ยงที่อาจเกิดขึ้นในการซ่อมแซมชิ้นส่วนอุโมงค์ แสดงไว้ในตารางที่ (1)
ตารางที่ (1) Risk Assessment in Repair Working (การประเมินความเสี่ยงในการซ่อมแซมชิ้นส่วนอุโมงค์)
(เหตุการณ์อันตรายที่อาจเกิดขึ้น)
-เนื้อเยื่อในช่องปากถูกทำลาย
-ระบบทางเดินอาหารไหม้อย่างรุนแรง
Initial Risk Rating
(ระดับความเสียง)
HCR PR RF
4
-
Method of Minimization
(วิธีการลดความเสียง)
4. อบรมวิธีการปฐมพยาบาลผู้ป่วยที่สัมผัสสารเคมีเบื้องต้น
-จัดเตรียมอุปกรณ์ในการปฐมพยาบาล
-ห้ามนําอาหารมารับประทานในพื้นที่ทำงานโดยเด็ดขาด
-ทำความสะอาดร่างกายทุกครั้งที่พักหรือเลิกงาน
-ปฏิบัติตามวิธีปฐมพยาบาลเบื้องต้นอย่างเคร่งครัด
Residual Risk Fator Risk Priority Accept table
(ลำ",extractive-fallback,"[1] Chapter: Risk Assessment In Repair Working, Page: 122
Mund-Titxt Dades&COSTRICH HELIC LI
Hazard
Item
(อันตราย)
(อันดับ)
อันตรายจากการกลืน
4
สารเคมี
Hazard Event/
Potential
โครงการก่อสร้างอุโมงค์ระบายน้ำจากบึงหนองบอนลงสู่แม่น้ำเจ้าพระยา
ตารางแสดงการประเมินความเสี่ยงที่อาจเกิดขึ้นในการซ่อมแซมชิ้นส่วนอุโมงค์ แสดงไว้ในตารางที่ (1)
ตารางที่ (1) Risk Assessment in Repair Working (การประเมินความเสี่ยงในการซ่อมแซมชิ้นส่วนอุโมงค์)
(เหตุการณ์อันตรายที่อาจเกิดขึ้น)
-เนื้อเยื่อในช่องปากถูกทำลาย
-ระบบทางเดินอาหารไหม้อย่างรุนแรง
Initial Risk Rating
(ระดับความเสียง)
HCR PR RF
4
-
Method of Minimization
(วิธีการลดความเสียง)
4. อบรมวิธีการปฐมพยาบาลผู้ป่วยที่สัมผัสสารเคมีเบื้องต้น
-จัดเตรียมอุปกรณ์ในการปฐมพยาบาล
-ห้ามนําอาหารมารับประทานในพื้นที่ทำงานโดยเด็ดขาด
-ทำความสะอาดร่างกายทุกครั้งที่พักหรือเลิกงาน
-ปฏิบัติตามวิธีปฐมพยาบาลเบื้องต้นอย่างเคร่งครัด
Residual Risk Fator Risk Priority Accept table
(ลำ",Construction-Related,Human Risk,"[1] Chapter: Risk Assessment In Repair Working, Page: 122
Mund-Titxt Dades&COSTRICH HELIC LI
Hazard
Item
(อันตราย)
(อันดับ)
อันตรายจากการกลืน
4
สารเคมี
Hazard Event/
Potential
โครงการก่อสร้างอุโมงค์ระบายน้ำจากบึงหนองบอนลงสู่แม่น้ำเจ้าพระยา
ตารางแสดงการประเมินความเสี่ยงที่อาจเกิดขึ้นในการซ่อมแซมชิ้นส่วนอุโมงค์ แสดงไว้ในตารางที่ (1)
ตารางที่ (1) Risk Assessment in Repair Working (การประเมินความเสี่ยงในการซ่อมแซมชิ้นส่วนอุโมงค์)
(เหตุการณ์อันตรายที่อาจเกิดขึ้น)
-เนื้อเยื่อในช่องปากถูกทำลาย
-ระบบทางเดินอาหารไหม้อย่างรุนแรง
Initial Risk Rating
(ระดับความเสียง)
HCR PR RF
4
-
Method of Minimization
(วิธีการลดความเสียง)
4. อบรมวิธีการปฐมพยาบาลผู้ป่วยที่สัมผัสสารเคมีเบื้องต้น
-จัดเตรียมอุปกรณ์ในการปฐมพยาบาล
-ห้ามนําอาหารมารับประทานในพื้นที่ทำงานโดยเด็ดขาด
-ทำความสะอาดร่างกายทุกครั้งที่พักหรือเลิกงาน
-ปฏิบัติตามวิธีปฐมพยาบาลเบื้องต้นอย่างเคร่งครัด
Residual Risk Fator Risk Priority Accept table
(ลำ","122
Mund-Titxt Dades&COSTRICH HELIC LI
Hazard
Item
(อันตราย)
(อันดับ)
อันตรายจากการกลืน
4
สารเคมี
Hazard Event/
Potential
โครงการก่อสร้างอุโมงค์ระบายน้ำจากบึงหนองบอนลงสู่แม่น้ำเจ้าพระยา
ตารางแสดงการประเมินความเสี่ยงที่อาจเกิดขึ้นในการซ่อมแซมชิ้นส่วนอุโมงค์ แสดงไว้ในตารางที่ (1)
ตารางที่ (1) Risk Assessment in Repair Working (การประเมินความเสี่ยงในการซ่อมแซมชิ้นส่วนอุโมงค์)
(เหตุการณ์อันตรายที่อาจเกิดขึ้น)
-เนื้อเยื่อในช่องปากถูกทำลาย
-ระบบทางเดินอาหารไหม้อย่างรุนแรง
Initial Risk Rating
(ระดับความเสียง)
HCR PR RF
4
-
Method of Minimization
(วิธีการลดความเสียง)
4. อบรมวิธีการปฐมพยาบาลผู้ป่วยที่สัมผัสสารเคมีเบื้องต้น
-จัดเตรียมอุปกรณ์ในการปฐมพยาบาล
-ห้ามนําอาหารมารับประทานในพื้นที่ทำงานโดยเด็ดขาด
-ทำความสะอาดร่างกายทุกครั้งที่พักหรือเลิกงาน
-ปฏิบัติตามวิธีปฐมพยาบาลเบื้องต้นอย่างเคร่งครัด
Residual Risk Fator Risk Priority Accept table
(ลำ",extractive-fallback,"[1] Chapter: Risk Assessment In Repair Working, Page: 122
Mund-Titxt Dades&COSTRICH HELIC LI
Hazard
Item
(อันตราย)
(อันดับ)
อันตรายจากการกลืน
4
สารเคมี
Hazard Event/
Potential
โครงการก่อสร้างอุโมงค์ระบายน้ำจากบึงหนองบอนลงสู่แม่น้ำเจ้าพระยา
ตารางแสดงการประเมินความเสี่ยงที่อาจเกิดขึ้นในการซ่อมแซมชิ้นส่วนอุโมงค์ แสดงไว้ในตารางที่ (1)
ตารางที่ (1) Risk Assessment in Repair Working (การประเมินความเสี่ยงในการซ่อมแซมชิ้นส่วนอุโมงค์)
(เหตุการณ์อันตรายที่อาจเกิดขึ้น)
-เนื้อเยื่อในช่องปากถูกทำลาย
-ระบบทางเดินอาหารไหม้อย่างรุนแรง
Initial Risk Rating
(ระดับความเสียง)
HCR PR RF
4
-
Method of Minimization
(วิธีการลดความเสียง)
4. อบรมวิธีการปฐมพยาบาลผู้ป่วยที่สัมผัสสารเคมีเบื้องต้น
-จัดเตรียมอุปกรณ์ในการปฐมพยาบาล
-ห้ามนําอาหารมารับประทานในพื้นที่ทำงานโดยเด็ดขาด
-ทำความสะอาดร่างกายทุกครั้งที่พักหรือเลิกงาน
-ปฏิบัติตามวิธีปฐมพยาบาลเบื้องต้นอย่างเคร่งครัด
Residual Risk Fator Risk Priority Accept table
(ลำ"
 เกณฑ์ความเสียหายจากการผลิตที่ยอมรับได้ โดยไม่ต้องทบทวนกระบวนการผลิตคือเท่าใด, ความเสียหายจากการผลิตต้องไม่เกิน 5% ของจำนวน Rings ที่ผลิตได้,2,Construction-Related,Human Risk,"[1] Chapter: Preventative Measures And Revise Environment Impact, Page: 136
STECON
บริษัท ซิโน-ไทย เอ็นจีเนียริ่ง แอนด์ คอนสตรัคชั่น จํากัด (มหาชน)
SINO-THAI ENGINEERING & CONSTRUCTION PUBLIC COMPANY LIMITED
Project: SEWERAGE TUNNEL BUNG NONG BON
TO CHAOPHRAYA RIVER
1.2 ด้านคุณภาพดิน
หัวข้อ
ผลกระทบด้าน
วิธีการแก้ไข
ที่
คุณภาพดิน
1.
มาตรการการป้องกันผลกระทบ
วัสดุ ซ่อมแบบผง หากวัสดุซ่อมรั่วไหลทำให้เกิดการปนเปื้อน พื้นที่สำหรับงานซ่อมแซมต้องเป็นพื้น
ปนเปื้อนในดิน
หรือสัมผัสกับพื้นดินในปริมาณไม่มากให้ คอนกรีต เพื่อป้องกันไม่ให้วัสดุซ่อมปนเปื้อน
กวาดวัสดุซ่อมใส่ถุงดำแล้วทิ้งในพื้นที่ ในดิน
สำหรับทิ้งสารเคมี หากบรรจุภัณฑ์ฉีกขาด
จนทำให้วัสดุรั่วไหลจำนวนมาก ให้ทำการ
เปลี่ยนบรรจุภัณฑ์หรือภาชนะที่สามารถปิด
ได้มิดชิด แล้วขนย้ายออกจากจุดที่รั่วไหล
จากนั้นให้กวาดวัสดุที่รั่วไหลกองรวมกัน
แล้วใช้ผ้า หรือกระสอบ คลุมกองวัสดุเพื่อ
ป้องกันการฟุ้งกระจาย แล้วจึงทำการตัก
วัสดุซ่อมใส่ถุงดำทิ้งในพื้นที่สำหรับทิ","136
STECON
บริษัท ซิโน-ไทย เอ็นจีเนียริ่ง แอนด์ คอนสตรัคชั่น จํากัด (มหาชน)
SINO-THAI ENGINEERING & CONSTRUCTION PUBLIC COMPANY LIMITED
Project: SEWERAGE TUNNEL BUNG NONG BON
TO CHAOPHRAYA RIVER
1.2 ด้านคุณภาพดิน
หัวข้อ
ผลกระทบด้าน
วิธีการแก้ไข
ที่
คุณภาพดิน
1.
มาตรการการป้องกันผลกระทบ
วัสดุ ซ่อมแบบผง หากวัสดุซ่อมรั่วไหลทำให้เกิดการปนเปื้อน พื้นที่สำหรับงานซ่อมแซมต้องเป็นพื้น
ปนเปื้อนในดิน
หรือสัมผัสกับพื้นดินในปริมาณไม่มากให้ คอนกรีต เพื่อป้องกันไม่ให้วัสดุซ่อมปนเปื้อน
กวาดวัสดุซ่อมใส่ถุงดำแล้วทิ้งในพื้นที่ ในดิน
สำหรับทิ้งสารเคมี หากบรรจุภัณฑ์ฉีกขาด
จนทำให้วัสดุรั่วไหลจำนวนมาก ให้ทำการ
เปลี่ยนบรรจุภัณฑ์หรือภาชนะที่สามารถปิด
ได้มิดชิด แล้วขนย้ายออกจากจุดที่รั่วไหล
จากนั้นให้กวาดวัสดุที่รั่วไหลกองรวมกัน
แล้วใช้ผ้า หรือกระสอบ คลุมกองวัสดุเพื่อ
ป้องกันการฟุ้งกระจาย แล้วจึงทำการตัก
วัสดุซ่อมใส่ถุงดำทิ้งในพื้นที่สำหรับทิ",extractive-fallback,"[1] Chapter: Preventative Measures And Revise Environment Impact, Page: 136
STECON
บริษัท ซิโน-ไทย เอ็นจีเนียริ่ง แอนด์ คอนสตรัคชั่น จํากัด (มหาชน)
SINO-THAI ENGINEERING & CONSTRUCTION PUBLIC COMPANY LIMITED
Project: SEWERAGE TUNNEL BUNG NONG BON
TO CHAOPHRAYA RIVER
1.2 ด้านคุณภาพดิน
หัวข้อ
ผลกระทบด้าน
วิธีการแก้ไข
ที่
คุณภาพดิน
1.
มาตรการการป้องกันผลกระทบ
วัสดุ ซ่อมแบบผง หากวัสดุซ่อมรั่วไหลทำให้เกิดการปนเปื้อน พื้นที่สำหรับงานซ่อมแซมต้องเป็นพื้น
ปนเปื้อนในดิน
หรือสัมผัสกับพื้นดินในปริมาณไม่มากให้ คอนกรีต เพื่อป้องกันไม่ให้วัสดุซ่อมปนเปื้อน
กวาดวัสดุซ่อมใส่ถุงดำแล้วทิ้งในพื้นที่ ในดิน
สำหรับทิ้งสารเคมี หากบรรจุภัณฑ์ฉีกขาด
จนทำให้วัสดุรั่วไหลจำนวนมาก ให้ทำการ
เปลี่ยนบรรจุภัณฑ์หรือภาชนะที่สามารถปิด
ได้มิดชิด แล้วขนย้ายออกจากจุดที่รั่วไหล
จากนั้นให้กวาดวัสดุที่รั่วไหลกองรวมกัน
แล้วใช้ผ้า หรือกระสอบ คลุมกองวัสดุเพื่อ
ป้องกันการฟุ้งกระจาย แล้วจึงทำการตัก
วัสดุซ่อมใส่ถุงดำทิ้งในพื้นที่สำหรับทิ",Construction-Related,Human Risk,"[1] Chapter: Preventative Measures And Revise Environment Impact, Page: 136
STECON
บริษัท ซิโน-ไทย เอ็นจีเนียริ่ง แอนด์ คอนสตรัคชั่น จํากัด (มหาชน)
SINO-THAI ENGINEERING & CONSTRUCTION PUBLIC COMPANY LIMITED
Project: SEWERAGE TUNNEL BUNG NONG BON
TO CHAOPHRAYA RIVER
1.2 ด้านคุณภาพดิน
หัวข้อ
ผลกระทบด้าน
วิธีการแก้ไข
ที่
คุณภาพดิน
1.
มาตรการการป้องกันผลกระทบ
วัสดุ ซ่อมแบบผง หากวัสดุซ่อมรั่วไหลทำให้เกิดการปนเปื้อน พื้นที่สำหรับงานซ่อมแซมต้องเป็นพื้น
ปนเปื้อนในดิน
หรือสัมผัสกับพื้นดินในปริมาณไม่มากให้ คอนกรีต เพื่อป้องกันไม่ให้วัสดุซ่อมปนเปื้อน
กวาดวัสดุซ่อมใส่ถุงดำแล้วทิ้งในพื้นที่ ในดิน
สำหรับทิ้งสารเคมี หากบรรจุภัณฑ์ฉีกขาด
จนทำให้วัสดุรั่วไหลจำนวนมาก ให้ทำการ
เปลี่ยนบรรจุภัณฑ์หรือภาชนะที่สามารถปิด
ได้มิดชิด แล้วขนย้ายออกจากจุดที่รั่วไหล
จากนั้นให้กวาดวัสดุที่รั่วไหลกองรวมกัน
แล้วใช้ผ้า หรือกระสอบ คลุมกองวัสดุเพื่อ
ป้องกันการฟุ้งกระจาย แล้วจึงทำการตัก
วัสดุซ่อมใส่ถุงดำทิ้งในพื้นที่สำหรับทิ","136
STECON
บริษัท ซิโน-ไทย เอ็นจีเนียริ่ง แอนด์ คอนสตรัคชั่น จํากัด (มหาชน)
SINO-THAI ENGINEERING & CONSTRUCTION PUBLIC COMPANY LIMITED
Project: SEWERAGE TUNNEL BUNG NONG BON
TO CHAOPHRAYA RIVER
1.2 ด้านคุณภาพดิน
หัวข้อ
ผลกระทบด้าน
วิธีการแก้ไข
ที่
คุณภาพดิน
1.
มาตรการการป้องกันผลกระทบ
วัสดุ ซ่อมแบบผง หากวัสดุซ่อมรั่วไหลทำให้เกิดการปนเปื้อน พื้นที่สำหรับงานซ่อมแซมต้องเป็นพื้น
ปนเปื้อนในดิน
หรือสัมผัสกับพื้นดินในปริมาณไม่มากให้ คอนกรีต เพื่อป้องกันไม่ให้วัสดุซ่อมปนเปื้อน
กวาดวัสดุซ่อมใส่ถุงดำแล้วทิ้งในพื้นที่ ในดิน
สำหรับทิ้งสารเคมี หากบรรจุภัณฑ์ฉีกขาด
จนทำให้วัสดุรั่วไหลจำนวนมาก ให้ทำการ
เปลี่ยนบรรจุภัณฑ์หรือภาชนะที่สามารถปิด
ได้มิดชิด แล้วขนย้ายออกจากจุดที่รั่วไหล
จากนั้นให้กวาดวัสดุที่รั่วไหลกองรวมกัน
แล้วใช้ผ้า หรือกระสอบ คลุมกองวัสดุเพื่อ
ป้องกันการฟุ้งกระจาย แล้วจึงทำการตัก
วัสดุซ่อมใส่ถุงดำทิ้งในพื้นที่สำหรับทิ",extractive-fallback,"[1] Chapter: Preventative Measures And Revise Environment Impact, Page: 136
STECON
บริษัท ซิโน-ไทย เอ็นจีเนียริ่ง แอนด์ คอนสตรัคชั่น จํากัด (มหาชน)
SINO-THAI ENGINEERING & CONSTRUCTION PUBLIC COMPANY LIMITED
Project: SEWERAGE TUNNEL BUNG NONG BON
TO CHAOPHRAYA RIVER
1.2 ด้านคุณภาพดิน
หัวข้อ
ผลกระทบด้าน
วิธีการแก้ไข
ที่
คุณภาพดิน
1.
มาตรการการป้องกันผลกระทบ
วัสดุ ซ่อมแบบผง หากวัสดุซ่อมรั่วไหลทำให้เกิดการปนเปื้อน พื้นที่สำหรับงานซ่อมแซมต้องเป็นพื้น
ปนเปื้อนในดิน
หรือสัมผัสกับพื้นดินในปริมาณไม่มากให้ คอนกรีต เพื่อป้องกันไม่ให้วัสดุซ่อมปนเปื้อน
กวาดวัสดุซ่อมใส่ถุงดำแล้วทิ้งในพื้นที่ ในดิน
สำหรับทิ้งสารเคมี หากบรรจุภัณฑ์ฉีกขาด
จนทำให้วัสดุรั่วไหลจำนวนมาก ให้ทำการ
เปลี่ยนบรรจุภัณฑ์หรือภาชนะที่สามารถปิด
ได้มิดชิด แล้วขนย้ายออกจากจุดที่รั่วไหล
จากนั้นให้กวาดวัสดุที่รั่วไหลกองรวมกัน
แล้วใช้ผ้า หรือกระสอบ คลุมกองวัสดุเพื่อ
ป้องกันการฟุ้งกระจาย แล้วจึงทำการตัก
วัสดุซ่อมใส่ถุงดำทิ้งในพื้นที่สำหรับทิ",Construction-Related,Human Risk,"[1] Chapter: Preventative Measures And Revise Environment Impact, Page: 136
STECON
บริษัท ซิโน-ไทย เอ็นจีเนียริ่ง แอนด์ คอนสตรัคชั่น จํากัด (มหาชน)
SINO-THAI ENGINEERING & CONSTRUCTION PUBLIC COMPANY LIMITED
Project: SEWERAGE TUNNEL BUNG NONG BON
TO CHAOPHRAYA RIVER
1.2 ด้านคุณภาพดิน
หัวข้อ
ผลกระทบด้าน
วิธีการแก้ไข
ที่
คุณภาพดิน
1.
มาตรการการป้องกันผลกระทบ
วัสดุ ซ่อมแบบผง หากวัสดุซ่อมรั่วไหลทำให้เกิดการปนเปื้อน พื้นที่สำหรับงานซ่อมแซมต้องเป็นพื้น
ปนเปื้อนในดิน
หรือสัมผัสกับพื้นดินในปริมาณไม่มากให้ คอนกรีต เพื่อป้องกันไม่ให้วัสดุซ่อมปนเปื้อน
กวาดวัสดุซ่อมใส่ถุงดำแล้วทิ้งในพื้นที่ ในดิน
สำหรับทิ้งสารเคมี หากบรรจุภัณฑ์ฉีกขาด
จนทำให้วัสดุรั่วไหลจำนวนมาก ให้ทำการ
เปลี่ยนบรรจุภัณฑ์หรือภาชนะที่สามารถปิด
ได้มิดชิด แล้วขนย้ายออกจากจุดที่รั่วไหล
จากนั้นให้กวาดวัสดุที่รั่วไหลกองรวมกัน
แล้วใช้ผ้า หรือกระสอบ คลุมกองวัสดุเพื่อ
ป้องกันการฟุ้งกระจาย แล้วจึงทำการตัก
วัสดุซ่อมใส่ถุงดำทิ้งในพื้นที่สำหรับทิ","136
STECON
บริษัท ซิโน-ไทย เอ็นจีเนียริ่ง แอนด์ คอนสตรัคชั่น จํากัด (มหาชน)
SINO-THAI ENGINEERING & CONSTRUCTION PUBLIC COMPANY LIMITED
Project: SEWERAGE TUNNEL BUNG NONG BON
TO CHAOPHRAYA RIVER
1.2 ด้านคุณภาพดิน
หัวข้อ
ผลกระทบด้าน
วิธีการแก้ไข
ที่
คุณภาพดิน
1.
มาตรการการป้องกันผลกระทบ
วัสดุ ซ่อมแบบผง หากวัสดุซ่อมรั่วไหลทำให้เกิดการปนเปื้อน พื้นที่สำหรับงานซ่อมแซมต้องเป็นพื้น
ปนเปื้อนในดิน
หรือสัมผัสกับพื้นดินในปริมาณไม่มากให้ คอนกรีต เพื่อป้องกันไม่ให้วัสดุซ่อมปนเปื้อน
กวาดวัสดุซ่อมใส่ถุงดำแล้วทิ้งในพื้นที่ ในดิน
สำหรับทิ้งสารเคมี หากบรรจุภัณฑ์ฉีกขาด
จนทำให้วัสดุรั่วไหลจำนวนมาก ให้ทำการ
เปลี่ยนบรรจุภัณฑ์หรือภาชนะที่สามารถปิด
ได้มิดชิด แล้วขนย้ายออกจากจุดที่รั่วไหล
จากนั้นให้กวาดวัสดุที่รั่วไหลกองรวมกัน
แล้วใช้ผ้า หรือกระสอบ คลุมกองวัสดุเพื่อ
ป้องกันการฟุ้งกระจาย แล้วจึงทำการตัก
วัสดุซ่อมใส่ถุงดำทิ้งในพื้นที่สำหรับทิ",extractive-fallback,"[1] Chapter: Preventative Measures And Revise Environment Impact, Page: 136
STECON
บริษัท ซิโน-ไทย เอ็นจีเนียริ่ง แอนด์ คอนสตรัคชั่น จํากัด (มหาชน)
SINO-THAI ENGINEERING & CONSTRUCTION PUBLIC COMPANY LIMITED
Project: SEWERAGE TUNNEL BUNG NONG BON
TO CHAOPHRAYA RIVER
1.2 ด้านคุณภาพดิน
หัวข้อ
ผลกระทบด้าน
วิธีการแก้ไข
ที่
คุณภาพดิน
1.
มาตรการการป้องกันผลกระทบ
วัสดุ ซ่อมแบบผง หากวัสดุซ่อมรั่วไหลทำให้เกิดการปนเปื้อน พื้นที่สำหรับงานซ่อมแซมต้องเป็นพื้น
ปนเปื้อนในดิน
หรือสัมผัสกับพื้นดินในปริมาณไม่มากให้ คอนกรีต เพื่อป้องกันไม่ให้วัสดุซ่อมปนเปื้อน
กวาดวัสดุซ่อมใส่ถุงดำแล้วทิ้งในพื้นที่ ในดิน
สำหรับทิ้งสารเคมี หากบรรจุภัณฑ์ฉีกขาด
จนทำให้วัสดุรั่วไหลจำนวนมาก ให้ทำการ
เปลี่ยนบรรจุภัณฑ์หรือภาชนะที่สามารถปิด
ได้มิดชิด แล้วขนย้ายออกจากจุดที่รั่วไหล
จากนั้นให้กวาดวัสดุที่รั่วไหลกองรวมกัน
แล้วใช้ผ้า หรือกระสอบ คลุมกองวัสดุเพื่อ
ป้องกันการฟุ้งกระจาย แล้วจึงทำการตัก
วัสดุซ่อมใส่ถุงดำทิ้งในพื้นที่สำหรับทิ",Construction-Related,Human Risk,"[1] Chapter: Preventative Measures And Revise Environment Impact, Page: 136
STECON
บริษัท ซิโน-ไทย เอ็นจีเนียริ่ง แอนด์ คอนสตรัคชั่น จํากัด (มหาชน)
SINO-THAI ENGINEERING & CONSTRUCTION PUBLIC COMPANY LIMITED
Project: SEWERAGE TUNNEL BUNG NONG BON
TO CHAOPHRAYA RIVER
1.2 ด้านคุณภาพดิน
หัวข้อ
ผลกระทบด้าน
วิธีการแก้ไข
ที่
คุณภาพดิน
1.
มาตรการการป้องกันผลกระทบ
วัสดุ ซ่อมแบบผง หากวัสดุซ่อมรั่วไหลทำให้เกิดการปนเปื้อน พื้นที่สำหรับงานซ่อมแซมต้องเป็นพื้น
ปนเปื้อนในดิน
หรือสัมผัสกับพื้นดินในปริมาณไม่มากให้ คอนกรีต เพื่อป้องกันไม่ให้วัสดุซ่อมปนเปื้อน
กวาดวัสดุซ่อมใส่ถุงดำแล้วทิ้งในพื้นที่ ในดิน
สำหรับทิ้งสารเคมี หากบรรจุภัณฑ์ฉีกขาด
จนทำให้วัสดุรั่วไหลจำนวนมาก ให้ทำการ
เปลี่ยนบรรจุภัณฑ์หรือภาชนะที่สามารถปิด
ได้มิดชิด แล้วขนย้ายออกจากจุดที่รั่วไหล
จากนั้นให้กวาดวัสดุที่รั่วไหลกองรวมกัน
แล้วใช้ผ้า หรือกระสอบ คลุมกองวัสดุเพื่อ
ป้องกันการฟุ้งกระจาย แล้วจึงทำการตัก
วัสดุซ่อมใส่ถุงดำทิ้งในพื้นที่สำหรับทิ","136
STECON
บริษัท ซิโน-ไทย เอ็นจีเนียริ่ง แอนด์ คอนสตรัคชั่น จํากัด (มหาชน)
SINO-THAI ENGINEERING & CONSTRUCTION PUBLIC COMPANY LIMITED
Project: SEWERAGE TUNNEL BUNG NONG BON
TO CHAOPHRAYA RIVER
1.2 ด้านคุณภาพดิน
หัวข้อ
ผลกระทบด้าน
วิธีการแก้ไข
ที่
คุณภาพดิน
1.
มาตรการการป้องกันผลกระทบ
วัสดุ ซ่อมแบบผง หากวัสดุซ่อมรั่วไหลทำให้เกิดการปนเปื้อน พื้นที่สำหรับงานซ่อมแซมต้องเป็นพื้น
ปนเปื้อนในดิน
หรือสัมผัสกับพื้นดินในปริมาณไม่มากให้ คอนกรีต เพื่อป้องกันไม่ให้วัสดุซ่อมปนเปื้อน
กวาดวัสดุซ่อมใส่ถุงดำแล้วทิ้งในพื้นที่ ในดิน
สำหรับทิ้งสารเคมี หากบรรจุภัณฑ์ฉีกขาด
จนทำให้วัสดุรั่วไหลจำนวนมาก ให้ทำการ
เปลี่ยนบรรจุภัณฑ์หรือภาชนะที่สามารถปิด
ได้มิดชิด แล้วขนย้ายออกจากจุดที่รั่วไหล
จากนั้นให้กวาดวัสดุที่รั่วไหลกองรวมกัน
แล้วใช้ผ้า หรือกระสอบ คลุมกองวัสดุเพื่อ
ป้องกันการฟุ้งกระจาย แล้วจึงทำการตัก
วัสดุซ่อมใส่ถุงดำทิ้งในพื้นที่สำหรับทิ",extractive-fallback,"[1] Chapter: Preventative Measures And Revise Environment Impact, Page: 136
STECON
บริษัท ซิโน-ไทย เอ็นจีเนียริ่ง แอนด์ คอนสตรัคชั่น จํากัด (มหาชน)
SINO-THAI ENGINEERING & CONSTRUCTION PUBLIC COMPANY LIMITED
Project: SEWERAGE TUNNEL BUNG NONG BON
TO CHAOPHRAYA RIVER
1.2 ด้านคุณภาพดิน
หัวข้อ
ผลกระทบด้าน
วิธีการแก้ไข
ที่
คุณภาพดิน
1.
มาตรการการป้องกันผลกระทบ
วัสดุ ซ่อมแบบผง หากวัสดุซ่อมรั่วไหลทำให้เกิดการปนเปื้อน พื้นที่สำหรับงานซ่อมแซมต้องเป็นพื้น
ปนเปื้อนในดิน
หรือสัมผัสกับพื้นดินในปริมาณไม่มากให้ คอนกรีต เพื่อป้องกันไม่ให้วัสดุซ่อมปนเปื้อน
กวาดวัสดุซ่อมใส่ถุงดำแล้วทิ้งในพื้นที่ ในดิน
สำหรับทิ้งสารเคมี หากบรรจุภัณฑ์ฉีกขาด
จนทำให้วัสดุรั่วไหลจำนวนมาก ให้ทำการ
เปลี่ยนบรรจุภัณฑ์หรือภาชนะที่สามารถปิด
ได้มิดชิด แล้วขนย้ายออกจากจุดที่รั่วไหล
จากนั้นให้กวาดวัสดุที่รั่วไหลกองรวมกัน
แล้วใช้ผ้า หรือกระสอบ คลุมกองวัสดุเพื่อ
ป้องกันการฟุ้งกระจาย แล้วจึงทำการตัก
วัสดุซ่อมใส่ถุงดำทิ้งในพื้นที่สำหรับทิ"
 เกณฑ์ความเสียหายจากการขนส่งและการขนย้ายที่ยอมรับได้ คือเท่าใด, ความเสียหายจากการขนส่งและการขนย้ายต้องไม่เกิน 2% ของจำนวน Rings ของการขนส่ง,2,Construction-Related,Material,"[1] Chapter: Material Approval Document from the Project Office, Page: 145
車
ที่ อนบ. ๑๕/๒๕๖๐
สํานักงานโครงการ
๓๒๓ ถนนมิตรไมตรี เขตดินแดง กทม. ๑๐๔๐๐
* 1. กราม ๒๕๖๐
เรื่อง พิจารณาเอกสารขออนุมัติใช้วัสดุแต่งผิวคอนกรีต Renderec Slim Coat ของบริษัท ฟอสร็อค (ประเทศไทย) จำกัด
เพื่อใช้งานที่โรงงานผลิตชิ้นส่วนสำเร็จรูป
เรียน ผู้แทนกิจการร่วมค้า เอสที - เอสจี
อ้างถึง ๑.
สัญญาเลขที่ สนม. ๑๘๔/๒๕๕๘ ลงวันที่ ๓๐ กันยายน ๒๕๕๘
๒. หนังสือกิจการร่วมค้า เอสที - เอสจี ที่ NB, ๒๕๕๙/๒๓๖ ลงวันที่ ๒๘ ตุลาคม ๒๕๕๙
สิ่งที่ส่งมาด้วย สำเนาหนังสือกลุ่มบริษัทที่ปรึกษาฯ ที่ สนน.๓๐/๒๕๕๙/๐๑๗๘๐/BMA๕๔๒๑๗
ลงวันที่ ๑๐ พฤศจิกายน ๒๕๕๙
ตามหนังสือที่อ้างถึง ๑ กรุงเทพมหานคร โดยสำนักการระบายน้ำได้จ้างเหมากิจการร่วมค้า
เอสที - เอสจี เป็นผู้ดำเนินการโครงการก่อสร้างอุโมงค์ระบายน้ำจากบึงหนองบอนลงสู่แม่น้ำเจ้าพระยาและตามหนังสือ
ที่อ้างถึง ๒ กิจการร่วมค้าฯ ขออนุมัติใช้วัสดุแต่งผิวคอนกรีต Renderoc Slim Coat ของบริษัท ฟอสร็อค (ประเทศไทย)","145
車
ที่ อนบ. ๑๕/๒๕๖๐
สํานักงานโครงการ
๓๒๓ ถนนมิตรไมตรี เขตดินแดง กทม. ๑๐๔๐๐
* 1. กราม ๒๕๖๐
เรื่อง พิจารณาเอกสารขออนุมัติใช้วัสดุแต่งผิวคอนกรีต Renderec Slim Coat ของบริษัท ฟอสร็อค (ประเทศไทย) จำกัด
เพื่อใช้งานที่โรงงานผลิตชิ้นส่วนสำเร็จรูป
เรียน ผู้แทนกิจการร่วมค้า เอสที - เอสจี
อ้างถึง ๑.
สัญญาเลขที่ สนม. ๑๘๔/๒๕๕๘ ลงวันที่ ๓๐ กันยายน ๒๕๕๘
๒. หนังสือกิจการร่วมค้า เอสที - เอสจี ที่ NB, ๒๕๕๙/๒๓๖ ลงวันที่ ๒๘ ตุลาคม ๒๕๕๙
สิ่งที่ส่งมาด้วย สำเนาหนังสือกลุ่มบริษัทที่ปรึกษาฯ ที่ สนน.๓๐/๒๕๕๙/๐๑๗๘๐/BMA๕๔๒๑๗
ลงวันที่ ๑๐ พฤศจิกายน ๒๕๕๙
ตามหนังสือที่อ้างถึง ๑ กรุงเทพมหานคร โดยสำนักการระบายน้ำได้จ้างเหมากิจการร่วมค้า
เอสที - เอสจี เป็นผู้ดำเนินการโครงการก่อสร้างอุโมงค์ระบายน้ำจากบึงหนองบอนลงสู่แม่น้ำเจ้าพระยาและตามหนังสือ
ที่อ้างถึง ๒ กิจการร่วมค้าฯ ขออนุมัติใช้วัสดุแต่งผิวคอนกรีต Renderoc Slim Coat ของบริษัท ฟอสร็อค (ประเทศไทย)",extractive-fallback,"[1] Chapter: Material Approval Document from the Project Office, Page: 145
車
ที่ อนบ. ๑๕/๒๕๖๐
สํานักงานโครงการ
๓๒๓ ถนนมิตรไมตรี เขตดินแดง กทม. ๑๐๔๐๐
* 1. กราม ๒๕๖๐
เรื่อง พิจารณาเอกสารขออนุมัติใช้วัสดุแต่งผิวคอนกรีต Renderec Slim Coat ของบริษัท ฟอสร็อค (ประเทศไทย) จำกัด
เพื่อใช้งานที่โรงงานผลิตชิ้นส่วนสำเร็จรูป
เรียน ผู้แทนกิจการร่วมค้า เอสที - เอสจี
อ้างถึง ๑.
สัญญาเลขที่ สนม. ๑๘๔/๒๕๕๘ ลงวันที่ ๓๐ กันยายน ๒๕๕๘
๒. หนังสือกิจการร่วมค้า เอสที - เอสจี ที่ NB, ๒๕๕๙/๒๓๖ ลงวันที่ ๒๘ ตุลาคม ๒๕๕๙
สิ่งที่ส่งมาด้วย สำเนาหนังสือกลุ่มบริษัทที่ปรึกษาฯ ที่ สนน.๓๐/๒๕๕๙/๐๑๗๘๐/BMA๕๔๒๑๗
ลงวันที่ ๑๐ พฤศจิกายน ๒๕๕๙
ตามหนังสือที่อ้างถึง ๑ กรุงเทพมหานคร โดยสำนักการระบายน้ำได้จ้างเหมากิจการร่วมค้า
เอสที - เอสจี เป็นผู้ดำเนินการโครงการก่อสร้างอุโมงค์ระบายน้ำจากบึงหนองบอนลงสู่แม่น้ำเจ้าพระยาและตามหนังสือ
ที่อ้างถึง ๒ กิจการร่วมค้าฯ ขออนุมัติใช้วัสดุแต่งผิวคอนกรีต Renderoc Slim Coat ของบริษัท ฟอสร็อค (ประเทศไทย)",Construction-Related,Material,"[1] Chapter: Material Approval Document from the Project Office, Page: 145
車
ที่ อนบ. ๑๕/๒๕๖๐
สํานักงานโครงการ
๓๒๓ ถนนมิตรไมตรี เขตดินแดง กทม. ๑๐๔๐๐
* 1. กราม ๒๕๖๐
เรื่อง พิจารณาเอกสารขออนุมัติใช้วัสดุแต่งผิวคอนกรีต Renderec Slim Coat ของบริษัท ฟอสร็อค (ประเทศไทย) จำกัด
เพื่อใช้งานที่โรงงานผลิตชิ้นส่วนสำเร็จรูป
เรียน ผู้แทนกิจการร่วมค้า เอสที - เอสจี
อ้างถึง ๑.
สัญญาเลขที่ สนม. ๑๘๔/๒๕๕๘ ลงวันที่ ๓๐ กันยายน ๒๕๕๘
๒. หนังสือกิจการร่วมค้า เอสที - เอสจี ที่ NB, ๒๕๕๙/๒๓๖ ลงวันที่ ๒๘ ตุลาคม ๒๕๕๙
สิ่งที่ส่งมาด้วย สำเนาหนังสือกลุ่มบริษัทที่ปรึกษาฯ ที่ สนน.๓๐/๒๕๕๙/๐๑๗๘๐/BMA๕๔๒๑๗
ลงวันที่ ๑๐ พฤศจิกายน ๒๕๕๙
ตามหนังสือที่อ้างถึง ๑ กรุงเทพมหานคร โดยสำนักการระบายน้ำได้จ้างเหมากิจการร่วมค้า
เอสที - เอสจี เป็นผู้ดำเนินการโครงการก่อสร้างอุโมงค์ระบายน้ำจากบึงหนองบอนลงสู่แม่น้ำเจ้าพระยาและตามหนังสือ
ที่อ้างถึง ๒ กิจการร่วมค้าฯ ขออนุมัติใช้วัสดุแต่งผิวคอนกรีต Renderoc Slim Coat ของบริษัท ฟอสร็อค (ประเทศไทย)","145
車
ที่ อนบ. ๑๕/๒๕๖๐
สํานักงานโครงการ
๓๒๓ ถนนมิตรไมตรี เขตดินแดง กทม. ๑๐๔๐๐
* 1. กราม ๒๕๖๐
เรื่อง พิจารณาเอกสารขออนุมัติใช้วัสดุแต่งผิวคอนกรีต Renderec Slim Coat ของบริษัท ฟอสร็อค (ประเทศไทย) จำกัด
เพื่อใช้งานที่โรงงานผลิตชิ้นส่วนสำเร็จรูป
เรียน ผู้แทนกิจการร่วมค้า เอสที - เอสจี
อ้างถึง ๑.
สัญญาเลขที่ สนม. ๑๘๔/๒๕๕๘ ลงวันที่ ๓๐ กันยายน ๒๕๕๘
๒. หนังสือกิจการร่วมค้า เอสที - เอสจี ที่ NB, ๒๕๕๙/๒๓๖ ลงวันที่ ๒๘ ตุลาคม ๒๕๕๙
สิ่งที่ส่งมาด้วย สำเนาหนังสือกลุ่มบริษัทที่ปรึกษาฯ ที่ สนน.๓๐/๒๕๕๙/๐๑๗๘๐/BMA๕๔๒๑๗
ลงวันที่ ๑๐ พฤศจิกายน ๒๕๕๙
ตามหนังสือที่อ้างถึง ๑ กรุงเทพมหานคร โดยสำนักการระบายน้ำได้จ้างเหมากิจการร่วมค้า
เอสที - เอสจี เป็นผู้ดำเนินการโครงการก่อสร้างอุโมงค์ระบายน้ำจากบึงหนองบอนลงสู่แม่น้ำเจ้าพระยาและตามหนังสือ
ที่อ้างถึง ๒ กิจการร่วมค้าฯ ขออนุมัติใช้วัสดุแต่งผิวคอนกรีต Renderoc Slim Coat ของบริษัท ฟอสร็อค (ประเทศไทย)",extractive-fallback,"[1] Chapter: Material Approval Document from the Project Office, Page: 145
車
ที่ อนบ. ๑๕/๒๕๖๐
สํานักงานโครงการ
๓๒๓ ถนนมิตรไมตรี เขตดินแดง กทม. ๑๐๔๐๐
* 1. กราม ๒๕๖๐
เรื่อง พิจารณาเอกสารขออนุมัติใช้วัสดุแต่งผิวคอนกรีต Renderec Slim Coat ของบริษัท ฟอสร็อค (ประเทศไทย) จำกัด
เพื่อใช้งานที่โรงงานผลิตชิ้นส่วนสำเร็จรูป
เรียน ผู้แทนกิจการร่วมค้า เอสที - เอสจี
อ้างถึง ๑.
สัญญาเลขที่ สนม. ๑๘๔/๒๕๕๘ ลงวันที่ ๓๐ กันยายน ๒๕๕๘
๒. หนังสือกิจการร่วมค้า เอสที - เอสจี ที่ NB, ๒๕๕๙/๒๓๖ ลงวันที่ ๒๘ ตุลาคม ๒๕๕๙
สิ่งที่ส่งมาด้วย สำเนาหนังสือกลุ่มบริษัทที่ปรึกษาฯ ที่ สนน.๓๐/๒๕๕๙/๐๑๗๘๐/BMA๕๔๒๑๗
ลงวันที่ ๑๐ พฤศจิกายน ๒๕๕๙
ตามหนังสือที่อ้างถึง ๑ กรุงเทพมหานคร โดยสำนักการระบายน้ำได้จ้างเหมากิจการร่วมค้า
เอสที - เอสจี เป็นผู้ดำเนินการโครงการก่อสร้างอุโมงค์ระบายน้ำจากบึงหนองบอนลงสู่แม่น้ำเจ้าพระยาและตามหนังสือ
ที่อ้างถึง ๒ กิจการร่วมค้าฯ ขออนุมัติใช้วัสดุแต่งผิวคอนกรีต Renderoc Slim Coat ของบริษัท ฟอสร็อค (ประเทศไทย)",Construction-Related,Material,"[1] Chapter: Material Approval Document from the Project Office, Page: 145
車
ที่ อนบ. ๑๕/๒๕๖๐
สํานักงานโครงการ
๓๒๓ ถนนมิตรไมตรี เขตดินแดง กทม. ๑๐๔๐๐
* 1. กราม ๒๕๖๐
เรื่อง พิจารณาเอกสารขออนุมัติใช้วัสดุแต่งผิวคอนกรีต Renderec Slim Coat ของบริษัท ฟอสร็อค (ประเทศไทย) จำกัด
เพื่อใช้งานที่โรงงานผลิตชิ้นส่วนสำเร็จรูป
เรียน ผู้แทนกิจการร่วมค้า เอสที - เอสจี
อ้างถึง ๑.
สัญญาเลขที่ สนม. ๑๘๔/๒๕๕๘ ลงวันที่ ๓๐ กันยายน ๒๕๕๘
๒. หนังสือกิจการร่วมค้า เอสที - เอสจี ที่ NB, ๒๕๕๙/๒๓๖ ลงวันที่ ๒๘ ตุลาคม ๒๕๕๙
สิ่งที่ส่งมาด้วย สำเนาหนังสือกลุ่มบริษัทที่ปรึกษาฯ ที่ สนน.๓๐/๒๕๕๙/๐๑๗๘๐/BMA๕๔๒๑๗
ลงวันที่ ๑๐ พฤศจิกายน ๒๕๕๙
ตามหนังสือที่อ้างถึง ๑ กรุงเทพมหานคร โดยสำนักการระบายน้ำได้จ้างเหมากิจการร่วมค้า
เอสที - เอสจี เป็นผู้ดำเนินการโครงการก่อสร้างอุโมงค์ระบายน้ำจากบึงหนองบอนลงสู่แม่น้ำเจ้าพระยาและตามหนังสือ
ที่อ้างถึง ๒ กิจการร่วมค้าฯ ขออนุมัติใช้วัสดุแต่งผิวคอนกรีต Renderoc Slim Coat ของบริษัท ฟอสร็อค (ประเทศไทย)","145
車
ที่ อนบ. ๑๕/๒๕๖๐
สํานักงานโครงการ
๓๒๓ ถนนมิตรไมตรี เขตดินแดง กทม. ๑๐๔๐๐
* 1. กราม ๒๕๖๐
เรื่อง พิจารณาเอกสารขออนุมัติใช้วัสดุแต่งผิวคอนกรีต Renderec Slim Coat ของบริษัท ฟอสร็อค (ประเทศไทย) จำกัด
เพื่อใช้งานที่โรงงานผลิตชิ้นส่วนสำเร็จรูป
เรียน ผู้แทนกิจการร่วมค้า เอสที - เอสจี
อ้างถึง ๑.
สัญญาเลขที่ สนม. ๑๘๔/๒๕๕๘ ลงวันที่ ๓๐ กันยายน ๒๕๕๘
๒. หนังสือกิจการร่วมค้า เอสที - เอสจี ที่ NB, ๒๕๕๙/๒๓๖ ลงวันที่ ๒๘ ตุลาคม ๒๕๕๙
สิ่งที่ส่งมาด้วย สำเนาหนังสือกลุ่มบริษัทที่ปรึกษาฯ ที่ สนน.๓๐/๒๕๕๙/๐๑๗๘๐/BMA๕๔๒๑๗
ลงวันที่ ๑๐ พฤศจิกายน ๒๕๕๙
ตามหนังสือที่อ้างถึง ๑ กรุงเทพมหานคร โดยสำนักการระบายน้ำได้จ้างเหมากิจการร่วมค้า
เอสที - เอสจี เป็นผู้ดำเนินการโครงการก่อสร้างอุโมงค์ระบายน้ำจากบึงหนองบอนลงสู่แม่น้ำเจ้าพระยาและตามหนังสือ
ที่อ้างถึง ๒ กิจการร่วมค้าฯ ขออนุมัติใช้วัสดุแต่งผิวคอนกรีต Renderoc Slim Coat ของบริษัท ฟอสร็อค (ประเทศไทย)",extractive-fallback,"[1] Chapter: Material Approval Document from the Project Office, Page: 145
車
ที่ อนบ. ๑๕/๒๕๖๐
สํานักงานโครงการ
๓๒๓ ถนนมิตรไมตรี เขตดินแดง กทม. ๑๐๔๐๐
* 1. กราม ๒๕๖๐
เรื่อง พิจารณาเอกสารขออนุมัติใช้วัสดุแต่งผิวคอนกรีต Renderec Slim Coat ของบริษัท ฟอสร็อค (ประเทศไทย) จำกัด
เพื่อใช้งานที่โรงงานผลิตชิ้นส่วนสำเร็จรูป
เรียน ผู้แทนกิจการร่วมค้า เอสที - เอสจี
อ้างถึง ๑.
สัญญาเลขที่ สนม. ๑๘๔/๒๕๕๘ ลงวันที่ ๓๐ กันยายน ๒๕๕๘
๒. หนังสือกิจการร่วมค้า เอสที - เอสจี ที่ NB, ๒๕๕๙/๒๓๖ ลงวันที่ ๒๘ ตุลาคม ๒๕๕๙
สิ่งที่ส่งมาด้วย สำเนาหนังสือกลุ่มบริษัทที่ปรึกษาฯ ที่ สนน.๓๐/๒๕๕๙/๐๑๗๘๐/BMA๕๔๒๑๗
ลงวันที่ ๑๐ พฤศจิกายน ๒๕๕๙
ตามหนังสือที่อ้างถึง ๑ กรุงเทพมหานคร โดยสำนักการระบายน้ำได้จ้างเหมากิจการร่วมค้า
เอสที - เอสจี เป็นผู้ดำเนินการโครงการก่อสร้างอุโมงค์ระบายน้ำจากบึงหนองบอนลงสู่แม่น้ำเจ้าพระยาและตามหนังสือ
ที่อ้างถึง ๒ กิจการร่วมค้าฯ ขออนุมัติใช้วัสดุแต่งผิวคอนกรีต Renderoc Slim Coat ของบริษัท ฟอสร็อค (ประเทศไทย)",Construction-Related,Material,"[1] Chapter: Material Approval Document from the Project Office, Page: 145
車
ที่ อนบ. ๑๕/๒๕๖๐
สํานักงานโครงการ
๓๒๓ ถนนมิตรไมตรี เขตดินแดง กทม. ๑๐๔๐๐
* 1. กราม ๒๕๖๐
เรื่อง พิจารณาเอกสารขออนุมัติใช้วัสดุแต่งผิวคอนกรีต Renderec Slim Coat ของบริษัท ฟอสร็อค (ประเทศไทย) จำกัด
เพื่อใช้งานที่โรงงานผลิตชิ้นส่วนสำเร็จรูป
เรียน ผู้แทนกิจการร่วมค้า เอสที - เอสจี
อ้างถึง ๑.
สัญญาเลขที่ สนม. ๑๘๔/๒๕๕๘ ลงวันที่ ๓๐ กันยายน ๒๕๕๘
๒. หนังสือกิจการร่วมค้า เอสที - เอสจี ที่ NB, ๒๕๕๙/๒๓๖ ลงวันที่ ๒๘ ตุลาคม ๒๕๕๙
สิ่งที่ส่งมาด้วย สำเนาหนังสือกลุ่มบริษัทที่ปรึกษาฯ ที่ สนน.๓๐/๒๕๕๙/๐๑๗๘๐/BMA๕๔๒๑๗
ลงวันที่ ๑๐ พฤศจิกายน ๒๕๕๙
ตามหนังสือที่อ้างถึง ๑ กรุงเทพมหานคร โดยสำนักการระบายน้ำได้จ้างเหมากิจการร่วมค้า
เอสที - เอสจี เป็นผู้ดำเนินการโครงการก่อสร้างอุโมงค์ระบายน้ำจากบึงหนองบอนลงสู่แม่น้ำเจ้าพระยาและตามหนังสือ
ที่อ้างถึง ๒ กิจการร่วมค้าฯ ขออนุมัติใช้วัสดุแต่งผิวคอนกรีต Renderoc Slim Coat ของบริษัท ฟอสร็อค (ประเทศไทย)","145
車
ที่ อนบ. ๑๕/๒๕๖๐
สํานักงานโครงการ
๓๒๓ ถนนมิตรไมตรี เขตดินแดง กทม. ๑๐๔๐๐
* 1. กราม ๒๕๖๐
เรื่อง พิจารณาเอกสารขออนุมัติใช้วัสดุแต่งผิวคอนกรีต Renderec Slim Coat ของบริษัท ฟอสร็อค (ประเทศไทย) จำกัด
เพื่อใช้งานที่โรงงานผลิตชิ้นส่วนสำเร็จรูป
เรียน ผู้แทนกิจการร่วมค้า เอสที - เอสจี
อ้างถึง ๑.
สัญญาเลขที่ สนม. ๑๘๔/๒๕๕๘ ลงวันที่ ๓๐ กันยายน ๒๕๕๘
๒. หนังสือกิจการร่วมค้า เอสที - เอสจี ที่ NB, ๒๕๕๙/๒๓๖ ลงวันที่ ๒๘ ตุลาคม ๒๕๕๙
สิ่งที่ส่งมาด้วย สำเนาหนังสือกลุ่มบริษัทที่ปรึกษาฯ ที่ สนน.๓๐/๒๕๕๙/๐๑๗๘๐/BMA๕๔๒๑๗
ลงวันที่ ๑๐ พฤศจิกายน ๒๕๕๙
ตามหนังสือที่อ้างถึง ๑ กรุงเทพมหานคร โดยสำนักการระบายน้ำได้จ้างเหมากิจการร่วมค้า
เอสที - เอสจี เป็นผู้ดำเนินการโครงการก่อสร้างอุโมงค์ระบายน้ำจากบึงหนองบอนลงสู่แม่น้ำเจ้าพระยาและตามหนังสือ
ที่อ้างถึง ๒ กิจการร่วมค้าฯ ขออนุมัติใช้วัสดุแต่งผิวคอนกรีต Renderoc Slim Coat ของบริษัท ฟอสร็อค (ประเทศไทย)",extractive-fallback,"[1] Chapter: Material Approval Document from the Project Office, Page: 145
車
ที่ อนบ. ๑๕/๒๕๖๐
สํานักงานโครงการ
๓๒๓ ถนนมิตรไมตรี เขตดินแดง กทม. ๑๐๔๐๐
* 1. กราม ๒๕๖๐
เรื่อง พิจารณาเอกสารขออนุมัติใช้วัสดุแต่งผิวคอนกรีต Renderec Slim Coat ของบริษัท ฟอสร็อค (ประเทศไทย) จำกัด
เพื่อใช้งานที่โรงงานผลิตชิ้นส่วนสำเร็จรูป
เรียน ผู้แทนกิจการร่วมค้า เอสที - เอสจี
อ้างถึง ๑.
สัญญาเลขที่ สนม. ๑๘๔/๒๕๕๘ ลงวันที่ ๓๐ กันยายน ๒๕๕๘
๒. หนังสือกิจการร่วมค้า เอสที - เอสจี ที่ NB, ๒๕๕๙/๒๓๖ ลงวันที่ ๒๘ ตุลาคม ๒๕๕๙
สิ่งที่ส่งมาด้วย สำเนาหนังสือกลุ่มบริษัทที่ปรึกษาฯ ที่ สนน.๓๐/๒๕๕๙/๐๑๗๘๐/BMA๕๔๒๑๗
ลงวันที่ ๑๐ พฤศจิกายน ๒๕๕๙
ตามหนังสือที่อ้างถึง ๑ กรุงเทพมหานคร โดยสำนักการระบายน้ำได้จ้างเหมากิจการร่วมค้า
เอสที - เอสจี เป็นผู้ดำเนินการโครงการก่อสร้างอุโมงค์ระบายน้ำจากบึงหนองบอนลงสู่แม่น้ำเจ้าพระยาและตามหนังสือ
ที่อ้างถึง ๒ กิจการร่วมค้าฯ ขออนุมัติใช้วัสดุแต่งผิวคอนกรีต Renderoc Slim Coat ของบริษัท ฟอสร็อค (ประเทศไทย)"
 ความเสียหายที่เกิดขึ้นกับชิ้นงานแบ่งออกเป็น 4 ลักษณะ อะไรบ้าง, ความเสียหายแบ่งเป็น:1. รอยร้าว (Crack)2. แตกบิ่นที่ขอบ (Spalling Edge)3. แตกบิ่นบริเวณ Gasket (Spalling Recesses)4. รูฟองอากาศ (Voids or Blowholes),2,Construction-Related,Human Risk,"- เ ง แ ก น (m)
MAN-TIENINIZING & CONTIFIC COM
RISK FACTOR MATRIX
โครงการก่อสร้างอุโมงค์ระบายน้ำจากบึงหนองบอนลงสู่แม่น้ำเจ้าพระยา
2864
12
2
m
4
HCR
(ระดับความรุนแรงของความเสี่ยง) มีความรุนแรงมากขึ้นขั้นเสียชีวิต
-มีความรุนแรงที่อาจทำให้บาดเจ็บสาหัสหรือเสียชีวิต
-มีความรุนแรงในระดับที่ก่อให้เกิดการบาดเจ็บได้
-มีความรุนแรงเล็กน้อย
PR
=4
4
3
=3
H
4
16
=2
C
D
=1
3
12
62
12
9
R
2
19
co
8
6
PR
-มีความเสี่ยงที่จะเกิดขึ้นได้ตลอดเวลา
=4
i
4
3
(ระดับความเป็นไปได้
ของความเสี่ยง)
-มีความเสี่ยงที่จะเกิดขืนหากภาวะแวดล้อมเอื้ออ้านวย =3
-มีโอกาสเกิดขึ้นได้
=2
-มีโอกาสน้อยที่จะเกิดขึ้น
=1
METHODOLOGY
RF
(ปัจจัยเสี่ยง)
|= HCR *PR
Note: HCR = Hazard Class Rating PR = Probability Rating RF = Risk Factor
1-4 = Low Riskc
=3
5-7 = Medium Risk 8-16 - High Risk
1-4 = มีความเสี่ยงต่ำ 5-7-เสี่ยงปานกลาง 8-16 = มีความเสี่ยงสูง
123
RISK PRIORITY (ระดับความเสี่ยง)
8-16 High Risk (ความเสี่ยงสูง)
5-7
Medium Risk (ความเสียงปานกลาง)
Low Risk (ความเสียงต่ำ)
3
2
1
1-4
1.ระบุพื้นที่เสี่ยงอันตราย
2.รายการเกิดเหตุอันตราย
3.คำนวณความเสี่ยงและมีการจัดอันดับความเสี่ยงเบื้องต้น
4.รายละเอียดการควบคุม
ร.ค้านวณความเสี่ยงและมีการประเมินความเสี่ยง
6.ใส่ระดับความเสี่ยง
7.ประเมินความเสี่ยง
CONTROLS SHOULD ACHIEVE A LOW RISK PRIORITY
(ความเสี่ยงจะด่าหากมีการควบคุม)
13
Issue 2
Date : 20/6/2017
4 of 5
[3] Chapter: Risk Assessment In Repair Working, Page: 122
Mund-Titxt Dades&COSTRICH HELIC LI
Hazard
Item
(อันตราย)
(อันดับ)
อันตรายจากการกลืน
4
สารเคมี
Hazard Event/
Potential
โครงการก่อสร้างอุโมงค์ระบายน้ำจากบึงหนองบอนลงสู่แม่น้ำเจ้าพระยา
ตารางแสดงการประเมินความเสี่ยงที่อาจเกิดขึ้นในการซ่อมแซมชิ้นส่วนอุโมงค์ แสดงไว้ในตารางที่ (1)
ตารางที่ (1) Risk Assessment in Repair Working (การประเมินความเสี่ยงในการซ่อมแซมชิ้นส่วนอุโมงค์)
(เหตุการณ์อันตรายที่อาจเกิดขึ้น)
-เนื้อเยื่อในช่องปากถูกทำลาย
-ระบบทางเดินอาหารไหม้อย่างรุนแรง
Initial Risk Rating
(ระดับความเสียง)
HCR PR RF
4
-
Method of Minimization
(วิธีการลดความเสียง)
4.
อบรมวิธีการปฐมพยาบาลผู้ป่วยที่สัมผัสสารเคมีเบื้องต้น
-จัดเตรียมอุปกรณ์ในการปฐมพยาบาล
-ห้ามนําอาหารมารับประทานในพื้นที่ทำงานโดยเด็ดขาด
-ทำความสะอาดร่างกายทุกครั้งที่พักหรือเลิกงาน
-ปฏิบัติตามวิธีปฐมพยาบาลเบื้องต้นอย่างเคร่งครัด
Residual Risk Fator Risk Priority Accept table
(ลำดับความเสี่ยง) (โอกาสที่จะเกิด
HCR PR RF ความเสียง)
(กวาวสามารถ
ในการยอมรับ)
3 1
3
Low
(ต๋า)
Note: HCR = Hazard Class Rating PR = Probability Rating RF - Risk Factor
1-4 = Low Risk
5-7 = Medium Risk 8-16 = High Risk
1-4 = มีความเสี่ยงต่ำ 5-7-เสี่ยงปานกลาง 8-16 - มีความเสี่ยงสูง
1000
122
[1] Chapter: Repair With Cementitious Mortar, Page: 13
บานัท จิโน-ไทย เช่น เนียง แฮนด์ คอนสตรัคชั่น จํากัด (มหาชน)
STEDON
SINO THAI ENGINEERING & CONSTRUCTION POBLE COSUPANY LISUTTE
Project: SEWERAGE TUNNEL BUNG NONG BON
TO CHAOPHRAYA RIVER
3.3 หลังจากปูนฉาบแห้งแล้ว ใช้กระดาษทรายขัดบริเวณที่ฉาบให้มีผิวเรียบเสมอกับผิว
คอนกรีตบริเวณอื่น
ขัดผิวบริเวณที่ทำการฉาบ
รูปที่ 4 แสดงการขัดผิวปูนฉาบ
3.4 ผสมปูนฉาบให้เหลว ใช้ฟองน้ำหรือลูกกลิ้งชุบแล้วลูบที่ผิวคอนกรีต เพื่อให้ผิวคอนกรีต
มีสีสม่ำเสมอ
Document No.","122
Mund-Titxt Dades&COSTRICH HELIC LI
Hazard
Item
(อันตราย)
(อันดับ)
อันตรายจากการกลืน
4
สารเคมี
Hazard Event/
Potential
โครงการก่อสร้างอุโมงค์ระบายน้ำจากบึงหนองบอนลงสู่แม่น้ำเจ้าพระยา
ตารางแสดงการประเมินความเสี่ยงที่อาจเกิดขึ้นในการซ่อมแซมชิ้นส่วนอุโมงค์ แสดงไว้ในตารางที่ (1)
ตารางที่ (1) Risk Assessment in Repair Working (การประเมินความเสี่ยงในการซ่อมแซมชิ้นส่วนอุโมงค์)
(เหตุการณ์อันตรายที่อาจเกิดขึ้น)
-เนื้อเยื่อในช่องปากถูกทำลาย
-ระบบทางเดินอาหารไหม้อย่างรุนแรง
Initial Risk Rating
(ระดับความเสียง)
HCR PR RF
4
-
Method of Minimization
(วิธีการลดความเสียง)
4.
อบรมวิธีการปฐมพยาบาลผู้ป่วยที่สัมผัสสารเคมีเบื้องต้น
-จัดเตรียมอุปกรณ์ในการปฐมพยาบาล
-ห้ามนําอาหารมารับประทานในพื้นที่ทำงานโดยเด็ดขาด
-ทำความสะอาดร่างกายทุกครั้งที่พักหรือเลิกงาน
-ปฏิบัติตามวิธีปฐมพยาบาลเบื้องต้นอย่างเคร่งครัด
Residual Risk Fator Risk Priority Accept table
(ลำดับความเสี่ยง) (โอกาสที่จะเกิด
HCR PR RF ความเสียง)
(กวาวสามารถ
ในการยอมรับ)
3 1
3
Low
(ต๋า)
Note: HCR = Hazard Class Rating PR = Probability Rating RF - Risk Factor
1-4 = Low Risk
5-7 = Medium Risk 8-16 = High Risk
1-4 = มีความเสี่ยงต่ำ 5-7-เสี่ยงปานกลาง 8-16 - มีความเสี่ยงสูง
1000
122
[1] Chapter: Repair With Cementitious Mortar, Page: 13
บานัท จิโน-ไทย เช่น เนียง แฮนด์ คอนสตรัคชั่น จํากัด (มหาชน)
STEDON
SINO THAI ENGINEERING & CONSTRUCTION POBLE COSUPANY LISUTTE
Project: SEWERAGE TUNNEL BUNG NONG BON
TO CHAOPHRAYA RIVER
3.3 หลังจากปูนฉาบแห้งแล้ว ใช้กระดาษทรายขัดบริเวณที่ฉาบให้มีผิวเรียบเสมอกับผิว
คอนกรีตบริเวณอื่น
ขัดผิวบริเวณที่ทำการฉาบ
รูปที่ 4 แสดงการขัดผิวปูนฉาบ
3.4 ผสมปูนฉาบให้เหลว ใช้ฟองน้ำหรือลูกกลิ้งชุบแล้วลูบที่ผิวคอนกรีต เพื่อให้ผิวคอนกรีต
มีสีสม่ำเสมอ
Document No.",extractive-fallback,"- เ ง แ ก น (m)
MAN-TIENINIZING & CONTIFIC COM
RISK FACTOR MATRIX
โครงการก่อสร้างอุโมงค์ระบายน้ำจากบึงหนองบอนลงสู่แม่น้ำเจ้าพระยา
2864
12
2
m
4
HCR
(ระดับความรุนแรงของความเสี่ยง) มีความรุนแรงมากขึ้นขั้นเสียชีวิต
-มีความรุนแรงที่อาจทำให้บาดเจ็บสาหัสหรือเสียชีวิต
-มีความรุนแรงในระดับที่ก่อให้เกิดการบาดเจ็บได้
-มีความรุนแรงเล็กน้อย
PR
=4
4
3
=3
H
4
16
=2
C
D
=1
3
12
62
12
9
R
2
19
co
8
6
PR
-มีความเสี่ยงที่จะเกิดขึ้นได้ตลอดเวลา
=4
i
4
3
(ระดับความเป็นไปได้
ของความเสี่ยง)
-มีความเสี่ยงที่จะเกิดขืนหากภาวะแวดล้อมเอื้ออ้านวย =3
-มีโอกาสเกิดขึ้นได้
=2
-มีโอกาสน้อยที่จะเกิดขึ้น
=1
METHODOLOGY
RF
(ปัจจัยเสี่ยง)
|= HCR *PR
Note: HCR = Hazard Class Rating PR = Probability Rating RF = Risk Factor
1-4 = Low Riskc
=3
5-7 = Medium Risk 8-16 - High Risk
1-4 = มีความเสี่ยงต่ำ 5-7-เสี่ยงปานกลาง 8-16 = มีความเสี่ยงสูง
123
RISK PRIORITY (ระดับความเสี่ยง)
8-16 High Risk (ความเสี่ยงสูง)
5-7
Medium Risk (ความเสียงปานกลาง)
Low Risk (ความเสียงต่ำ)
3
2
1
1-4
1.ระบุพื้นที่เสี่ยงอันตราย
2.รายการเกิดเหตุอันตราย
3.คำนวณความเสี่ยงและมีการจัดอันดับความเสี่ยงเบื้องต้น
4.รายละเอียดการควบคุม
ร.ค้านวณความเสี่ยงและมีการประเมินความเสี่ยง
6.ใส่ระดับความเสี่ยง
7.ประเมินความเสี่ยง
CONTROLS SHOULD ACHIEVE A LOW RISK PRIORITY
(ความเสี่ยงจะด่าหากมีการควบคุม)
13
Issue 2
Date : 20/6/2017
4 of 5
[3] Chapter: Risk Assessment In Repair Working, Page: 122
Mund-Titxt Dades&COSTRICH HELIC LI
Hazard
Item
(อันตราย)
(อันดับ)
อันตรายจากการกลืน
4
สารเคมี
Hazard Event/
Potential
โครงการก่อสร้างอุโมงค์ระบายน้ำจากบึงหนองบอนลงสู่แม่น้ำเจ้าพระยา
ตารางแสดงการประเมินความเสี่ยงที่อาจเกิดขึ้นในการซ่อมแซมชิ้นส่วนอุโมงค์ แสดงไว้ในตารางที่ (1)
ตารางที่ (1) Risk Assessment in Repair Working (การประเมินความเสี่ยงในการซ่อมแซมชิ้นส่วนอุโมงค์)
(เหตุการณ์อันตรายที่อาจเกิดขึ้น)
-เนื้อเยื่อในช่องปากถูกทำลาย
-ระบบทางเดินอาหารไหม้อย่างรุนแรง
Initial Risk Rating
(ระดับความเสียง)
HCR PR RF
4
-
Method of Minimization
(วิธีการลดความเสียง)
4.
อบรมวิธีการปฐมพยาบาลผู้ป่วยที่สัมผัสสารเคมีเบื้องต้น
-จัดเตรียมอุปกรณ์ในการปฐมพยาบาล
-ห้ามนําอาหารมารับประทานในพื้นที่ทำงานโดยเด็ดขาด
-ทำความสะอาดร่างกายทุกครั้งที่พักหรือเลิกงาน
-ปฏิบัติตามวิธีปฐมพยาบาลเบื้องต้นอย่างเคร่งครัด
Residual Risk Fator Risk Priority Accept table
(ลำดับความเสี่ยง) (โอกาสที่จะเกิด
HCR PR RF ความเสียง)
(กวาวสามารถ
ในการยอมรับ)
3 1
3
Low
(ต๋า)
Note: HCR = Hazard Class Rating PR = Probability Rating RF - Risk Factor
1-4 = Low Risk
5-7 = Medium Risk 8-16 = High Risk
1-4 = มีความเสี่ยงต่ำ 5-7-เสี่ยงปานกลาง 8-16 - มีความเสี่ยงสูง
1000
122
[1] Chapter: Repair With Cementitious Mortar, Page: 13
บานัท จิโน-ไทย เช่น เนียง แฮนด์ คอนสตรัคชั่น จํากัด (มหาชน)
STEDON
SINO THAI ENGINEERING & CONSTRUCTION POBLE COSUPANY LISUTTE
Project: SEWERAGE TUNNEL BUNG NONG BON
TO CHAOPHRAYA RIVER
3.3 หลังจากปูนฉาบแห้งแล้ว ใช้กระดาษทรายขัดบริเวณที่ฉาบให้มีผิวเรียบเสมอกับผิว
คอนกรีตบริเวณอื่น
ขัดผิวบริเวณที่ทำการฉาบ
รูปที่ 4 แสดงการขัดผิวปูนฉาบ
3.4 ผสมปูนฉาบให้เหลว ใช้ฟองน้ำหรือลูกกลิ้งชุบแล้วลูบที่ผิวคอนกรีต เพื่อให้ผิวคอนกรีต
มีสีสม่ำเสมอ
Document No.",Construction-Related,Human Risk,"- เ ง แ ก น (m)
MAN-TIENINIZING & CONTIFIC COM
RISK FACTOR MATRIX
โครงการก่อสร้างอุโมงค์ระบายน้ำจากบึงหนองบอนลงสู่แม่น้ำเจ้าพระยา
2864
12
2
m
4
HCR
(ระดับความรุนแรงของความเสี่ยง) มีความรุนแรงมากขึ้นขั้นเสียชีวิต
-มีความรุนแรงที่อาจทำให้บาดเจ็บสาหัสหรือเสียชีวิต
-มีความรุนแรงในระดับที่ก่อให้เกิดการบาดเจ็บได้
-มีความรุนแรงเล็กน้อย
PR
=4
4
3
=3
H
4
16
=2
C
D
=1
3
12
62
12
9
R
2
19
co
8
6
PR
-มีความเสี่ยงที่จะเกิดขึ้นได้ตลอดเวลา
=4
i
4
3
(ระดับความเป็นไปได้
ของความเสี่ยง)
-มีความเสี่ยงที่จะเกิดขืนหากภาวะแวดล้อมเอื้ออ้านวย =3
-มีโอกาสเกิดขึ้นได้
=2
-มีโอกาสน้อยที่จะเกิดขึ้น
=1
METHODOLOGY
RF
(ปัจจัยเสี่ยง)
|= HCR *PR
Note: HCR = Hazard Class Rating PR = Probability Rating RF = Risk Factor
1-4 = Low Riskc
=3
5-7 = Medium Risk 8-16 - High Risk
1-4 = มีความเสี่ยงต่ำ 5-7-เสี่ยงปานกลาง 8-16 = มีความเสี่ยงสูง
123
RISK PRIORITY (ระดับความเสี่ยง)
8-16 High Risk (ความเสี่ยงสูง)
5-7
Medium Risk (ความเสียงปานกลาง)
Low Risk (ความเสียงต่ำ)
3
2
1
1-4
1.ระบุพื้นที่เสี่ยงอันตราย
2.รายการเกิดเหตุอันตราย
3.คำนวณความเสี่ยงและมีการจัดอันดับความเสี่ยงเบื้องต้น
4.รายละเอียดการควบคุม
ร.ค้านวณความเสี่ยงและมีการประเมินความเสี่ยง
6.ใส่ระดับความเสี่ยง
7.ประเมินความเสี่ยง
CONTROLS SHOULD ACHIEVE A LOW RISK PRIORITY
(ความเสี่ยงจะด่าหากมีการควบคุม)
13
Issue 2
Date : 20/6/2017
4 of 5
[3] Chapter: Risk Assessment In Repair Working, Page: 122
Mund-Titxt Dades&COSTRICH HELIC LI
Hazard
Item
(อันตราย)
(อันดับ)
อันตรายจากการกลืน
4
สารเคมี
Hazard Event/
Potential
โครงการก่อสร้างอุโมงค์ระบายน้ำจากบึงหนองบอนลงสู่แม่น้ำเจ้าพระยา
ตารางแสดงการประเมินความเสี่ยงที่อาจเกิดขึ้นในการซ่อมแซมชิ้นส่วนอุโมงค์ แสดงไว้ในตารางที่ (1)
ตารางที่ (1) Risk Assessment in Repair Working (การประเมินความเสี่ยงในการซ่อมแซมชิ้นส่วนอุโมงค์)
(เหตุการณ์อันตรายที่อาจเกิดขึ้น)
-เนื้อเยื่อในช่องปากถูกทำลาย
-ระบบทางเดินอาหารไหม้อย่างรุนแรง
Initial Risk Rating
(ระดับความเสียง)
HCR PR RF
4
-
Method of Minimization
(วิธีการลดความเสียง)
4.
อบรมวิธีการปฐมพยาบาลผู้ป่วยที่สัมผัสสารเคมีเบื้องต้น
-จัดเตรียมอุปกรณ์ในการปฐมพยาบาล
-ห้ามนําอาหารมารับประทานในพื้นที่ทำงานโดยเด็ดขาด
-ทำความสะอาดร่างกายทุกครั้งที่พักหรือเลิกงาน
-ปฏิบัติตามวิธีปฐมพยาบาลเบื้องต้นอย่างเคร่งครัด
Residual Risk Fator Risk Priority Accept table
(ลำดับความเสี่ยง) (โอกาสที่จะเกิด
HCR PR RF ความเสียง)
(กวาวสามารถ
ในการยอมรับ)
3 1
3
Low
(ต๋า)
Note: HCR = Hazard Class Rating PR = Probability Rating RF - Risk Factor
1-4 = Low Risk
5-7 = Medium Risk 8-16 = High Risk
1-4 = มีความเสี่ยงต่ำ 5-7-เสี่ยงปานกลาง 8-16 - มีความเสี่ยงสูง
1000
122
[1] Chapter: Repair With Cementitious Mortar, Page: 13
บานัท จิโน-ไทย เช่น เนียง แฮนด์ คอนสตรัคชั่น จํากัด (มหาชน)
STEDON
SINO THAI ENGINEERING & CONSTRUCTION POBLE COSUPANY LISUTTE
Project: SEWERAGE TUNNEL BUNG NONG BON
TO CHAOPHRAYA RIVER
3.3 หลังจากปูนฉาบแห้งแล้ว ใช้กระดาษทรายขัดบริเวณที่ฉาบให้มีผิวเรียบเสมอกับผิว
คอนกรีตบริเวณอื่น
ขัดผิวบริเวณที่ทำการฉาบ
รูปที่ 4 แสดงการขัดผิวปูนฉาบ
3.4 ผสมปูนฉาบให้เหลว ใช้ฟองน้ำหรือลูกกลิ้งชุบแล้วลูบที่ผิวคอนกรีต เพื่อให้ผิวคอนกรีต
มีสีสม่ำเสมอ
Document No.","122
Mund-Titxt Dades&COSTRICH HELIC LI
Hazard
Item
(อันตราย)
(อันดับ)
อันตรายจากการกลืน
4
สารเคมี
Hazard Event/
Potential
โครงการก่อสร้างอุโมงค์ระบายน้ำจากบึงหนองบอนลงสู่แม่น้ำเจ้าพระยา
ตารางแสดงการประเมินความเสี่ยงที่อาจเกิดขึ้นในการซ่อมแซมชิ้นส่วนอุโมงค์ แสดงไว้ในตารางที่ (1)
ตารางที่ (1) Risk Assessment in Repair Working (การประเมินความเสี่ยงในการซ่อมแซมชิ้นส่วนอุโมงค์)
(เหตุการณ์อันตรายที่อาจเกิดขึ้น)
-เนื้อเยื่อในช่องปากถูกทำลาย
-ระบบทางเดินอาหารไหม้อย่างรุนแรง
Initial Risk Rating
(ระดับความเสียง)
HCR PR RF
4
-
Method of Minimization
(วิธีการลดความเสียง)
4.
อบรมวิธีการปฐมพยาบาลผู้ป่วยที่สัมผัสสารเคมีเบื้องต้น
-จัดเตรียมอุปกรณ์ในการปฐมพยาบาล
-ห้ามนําอาหารมารับประทานในพื้นที่ทำงานโดยเด็ดขาด
-ทำความสะอาดร่างกายทุกครั้งที่พักหรือเลิกงาน
-ปฏิบัติตามวิธีปฐมพยาบาลเบื้องต้นอย่างเคร่งครัด
Residual Risk Fator Risk Priority Accept table
(ลำดับความเสี่ยง) (โอกาสที่จะเกิด
HCR PR RF ความเสียง)
(กวาวสามารถ
ในการยอมรับ)
3 1
3
Low
(ต๋า)
Note: HCR = Hazard Class Rating PR = Probability Rating RF - Risk Factor
1-4 = Low Risk
5-7 = Medium Risk 8-16 = High Risk
1-4 = มีความเสี่ยงต่ำ 5-7-เสี่ยงปานกลาง 8-16 - มีความเสี่ยงสูง
1000
122
[1] Chapter: Repair With Cementitious Mortar, Page: 13
บานัท จิโน-ไทย เช่น เนียง แฮนด์ คอนสตรัคชั่น จํากัด (มหาชน)
STEDON
SINO THAI ENGINEERING & CONSTRUCTION POBLE COSUPANY LISUTTE
Project: SEWERAGE TUNNEL BUNG NONG BON
TO CHAOPHRAYA RIVER
3.3 หลังจากปูนฉาบแห้งแล้ว ใช้กระดาษทรายขัดบริเวณที่ฉาบให้มีผิวเรียบเสมอกับผิว
คอนกรีตบริเวณอื่น
ขัดผิวบริเวณที่ทำการฉาบ
รูปที่ 4 แสดงการขัดผิวปูนฉาบ
3.4 ผสมปูนฉาบให้เหลว ใช้ฟองน้ำหรือลูกกลิ้งชุบแล้วลูบที่ผิวคอนกรีต เพื่อให้ผิวคอนกรีต
มีสีสม่ำเสมอ
Document No.",extractive-fallback,"- เ ง แ ก น (m)
MAN-TIENINIZING & CONTIFIC COM
RISK FACTOR MATRIX
โครงการก่อสร้างอุโมงค์ระบายน้ำจากบึงหนองบอนลงสู่แม่น้ำเจ้าพระยา
2864
12
2
m
4
HCR
(ระดับความรุนแรงของความเสี่ยง) มีความรุนแรงมากขึ้นขั้นเสียชีวิต
-มีความรุนแรงที่อาจทำให้บาดเจ็บสาหัสหรือเสียชีวิต
-มีความรุนแรงในระดับที่ก่อให้เกิดการบาดเจ็บได้
-มีความรุนแรงเล็กน้อย
PR
=4
4
3
=3
H
4
16
=2
C
D
=1
3
12
62
12
9
R
2
19
co
8
6
PR
-มีความเสี่ยงที่จะเกิดขึ้นได้ตลอดเวลา
=4
i
4
3
(ระดับความเป็นไปได้
ของความเสี่ยง)
-มีความเสี่ยงที่จะเกิดขืนหากภาวะแวดล้อมเอื้ออ้านวย =3
-มีโอกาสเกิดขึ้นได้
=2
-มีโอกาสน้อยที่จะเกิดขึ้น
=1
METHODOLOGY
RF
(ปัจจัยเสี่ยง)
|= HCR *PR
Note: HCR = Hazard Class Rating PR = Probability Rating RF = Risk Factor
1-4 = Low Riskc
=3
5-7 = Medium Risk 8-16 - High Risk
1-4 = มีความเสี่ยงต่ำ 5-7-เสี่ยงปานกลาง 8-16 = มีความเสี่ยงสูง
123
RISK PRIORITY (ระดับความเสี่ยง)
8-16 High Risk (ความเสี่ยงสูง)
5-7
Medium Risk (ความเสียงปานกลาง)
Low Risk (ความเสียงต่ำ)
3
2
1
1-4
1.ระบุพื้นที่เสี่ยงอันตราย
2.รายการเกิดเหตุอันตราย
3.คำนวณความเสี่ยงและมีการจัดอันดับความเสี่ยงเบื้องต้น
4.รายละเอียดการควบคุม
ร.ค้านวณความเสี่ยงและมีการประเมินความเสี่ยง
6.ใส่ระดับความเสี่ยง
7.ประเมินความเสี่ยง
CONTROLS SHOULD ACHIEVE A LOW RISK PRIORITY
(ความเสี่ยงจะด่าหากมีการควบคุม)
13
Issue 2
Date : 20/6/2017
4 of 5
[3] Chapter: Risk Assessment In Repair Working, Page: 122
Mund-Titxt Dades&COSTRICH HELIC LI
Hazard
Item
(อันตราย)
(อันดับ)
อันตรายจากการกลืน
4
สารเคมี
Hazard Event/
Potential
โครงการก่อสร้างอุโมงค์ระบายน้ำจากบึงหนองบอนลงสู่แม่น้ำเจ้าพระยา
ตารางแสดงการประเมินความเสี่ยงที่อาจเกิดขึ้นในการซ่อมแซมชิ้นส่วนอุโมงค์ แสดงไว้ในตารางที่ (1)
ตารางที่ (1) Risk Assessment in Repair Working (การประเมินความเสี่ยงในการซ่อมแซมชิ้นส่วนอุโมงค์)
(เหตุการณ์อันตรายที่อาจเกิดขึ้น)
-เนื้อเยื่อในช่องปากถูกทำลาย
-ระบบทางเดินอาหารไหม้อย่างรุนแรง
Initial Risk Rating
(ระดับความเสียง)
HCR PR RF
4
-
Method of Minimization
(วิธีการลดความเสียง)
4.
อบรมวิธีการปฐมพยาบาลผู้ป่วยที่สัมผัสสารเคมีเบื้องต้น
-จัดเตรียมอุปกรณ์ในการปฐมพยาบาล
-ห้ามนําอาหารมารับประทานในพื้นที่ทำงานโดยเด็ดขาด
-ทำความสะอาดร่างกายทุกครั้งที่พักหรือเลิกงาน
-ปฏิบัติตามวิธีปฐมพยาบาลเบื้องต้นอย่างเคร่งครัด
Residual Risk Fator Risk Priority Accept table
(ลำดับความเสี่ยง) (โอกาสที่จะเกิด
HCR PR RF ความเสียง)
(กวาวสามารถ
ในการยอมรับ)
3 1
3
Low
(ต๋า)
Note: HCR = Hazard Class Rating PR = Probability Rating RF - Risk Factor
1-4 = Low Risk
5-7 = Medium Risk 8-16 = High Risk
1-4 = มีความเสี่ยงต่ำ 5-7-เสี่ยงปานกลาง 8-16 - มีความเสี่ยงสูง
1000
122
[1] Chapter: Repair With Cementitious Mortar, Page: 13
บานัท จิโน-ไทย เช่น เนียง แฮนด์ คอนสตรัคชั่น จํากัด (มหาชน)
STEDON
SINO THAI ENGINEERING & CONSTRUCTION POBLE COSUPANY LISUTTE
Project: SEWERAGE TUNNEL BUNG NONG BON
TO CHAOPHRAYA RIVER
3.3 หลังจากปูนฉาบแห้งแล้ว ใช้กระดาษทรายขัดบริเวณที่ฉาบให้มีผิวเรียบเสมอกับผิว
คอนกรีตบริเวณอื่น
ขัดผิวบริเวณที่ทำการฉาบ
รูปที่ 4 แสดงการขัดผิวปูนฉาบ
3.4 ผสมปูนฉาบให้เหลว ใช้ฟองน้ำหรือลูกกลิ้งชุบแล้วลูบที่ผิวคอนกรีต เพื่อให้ผิวคอนกรีต
มีสีสม่ำเสมอ
Document No.",Construction-Related,Human Risk,"- เ ง แ ก น (m)
MAN-TIENINIZING & CONTIFIC COM
RISK FACTOR MATRIX
โครงการก่อสร้างอุโมงค์ระบายน้ำจากบึงหนองบอนลงสู่แม่น้ำเจ้าพระยา
2864
12
2
m
4
HCR
(ระดับความรุนแรงของความเสี่ยง) มีความรุนแรงมากขึ้นขั้นเสียชีวิต
-มีความรุนแรงที่อาจทำให้บาดเจ็บสาหัสหรือเสียชีวิต
-มีความรุนแรงในระดับที่ก่อให้เกิดการบาดเจ็บได้
-มีความรุนแรงเล็กน้อย
PR
=4
4
3
=3
H
4
16
=2
C
D
=1
3
12
62
12
9
R
2
19
co
8
6
PR
-มีความเสี่ยงที่จะเกิดขึ้นได้ตลอดเวลา
=4
i
4
3
(ระดับความเป็นไปได้
ของความเสี่ยง)
-มีความเสี่ยงที่จะเกิดขืนหากภาวะแวดล้อมเอื้ออ้านวย =3
-มีโอกาสเกิดขึ้นได้
=2
-มีโอกาสน้อยที่จะเกิดขึ้น
=1
METHODOLOGY
RF
(ปัจจัยเสี่ยง)
|= HCR *PR
Note: HCR = Hazard Class Rating PR = Probability Rating RF = Risk Factor
1-4 = Low Riskc
=3
5-7 = Medium Risk 8-16 - High Risk
1-4 = มีความเสี่ยงต่ำ 5-7-เสี่ยงปานกลาง 8-16 = มีความเสี่ยงสูง
123
RISK PRIORITY (ระดับความเสี่ยง)
8-16 High Risk (ความเสี่ยงสูง)
5-7
Medium Risk (ความเสียงปานกลาง)
Low Risk (ความเสียงต่ำ)
3
2
1
1-4
1.ระบุพื้นที่เสี่ยงอันตราย
2.รายการเกิดเหตุอันตราย
3.คำนวณความเสี่ยงและมีการจัดอันดับความเสี่ยงเบื้องต้น
4.รายละเอียดการควบคุม
ร.ค้านวณความเสี่ยงและมีการประเมินความเสี่ยง
6.ใส่ระดับความเสี่ยง
7.ประเมินความเสี่ยง
CONTROLS SHOULD ACHIEVE A LOW RISK PRIORITY
(ความเสี่ยงจะด่าหากมีการควบคุม)
13
Issue 2
Date : 20/6/2017
4 of 5
[3] Chapter: Risk Assessment In Repair Working, Page: 122
Mund-Titxt Dades&COSTRICH HELIC LI
Hazard
Item
(อันตราย)
(อันดับ)
อันตรายจากการกลืน
4
สารเคมี
Hazard Event/
Potential
โครงการก่อสร้างอุโมงค์ระบายน้ำจากบึงหนองบอนลงสู่แม่น้ำเจ้าพระยา
ตารางแสดงการประเมินความเสี่ยงที่อาจเกิดขึ้นในการซ่อมแซมชิ้นส่วนอุโมงค์ แสดงไว้ในตารางที่ (1)
ตารางที่ (1) Risk Assessment in Repair Working (การประเมินความเสี่ยงในการซ่อมแซมชิ้นส่วนอุโมงค์)
(เหตุการณ์อันตรายที่อาจเกิดขึ้น)
-เนื้อเยื่อในช่องปากถูกทำลาย
-ระบบทางเดินอาหารไหม้อย่างรุนแรง
Initial Risk Rating
(ระดับความเสียง)
HCR PR RF
4
-
Method of Minimization
(วิธีการลดความเสียง)
4.
อบรมวิธีการปฐมพยาบาลผู้ป่วยที่สัมผัสสารเคมีเบื้องต้น
-จัดเตรียมอุปกรณ์ในการปฐมพยาบาล
-ห้ามนําอาหารมารับประทานในพื้นที่ทำงานโดยเด็ดขาด
-ทำความสะอาดร่างกายทุกครั้งที่พักหรือเลิกงาน
-ปฏิบัติตามวิธีปฐมพยาบาลเบื้องต้นอย่างเคร่งครัด
Residual Risk Fator Risk Priority Accept table
(ลำดับความเสี่ยง) (โอกาสที่จะเกิด
HCR PR RF ความเสียง)
(กวาวสามารถ
ในการยอมรับ)
3 1
3
Low
(ต๋า)
Note: HCR = Hazard Class Rating PR = Probability Rating RF - Risk Factor
1-4 = Low Risk
5-7 = Medium Risk 8-16 = High Risk
1-4 = มีความเสี่ยงต่ำ 5-7-เสี่ยงปานกลาง 8-16 - มีความเสี่ยงสูง
1000
122
[1] Chapter: Repair With Cementitious Mortar, Page: 13
บานัท จิโน-ไทย เช่น เนียง แฮนด์ คอนสตรัคชั่น จํากัด (มหาชน)
STEDON
SINO THAI ENGINEERING & CONSTRUCTION POBLE COSUPANY LISUTTE
Project: SEWERAGE TUNNEL BUNG NONG BON
TO CHAOPHRAYA RIVER
3.3 หลังจากปูนฉาบแห้งแล้ว ใช้กระดาษทรายขัดบริเวณที่ฉาบให้มีผิวเรียบเสมอกับผิว
คอนกรีตบริเวณอื่น
ขัดผิวบริเวณที่ทำการฉาบ
รูปที่ 4 แสดงการขัดผิวปูนฉาบ
3.4 ผสมปูนฉาบให้เหลว ใช้ฟองน้ำหรือลูกกลิ้งชุบแล้วลูบที่ผิวคอนกรีต เพื่อให้ผิวคอนกรีต
มีสีสม่ำเสมอ
Document No.","122
Mund-Titxt Dades&COSTRICH HELIC LI
Hazard
Item
(อันตราย)
(อันดับ)
อันตรายจากการกลืน
4
สารเคมี
Hazard Event/
Potential
โครงการก่อสร้างอุโมงค์ระบายน้ำจากบึงหนองบอนลงสู่แม่น้ำเจ้าพระยา
ตารางแสดงการประเมินความเสี่ยงที่อาจเกิดขึ้นในการซ่อมแซมชิ้นส่วนอุโมงค์ แสดงไว้ในตารางที่ (1)
ตารางที่ (1) Risk Assessment in Repair Working (การประเมินความเสี่ยงในการซ่อมแซมชิ้นส่วนอุโมงค์)
(เหตุการณ์อันตรายที่อาจเกิดขึ้น)
-เนื้อเยื่อในช่องปากถูกทำลาย
-ระบบทางเดินอาหารไหม้อย่างรุนแรง
Initial Risk Rating
(ระดับความเสียง)
HCR PR RF
4
-
Method of Minimization
(วิธีการลดความเสียง)
4.
อบรมวิธีการปฐมพยาบาลผู้ป่วยที่สัมผัสสารเคมีเบื้องต้น
-จัดเตรียมอุปกรณ์ในการปฐมพยาบาล
-ห้ามนําอาหารมารับประทานในพื้นที่ทำงานโดยเด็ดขาด
-ทำความสะอาดร่างกายทุกครั้งที่พักหรือเลิกงาน
-ปฏิบัติตามวิธีปฐมพยาบาลเบื้องต้นอย่างเคร่งครัด
Residual Risk Fator Risk Priority Accept table
(ลำดับความเสี่ยง) (โอกาสที่จะเกิด
HCR PR RF ความเสียง)
(กวาวสามารถ
ในการยอมรับ)
3 1
3
Low
(ต๋า)
Note: HCR = Hazard Class Rating PR = Probability Rating RF - Risk Factor
1-4 = Low Risk
5-7 = Medium Risk 8-16 = High Risk
1-4 = มีความเสี่ยงต่ำ 5-7-เสี่ยงปานกลาง 8-16 - มีความเสี่ยงสูง
1000
122
[1] Chapter: Repair With Cementitious Mortar, Page: 13
บานัท จิโน-ไทย เช่น เนียง แฮนด์ คอนสตรัคชั่น จํากัด (มหาชน)
STEDON
SINO THAI ENGINEERING & CONSTRUCTION POBLE COSUPANY LISUTTE
Project: SEWERAGE TUNNEL BUNG NONG BON
TO CHAOPHRAYA RIVER
3.3 หลังจากปูนฉาบแห้งแล้ว ใช้กระดาษทรายขัดบริเวณที่ฉาบให้มีผิวเรียบเสมอกับผิว
คอนกรีตบริเวณอื่น
ขัดผิวบริเวณที่ทำการฉาบ
รูปที่ 4 แสดงการขัดผิวปูนฉาบ
3.4 ผสมปูนฉาบให้เหลว ใช้ฟองน้ำหรือลูกกลิ้งชุบแล้วลูบที่ผิวคอนกรีต เพื่อให้ผิวคอนกรีต
มีสีสม่ำเสมอ
Document No.",extractive-fallback,"- เ ง แ ก น (m)
MAN-TIENINIZING & CONTIFIC COM
RISK FACTOR MATRIX
โครงการก่อสร้างอุโมงค์ระบายน้ำจากบึงหนองบอนลงสู่แม่น้ำเจ้าพระยา
2864
12
2
m
4
HCR
(ระดับความรุนแรงของความเสี่ยง) มีความรุนแรงมากขึ้นขั้นเสียชีวิต
-มีความรุนแรงที่อาจทำให้บาดเจ็บสาหัสหรือเสียชีวิต
-มีความรุนแรงในระดับที่ก่อให้เกิดการบาดเจ็บได้
-มีความรุนแรงเล็กน้อย
PR
=4
4
3
=3
H
4
16
=2
C
D
=1
3
12
62
12
9
R
2
19
co
8
6
PR
-มีความเสี่ยงที่จะเกิดขึ้นได้ตลอดเวลา
=4
i
4
3
(ระดับความเป็นไปได้
ของความเสี่ยง)
-มีความเสี่ยงที่จะเกิดขืนหากภาวะแวดล้อมเอื้ออ้านวย =3
-มีโอกาสเกิดขึ้นได้
=2
-มีโอกาสน้อยที่จะเกิดขึ้น
=1
METHODOLOGY
RF
(ปัจจัยเสี่ยง)
|= HCR *PR
Note: HCR = Hazard Class Rating PR = Probability Rating RF = Risk Factor
1-4 = Low Riskc
=3
5-7 = Medium Risk 8-16 - High Risk
1-4 = มีความเสี่ยงต่ำ 5-7-เสี่ยงปานกลาง 8-16 = มีความเสี่ยงสูง
123
RISK PRIORITY (ระดับความเสี่ยง)
8-16 High Risk (ความเสี่ยงสูง)
5-7
Medium Risk (ความเสียงปานกลาง)
Low Risk (ความเสียงต่ำ)
3
2
1
1-4
1.ระบุพื้นที่เสี่ยงอันตราย
2.รายการเกิดเหตุอันตราย
3.คำนวณความเสี่ยงและมีการจัดอันดับความเสี่ยงเบื้องต้น
4.รายละเอียดการควบคุม
ร.ค้านวณความเสี่ยงและมีการประเมินความเสี่ยง
6.ใส่ระดับความเสี่ยง
7.ประเมินความเสี่ยง
CONTROLS SHOULD ACHIEVE A LOW RISK PRIORITY
(ความเสี่ยงจะด่าหากมีการควบคุม)
13
Issue 2
Date : 20/6/2017
4 of 5
[3] Chapter: Risk Assessment In Repair Working, Page: 122
Mund-Titxt Dades&COSTRICH HELIC LI
Hazard
Item
(อันตราย)
(อันดับ)
อันตรายจากการกลืน
4
สารเคมี
Hazard Event/
Potential
โครงการก่อสร้างอุโมงค์ระบายน้ำจากบึงหนองบอนลงสู่แม่น้ำเจ้าพระยา
ตารางแสดงการประเมินความเสี่ยงที่อาจเกิดขึ้นในการซ่อมแซมชิ้นส่วนอุโมงค์ แสดงไว้ในตารางที่ (1)
ตารางที่ (1) Risk Assessment in Repair Working (การประเมินความเสี่ยงในการซ่อมแซมชิ้นส่วนอุโมงค์)
(เหตุการณ์อันตรายที่อาจเกิดขึ้น)
-เนื้อเยื่อในช่องปากถูกทำลาย
-ระบบทางเดินอาหารไหม้อย่างรุนแรง
Initial Risk Rating
(ระดับความเสียง)
HCR PR RF
4
-
Method of Minimization
(วิธีการลดความเสียง)
4.
อบรมวิธีการปฐมพยาบาลผู้ป่วยที่สัมผัสสารเคมีเบื้องต้น
-จัดเตรียมอุปกรณ์ในการปฐมพยาบาล
-ห้ามนําอาหารมารับประทานในพื้นที่ทำงานโดยเด็ดขาด
-ทำความสะอาดร่างกายทุกครั้งที่พักหรือเลิกงาน
-ปฏิบัติตามวิธีปฐมพยาบาลเบื้องต้นอย่างเคร่งครัด
Residual Risk Fator Risk Priority Accept table
(ลำดับความเสี่ยง) (โอกาสที่จะเกิด
HCR PR RF ความเสียง)
(กวาวสามารถ
ในการยอมรับ)
3 1
3
Low
(ต๋า)
Note: HCR = Hazard Class Rating PR = Probability Rating RF - Risk Factor
1-4 = Low Risk
5-7 = Medium Risk 8-16 = High Risk
1-4 = มีความเสี่ยงต่ำ 5-7-เสี่ยงปานกลาง 8-16 - มีความเสี่ยงสูง
1000
122
[1] Chapter: Repair With Cementitious Mortar, Page: 13
บานัท จิโน-ไทย เช่น เนียง แฮนด์ คอนสตรัคชั่น จํากัด (มหาชน)
STEDON
SINO THAI ENGINEERING & CONSTRUCTION POBLE COSUPANY LISUTTE
Project: SEWERAGE TUNNEL BUNG NONG BON
TO CHAOPHRAYA RIVER
3.3 หลังจากปูนฉาบแห้งแล้ว ใช้กระดาษทรายขัดบริเวณที่ฉาบให้มีผิวเรียบเสมอกับผิว
คอนกรีตบริเวณอื่น
ขัดผิวบริเวณที่ทำการฉาบ
รูปที่ 4 แสดงการขัดผิวปูนฉาบ
3.4 ผสมปูนฉาบให้เหลว ใช้ฟองน้ำหรือลูกกลิ้งชุบแล้วลูบที่ผิวคอนกรีต เพื่อให้ผิวคอนกรีต
มีสีสม่ำเสมอ
Document No.",Construction-Related,Human Risk,"- เ ง แ ก น (m)
MAN-TIENINIZING & CONTIFIC COM
RISK FACTOR MATRIX
โครงการก่อสร้างอุโมงค์ระบายน้ำจากบึงหนองบอนลงสู่แม่น้ำเจ้าพระยา
2864
12
2
m
4
HCR
(ระดับความรุนแรงของความเสี่ยง) มีความรุนแรงมากขึ้นขั้นเสียชีวิต
-มีความรุนแรงที่อาจทำให้บาดเจ็บสาหัสหรือเสียชีวิต
-มีความรุนแรงในระดับที่ก่อให้เกิดการบาดเจ็บได้
-มีความรุนแรงเล็กน้อย
PR
=4
4
3
=3
H
4
16
=2
C
D
=1
3
12
62
12
9
R
2
19
co
8
6
PR
-มีความเสี่ยงที่จะเกิดขึ้นได้ตลอดเวลา
=4
i
4
3
(ระดับความเป็นไปได้
ของความเสี่ยง)
-มีความเสี่ยงที่จะเกิดขืนหากภาวะแวดล้อมเอื้ออ้านวย =3
-มีโอกาสเกิดขึ้นได้
=2
-มีโอกาสน้อยที่จะเกิดขึ้น
=1
METHODOLOGY
RF
(ปัจจัยเสี่ยง)
|= HCR *PR
Note: HCR = Hazard Class Rating PR = Probability Rating RF = Risk Factor
1-4 = Low Riskc
=3
5-7 = Medium Risk 8-16 - High Risk
1-4 = มีความเสี่ยงต่ำ 5-7-เสี่ยงปานกลาง 8-16 = มีความเสี่ยงสูง
123
RISK PRIORITY (ระดับความเสี่ยง)
8-16 High Risk (ความเสี่ยงสูง)
5-7
Medium Risk (ความเสียงปานกลาง)
Low Risk (ความเสียงต่ำ)
3
2
1
1-4
1.ระบุพื้นที่เสี่ยงอันตราย
2.รายการเกิดเหตุอันตราย
3.คำนวณความเสี่ยงและมีการจัดอันดับความเสี่ยงเบื้องต้น
4.รายละเอียดการควบคุม
ร.ค้านวณความเสี่ยงและมีการประเมินความเสี่ยง
6.ใส่ระดับความเสี่ยง
7.ประเมินความเสี่ยง
CONTROLS SHOULD ACHIEVE A LOW RISK PRIORITY
(ความเสี่ยงจะด่าหากมีการควบคุม)
13
Issue 2
Date : 20/6/2017
4 of 5
[3] Chapter: Risk Assessment In Repair Working, Page: 122
Mund-Titxt Dades&COSTRICH HELIC LI
Hazard
Item
(อันตราย)
(อันดับ)
อันตรายจากการกลืน
4
สารเคมี
Hazard Event/
Potential
โครงการก่อสร้างอุโมงค์ระบายน้ำจากบึงหนองบอนลงสู่แม่น้ำเจ้าพระยา
ตารางแสดงการประเมินความเสี่ยงที่อาจเกิดขึ้นในการซ่อมแซมชิ้นส่วนอุโมงค์ แสดงไว้ในตารางที่ (1)
ตารางที่ (1) Risk Assessment in Repair Working (การประเมินความเสี่ยงในการซ่อมแซมชิ้นส่วนอุโมงค์)
(เหตุการณ์อันตรายที่อาจเกิดขึ้น)
-เนื้อเยื่อในช่องปากถูกทำลาย
-ระบบทางเดินอาหารไหม้อย่างรุนแรง
Initial Risk Rating
(ระดับความเสียง)
HCR PR RF
4
-
Method of Minimization
(วิธีการลดความเสียง)
4.
อบรมวิธีการปฐมพยาบาลผู้ป่วยที่สัมผัสสารเคมีเบื้องต้น
-จัดเตรียมอุปกรณ์ในการปฐมพยาบาล
-ห้ามนําอาหารมารับประทานในพื้นที่ทำงานโดยเด็ดขาด
-ทำความสะอาดร่างกายทุกครั้งที่พักหรือเลิกงาน
-ปฏิบัติตามวิธีปฐมพยาบาลเบื้องต้นอย่างเคร่งครัด
Residual Risk Fator Risk Priority Accept table
(ลำดับความเสี่ยง) (โอกาสที่จะเกิด
HCR PR RF ความเสียง)
(กวาวสามารถ
ในการยอมรับ)
3 1
3
Low
(ต๋า)
Note: HCR = Hazard Class Rating PR = Probability Rating RF - Risk Factor
1-4 = Low Risk
5-7 = Medium Risk 8-16 = High Risk
1-4 = มีความเสี่ยงต่ำ 5-7-เสี่ยงปานกลาง 8-16 - มีความเสี่ยงสูง
1000
122
[1] Chapter: Repair With Cementitious Mortar, Page: 13
บานัท จิโน-ไทย เช่น เนียง แฮนด์ คอนสตรัคชั่น จํากัด (มหาชน)
STEDON
SINO THAI ENGINEERING & CONSTRUCTION POBLE COSUPANY LISUTTE
Project: SEWERAGE TUNNEL BUNG NONG BON
TO CHAOPHRAYA RIVER
3.3 หลังจากปูนฉาบแห้งแล้ว ใช้กระดาษทรายขัดบริเวณที่ฉาบให้มีผิวเรียบเสมอกับผิว
คอนกรีตบริเวณอื่น
ขัดผิวบริเวณที่ทำการฉาบ
รูปที่ 4 แสดงการขัดผิวปูนฉาบ
3.4 ผสมปูนฉาบให้เหลว ใช้ฟองน้ำหรือลูกกลิ้งชุบแล้วลูบที่ผิวคอนกรีต เพื่อให้ผิวคอนกรีต
มีสีสม่ำเสมอ
Document No.","122
Mund-Titxt Dades&COSTRICH HELIC LI
Hazard
Item
(อันตราย)
(อันดับ)
อันตรายจากการกลืน
4
สารเคมี
Hazard Event/
Potential
โครงการก่อสร้างอุโมงค์ระบายน้ำจากบึงหนองบอนลงสู่แม่น้ำเจ้าพระยา
ตารางแสดงการประเมินความเสี่ยงที่อาจเกิดขึ้นในการซ่อมแซมชิ้นส่วนอุโมงค์ แสดงไว้ในตารางที่ (1)
ตารางที่ (1) Risk Assessment in Repair Working (การประเมินความเสี่ยงในการซ่อมแซมชิ้นส่วนอุโมงค์)
(เหตุการณ์อันตรายที่อาจเกิดขึ้น)
-เนื้อเยื่อในช่องปากถูกทำลาย
-ระบบทางเดินอาหารไหม้อย่างรุนแรง
Initial Risk Rating
(ระดับความเสียง)
HCR PR RF
4
-
Method of Minimization
(วิธีการลดความเสียง)
4.
อบรมวิธีการปฐมพยาบาลผู้ป่วยที่สัมผัสสารเคมีเบื้องต้น
-จัดเตรียมอุปกรณ์ในการปฐมพยาบาล
-ห้ามนําอาหารมารับประทานในพื้นที่ทำงานโดยเด็ดขาด
-ทำความสะอาดร่างกายทุกครั้งที่พักหรือเลิกงาน
-ปฏิบัติตามวิธีปฐมพยาบาลเบื้องต้นอย่างเคร่งครัด
Residual Risk Fator Risk Priority Accept table
(ลำดับความเสี่ยง) (โอกาสที่จะเกิด
HCR PR RF ความเสียง)
(กวาวสามารถ
ในการยอมรับ)
3 1
3
Low
(ต๋า)
Note: HCR = Hazard Class Rating PR = Probability Rating RF - Risk Factor
1-4 = Low Risk
5-7 = Medium Risk 8-16 = High Risk
1-4 = มีความเสี่ยงต่ำ 5-7-เสี่ยงปานกลาง 8-16 - มีความเสี่ยงสูง
1000
122
[1] Chapter: Repair With Cementitious Mortar, Page: 13
บานัท จิโน-ไทย เช่น เนียง แฮนด์ คอนสตรัคชั่น จํากัด (มหาชน)
STEDON
SINO THAI ENGINEERING & CONSTRUCTION POBLE COSUPANY LISUTTE
Project: SEWERAGE TUNNEL BUNG NONG BON
TO CHAOPHRAYA RIVER
3.3 หลังจากปูนฉาบแห้งแล้ว ใช้กระดาษทรายขัดบริเวณที่ฉาบให้มีผิวเรียบเสมอกับผิว
คอนกรีตบริเวณอื่น
ขัดผิวบริเวณที่ทำการฉาบ
รูปที่ 4 แสดงการขัดผิวปูนฉาบ
3.4 ผสมปูนฉาบให้เหลว ใช้ฟองน้ำหรือลูกกลิ้งชุบแล้วลูบที่ผิวคอนกรีต เพื่อให้ผิวคอนกรีต
มีสีสม่ำเสมอ
Document No.",extractive-fallback,"- เ ง แ ก น (m)
MAN-TIENINIZING & CONTIFIC COM
RISK FACTOR MATRIX
โครงการก่อสร้างอุโมงค์ระบายน้ำจากบึงหนองบอนลงสู่แม่น้ำเจ้าพระยา
2864
12
2
m
4
HCR
(ระดับความรุนแรงของความเสี่ยง) มีความรุนแรงมากขึ้นขั้นเสียชีวิต
-มีความรุนแรงที่อาจทำให้บาดเจ็บสาหัสหรือเสียชีวิต
-มีความรุนแรงในระดับที่ก่อให้เกิดการบาดเจ็บได้
-มีความรุนแรงเล็กน้อย
PR
=4
4
3
=3
H
4
16
=2
C
D
=1
3
12
62
12
9
R
2
19
co
8
6
PR
-มีความเสี่ยงที่จะเกิดขึ้นได้ตลอดเวลา
=4
i
4
3
(ระดับความเป็นไปได้
ของความเสี่ยง)
-มีความเสี่ยงที่จะเกิดขืนหากภาวะแวดล้อมเอื้ออ้านวย =3
-มีโอกาสเกิดขึ้นได้
=2
-มีโอกาสน้อยที่จะเกิดขึ้น
=1
METHODOLOGY
RF
(ปัจจัยเสี่ยง)
|= HCR *PR
Note: HCR = Hazard Class Rating PR = Probability Rating RF = Risk Factor
1-4 = Low Riskc
=3
5-7 = Medium Risk 8-16 - High Risk
1-4 = มีความเสี่ยงต่ำ 5-7-เสี่ยงปานกลาง 8-16 = มีความเสี่ยงสูง
123
RISK PRIORITY (ระดับความเสี่ยง)
8-16 High Risk (ความเสี่ยงสูง)
5-7
Medium Risk (ความเสียงปานกลาง)
Low Risk (ความเสียงต่ำ)
3
2
1
1-4
1.ระบุพื้นที่เสี่ยงอันตราย
2.รายการเกิดเหตุอันตราย
3.คำนวณความเสี่ยงและมีการจัดอันดับความเสี่ยงเบื้องต้น
4.รายละเอียดการควบคุม
ร.ค้านวณความเสี่ยงและมีการประเมินความเสี่ยง
6.ใส่ระดับความเสี่ยง
7.ประเมินความเสี่ยง
CONTROLS SHOULD ACHIEVE A LOW RISK PRIORITY
(ความเสี่ยงจะด่าหากมีการควบคุม)
13
Issue 2
Date : 20/6/2017
4 of 5
[3] Chapter: Risk Assessment In Repair Working, Page: 122
Mund-Titxt Dades&COSTRICH HELIC LI
Hazard
Item
(อันตราย)
(อันดับ)
อันตรายจากการกลืน
4
สารเคมี
Hazard Event/
Potential
โครงการก่อสร้างอุโมงค์ระบายน้ำจากบึงหนองบอนลงสู่แม่น้ำเจ้าพระยา
ตารางแสดงการประเมินความเสี่ยงที่อาจเกิดขึ้นในการซ่อมแซมชิ้นส่วนอุโมงค์ แสดงไว้ในตารางที่ (1)
ตารางที่ (1) Risk Assessment in Repair Working (การประเมินความเสี่ยงในการซ่อมแซมชิ้นส่วนอุโมงค์)
(เหตุการณ์อันตรายที่อาจเกิดขึ้น)
-เนื้อเยื่อในช่องปากถูกทำลาย
-ระบบทางเดินอาหารไหม้อย่างรุนแรง
Initial Risk Rating
(ระดับความเสียง)
HCR PR RF
4
-
Method of Minimization
(วิธีการลดความเสียง)
4.
อบรมวิธีการปฐมพยาบาลผู้ป่วยที่สัมผัสสารเคมีเบื้องต้น
-จัดเตรียมอุปกรณ์ในการปฐมพยาบาล
-ห้ามนําอาหารมารับประทานในพื้นที่ทำงานโดยเด็ดขาด
-ทำความสะอาดร่างกายทุกครั้งที่พักหรือเลิกงาน
-ปฏิบัติตามวิธีปฐมพยาบาลเบื้องต้นอย่างเคร่งครัด
Residual Risk Fator Risk Priority Accept table
(ลำดับความเสี่ยง) (โอกาสที่จะเกิด
HCR PR RF ความเสียง)
(กวาวสามารถ
ในการยอมรับ)
3 1
3
Low
(ต๋า)
Note: HCR = Hazard Class Rating PR = Probability Rating RF - Risk Factor
1-4 = Low Risk
5-7 = Medium Risk 8-16 = High Risk
1-4 = มีความเสี่ยงต่ำ 5-7-เสี่ยงปานกลาง 8-16 - มีความเสี่ยงสูง
1000
122
[1] Chapter: Repair With Cementitious Mortar, Page: 13
บานัท จิโน-ไทย เช่น เนียง แฮนด์ คอนสตรัคชั่น จํากัด (มหาชน)
STEDON
SINO THAI ENGINEERING & CONSTRUCTION POBLE COSUPANY LISUTTE
Project: SEWERAGE TUNNEL BUNG NONG BON
TO CHAOPHRAYA RIVER
3.3 หลังจากปูนฉาบแห้งแล้ว ใช้กระดาษทรายขัดบริเวณที่ฉาบให้มีผิวเรียบเสมอกับผิว
คอนกรีตบริเวณอื่น
ขัดผิวบริเวณที่ทำการฉาบ
รูปที่ 4 แสดงการขัดผิวปูนฉาบ
3.4 ผสมปูนฉาบให้เหลว ใช้ฟองน้ำหรือลูกกลิ้งชุบแล้วลูบที่ผิวคอนกรีต เพื่อให้ผิวคอนกรีต
มีสีสม่ำเสมอ
Document No."
" เกณฑ์การพิจารณา ""ไม่ต้องซ่อมแซม"" (No Repair) สำหรับรอยร้าวประเภท Hard Crack คืออะไร", เมื่อรอยร้าวมีความกว้าง (A) น้อยกว่าหรือเท่ากับ 0.1 มม.,3,Construction-Related,Repair Method,"Release/Amendment
Page No.
Release/Amendment
Page No.
a.Hard Crack
Table1 Guideline for Crack Repair
Project: SEWERAGE TUNNEL BUNG NONG BON
TO CHAOPHRAYA RIVER
B.
b.Shrinkage Crack
Action
Reference Method
A(mm.)
B(mm.)
1.No Repair
≤0.1
≤0.3
Depth<15
2.Repair with
RP-TN-01
0.1<A<0.3
0.3<B≤0.5
Cementious Mortar
Depth>15
3.Repair with Epoxy
RP-TN-02
0.3≤A≤0.5
Resin
Depth>15
4.Reject
>0.5
>0.5
Depth to hydro swelling
Document No.
TYPE OF DAEMAGE
Crack
Spalling Edge
REPAIR PROCEDURE
Reference Method:
Spalling Recesses
Other.",3,extractive-fallback,"Release/Amendment
Page No.
Release/Amendment
Page No.
a.Hard Crack
Table1 Guideline for Crack Repair
Project: SEWERAGE TUNNEL BUNG NONG BON
TO CHAOPHRAYA RIVER
B.
b.Shrinkage Crack
Action
Reference Method
A(mm.)
B(mm.)
1.No Repair
≤0.1
≤0.3
Depth<15
2.Repair with
RP-TN-01
0.1<A<0.3
0.3<B≤0.5
Cementious Mortar
Depth>15
3.Repair with Epoxy
RP-TN-02
0.3≤A≤0.5
Resin
Depth>15
4.Reject
>0.5
>0.5
Depth to hydro swelling
Document No.
TYPE OF DAEMAGE
Crack
Spalling Edge
REPAIR PROCEDURE
Reference Method:
Spalling Recesses
Other.",Construction-Related,Repair Method,"Release/Amendment
Page No.
Release/Amendment
Page No.
a.Hard Crack
Table1 Guideline for Crack Repair
Project: SEWERAGE TUNNEL BUNG NONG BON
TO CHAOPHRAYA RIVER
B.
b.Shrinkage Crack
Action
Reference Method
A(mm.)
B(mm.)
1.No Repair
≤0.1
≤0.3
Depth<15
2.Repair with
RP-TN-01
0.1<A<0.3
0.3<B≤0.5
Cementious Mortar
Depth>15
3.Repair with Epoxy
RP-TN-02
0.3≤A≤0.5
Resin
Depth>15
4.Reject
>0.5
>0.5
Depth to hydro swelling
Document No.
TYPE OF DAEMAGE
Crack
Spalling Edge
REPAIR PROCEDURE
Reference Method:
Spalling Recesses
Other.",3,extractive-fallback,"Release/Amendment
Page No.
Release/Amendment
Page No.
a.Hard Crack
Table1 Guideline for Crack Repair
Project: SEWERAGE TUNNEL BUNG NONG BON
TO CHAOPHRAYA RIVER
B.
b.Shrinkage Crack
Action
Reference Method
A(mm.)
B(mm.)
1.No Repair
≤0.1
≤0.3
Depth<15
2.Repair with
RP-TN-01
0.1<A<0.3
0.3<B≤0.5
Cementious Mortar
Depth>15
3.Repair with Epoxy
RP-TN-02
0.3≤A≤0.5
Resin
Depth>15
4.Reject
>0.5
>0.5
Depth to hydro swelling
Document No.
TYPE OF DAEMAGE
Crack
Spalling Edge
REPAIR PROCEDURE
Reference Method:
Spalling Recesses
Other.",Construction-Related,Repair Method,"Release/Amendment
Page No.
Release/Amendment
Page No.
a.Hard Crack
Table1 Guideline for Crack Repair
Project: SEWERAGE TUNNEL BUNG NONG BON
TO CHAOPHRAYA RIVER
B.
b.Shrinkage Crack
Action
Reference Method
A(mm.)
B(mm.)
1.No Repair
≤0.1
≤0.3
Depth<15
2.Repair with
RP-TN-01
0.1<A<0.3
0.3<B≤0.5
Cementious Mortar
Depth>15
3.Repair with Epoxy
RP-TN-02
0.3≤A≤0.5
Resin
Depth>15
4.Reject
>0.5
>0.5
Depth to hydro swelling
Document No.
TYPE OF DAEMAGE
Crack
Spalling Edge
REPAIR PROCEDURE
Reference Method:
Spalling Recesses
Other.",3,extractive-fallback,"Release/Amendment
Page No.
Release/Amendment
Page No.
a.Hard Crack
Table1 Guideline for Crack Repair
Project: SEWERAGE TUNNEL BUNG NONG BON
TO CHAOPHRAYA RIVER
B.
b.Shrinkage Crack
Action
Reference Method
A(mm.)
B(mm.)
1.No Repair
≤0.1
≤0.3
Depth<15
2.Repair with
RP-TN-01
0.1<A<0.3
0.3<B≤0.5
Cementious Mortar
Depth>15
3.Repair with Epoxy
RP-TN-02
0.3≤A≤0.5
Resin
Depth>15
4.Reject
>0.5
>0.5
Depth to hydro swelling
Document No.
TYPE OF DAEMAGE
Crack
Spalling Edge
REPAIR PROCEDURE
Reference Method:
Spalling Recesses
Other.",Construction-Related,Repair Method,"Release/Amendment
Page No.
Release/Amendment
Page No.
a.Hard Crack
Table1 Guideline for Crack Repair
Project: SEWERAGE TUNNEL BUNG NONG BON
TO CHAOPHRAYA RIVER
B.
b.Shrinkage Crack
Action
Reference Method
A(mm.)
B(mm.)
1.No Repair
≤0.1
≤0.3
Depth<15
2.Repair with
RP-TN-01
0.1<A<0.3
0.3<B≤0.5
Cementious Mortar
Depth>15
3.Repair with Epoxy
RP-TN-02
0.3≤A≤0.5
Resin
Depth>15
4.Reject
>0.5
>0.5
Depth to hydro swelling
Document No.
TYPE OF DAEMAGE
Crack
Spalling Edge
REPAIR PROCEDURE
Reference Method:
Spalling Recesses
Other.",3,extractive-fallback,"Release/Amendment
Page No.
Release/Amendment
Page No.
a.Hard Crack
Table1 Guideline for Crack Repair
Project: SEWERAGE TUNNEL BUNG NONG BON
TO CHAOPHRAYA RIVER
B.
b.Shrinkage Crack
Action
Reference Method
A(mm.)
B(mm.)
1.No Repair
≤0.1
≤0.3
Depth<15
2.Repair with
RP-TN-01
0.1<A<0.3
0.3<B≤0.5
Cementious Mortar
Depth>15
3.Repair with Epoxy
RP-TN-02
0.3≤A≤0.5
Resin
Depth>15
4.Reject
>0.5
>0.5
Depth to hydro swelling
Document No.
TYPE OF DAEMAGE
Crack
Spalling Edge
REPAIR PROCEDURE
Reference Method:
Spalling Recesses
Other."
" เกณฑ์การพิจารณา ""ไม่ต้องซ่อมแซม"" (No Repair) สำหรับรอยร้าวประเภท Shrinkage Crack คืออะไร", เมื่อรอยร้าวมีความกว้าง (B) น้อยกว่าหรือเท่ากับ 0.3 มม. และมีความลึกน้อยกว่า 15 มม.,3,Construction-Related,Repair Method,"รวมทั้งใช้ในการ
ซ่อมแซมรอยร้าวแบบ Shrinkage Crack ที่มีความกว้าง 0.3-0.5mm.
Release/Amendment
Page No.
Release/Amendment
Page No.
b.Shrinkage Crack
Action
Reference Method
A(mm.)
B(mm.)
1.No Repair
≤0.1
≤0.3
Depth<15
2.Repair with
RP-TN-01
0.1<A<0.3
0.3<B≤0.5
Cementious Mortar
Depth>15
3.Repair with Epoxy
RP-TN-02
0.3≤A≤0.5
Resin
Depth>15
4.Reject
>0.5
>0.5
Depth to hydro swelling
Document No.
a.Hard Crack
Table1 Guideline for Crack Repair
Project: SEWERAGE TUNNEL BUNG NONG BON
TO CHAOPHRAYA RIVER
B.",3,extractive-fallback,"รวมทั้งใช้ในการ
ซ่อมแซมรอยร้าวแบบ Shrinkage Crack ที่มีความกว้าง 0.3-0.5mm.
Release/Amendment
Page No.
Release/Amendment
Page No.
b.Shrinkage Crack
Action
Reference Method
A(mm.)
B(mm.)
1.No Repair
≤0.1
≤0.3
Depth<15
2.Repair with
RP-TN-01
0.1<A<0.3
0.3<B≤0.5
Cementious Mortar
Depth>15
3.Repair with Epoxy
RP-TN-02
0.3≤A≤0.5
Resin
Depth>15
4.Reject
>0.5
>0.5
Depth to hydro swelling
Document No.
a.Hard Crack
Table1 Guideline for Crack Repair
Project: SEWERAGE TUNNEL BUNG NONG BON
TO CHAOPHRAYA RIVER
B.",Construction-Related,Repair Method,"รวมทั้งใช้ในการ
ซ่อมแซมรอยร้าวแบบ Shrinkage Crack ที่มีความกว้าง 0.3-0.5mm.
Release/Amendment
Page No.
Release/Amendment
Page No.
b.Shrinkage Crack
Action
Reference Method
A(mm.)
B(mm.)
1.No Repair
≤0.1
≤0.3
Depth<15
2.Repair with
RP-TN-01
0.1<A<0.3
0.3<B≤0.5
Cementious Mortar
Depth>15
3.Repair with Epoxy
RP-TN-02
0.3≤A≤0.5
Resin
Depth>15
4.Reject
>0.5
>0.5
Depth to hydro swelling
Document No.
a.Hard Crack
Table1 Guideline for Crack Repair
Project: SEWERAGE TUNNEL BUNG NONG BON
TO CHAOPHRAYA RIVER
B.",3,extractive-fallback,"รวมทั้งใช้ในการ
ซ่อมแซมรอยร้าวแบบ Shrinkage Crack ที่มีความกว้าง 0.3-0.5mm.
Release/Amendment
Page No.
Release/Amendment
Page No.
b.Shrinkage Crack
Action
Reference Method
A(mm.)
B(mm.)
1.No Repair
≤0.1
≤0.3
Depth<15
2.Repair with
RP-TN-01
0.1<A<0.3
0.3<B≤0.5
Cementious Mortar
Depth>15
3.Repair with Epoxy
RP-TN-02
0.3≤A≤0.5
Resin
Depth>15
4.Reject
>0.5
>0.5
Depth to hydro swelling
Document No.
a.Hard Crack
Table1 Guideline for Crack Repair
Project: SEWERAGE TUNNEL BUNG NONG BON
TO CHAOPHRAYA RIVER
B.",Construction-Related,Repair Method,"รวมทั้งใช้ในการ
ซ่อมแซมรอยร้าวแบบ Shrinkage Crack ที่มีความกว้าง 0.3-0.5mm.
Release/Amendment
Page No.
Release/Amendment
Page No.
b.Shrinkage Crack
Action
Reference Method
A(mm.)
B(mm.)
1.No Repair
≤0.1
≤0.3
Depth<15
2.Repair with
RP-TN-01
0.1<A<0.3
0.3<B≤0.5
Cementious Mortar
Depth>15
3.Repair with Epoxy
RP-TN-02
0.3≤A≤0.5
Resin
Depth>15
4.Reject
>0.5
>0.5
Depth to hydro swelling
Document No.
a.Hard Crack
Table1 Guideline for Crack Repair
Project: SEWERAGE TUNNEL BUNG NONG BON
TO CHAOPHRAYA RIVER
B.",3,extractive-fallback,"รวมทั้งใช้ในการ
ซ่อมแซมรอยร้าวแบบ Shrinkage Crack ที่มีความกว้าง 0.3-0.5mm.
Release/Amendment
Page No.
Release/Amendment
Page No.
b.Shrinkage Crack
Action
Reference Method
A(mm.)
B(mm.)
1.No Repair
≤0.1
≤0.3
Depth<15
2.Repair with
RP-TN-01
0.1<A<0.3
0.3<B≤0.5
Cementious Mortar
Depth>15
3.Repair with Epoxy
RP-TN-02
0.3≤A≤0.5
Resin
Depth>15
4.Reject
>0.5
>0.5
Depth to hydro swelling
Document No.
a.Hard Crack
Table1 Guideline for Crack Repair
Project: SEWERAGE TUNNEL BUNG NONG BON
TO CHAOPHRAYA RIVER
B.",Construction-Related,Repair Method,"รวมทั้งใช้ในการ
ซ่อมแซมรอยร้าวแบบ Shrinkage Crack ที่มีความกว้าง 0.3-0.5mm.
Release/Amendment
Page No.
Release/Amendment
Page No.
b.Shrinkage Crack
Action
Reference Method
A(mm.)
B(mm.)
1.No Repair
≤0.1
≤0.3
Depth<15
2.Repair with
RP-TN-01
0.1<A<0.3
0.3<B≤0.5
Cementious Mortar
Depth>15
3.Repair with Epoxy
RP-TN-02
0.3≤A≤0.5
Resin
Depth>15
4.Reject
>0.5
>0.5
Depth to hydro swelling
Document No.
a.Hard Crack
Table1 Guideline for Crack Repair
Project: SEWERAGE TUNNEL BUNG NONG BON
TO CHAOPHRAYA RIVER
B.",3,extractive-fallback,"รวมทั้งใช้ในการ
ซ่อมแซมรอยร้าวแบบ Shrinkage Crack ที่มีความกว้าง 0.3-0.5mm.
Release/Amendment
Page No.
Release/Amendment
Page No.
b.Shrinkage Crack
Action
Reference Method
A(mm.)
B(mm.)
1.No Repair
≤0.1
≤0.3
Depth<15
2.Repair with
RP-TN-01
0.1<A<0.3
0.3<B≤0.5
Cementious Mortar
Depth>15
3.Repair with Epoxy
RP-TN-02
0.3≤A≤0.5
Resin
Depth>15
4.Reject
>0.5
>0.5
Depth to hydro swelling
Document No.
a.Hard Crack
Table1 Guideline for Crack Repair
Project: SEWERAGE TUNNEL BUNG NONG BON
TO CHAOPHRAYA RIVER
B."
 วิธีการซ่อมแซมรอยร้าวประเภท Hard Crack ที่มีความกว้างมากกว่า 0.1 มม. แต่น้อยกว่า 0.3 มม. คือวิธีใด, ซ่อมแซมด้วย Cementitious Mortar (วิธีการอ้างอิง RP-TN-01),3,Construction-Related,Repair Method,"b.Shrinkage Crack
Action
Reference Method
A(mm.)
B(mm.)
1.No Repair
≤0.1
≤0.3
Depth<15
2.Repair with
RP-TN-01
0.1<A<0.3
0.3<B≤0.5
Cementious Mortar
Depth>15
3.Repair with Epoxy
RP-TN-02
0.3≤A≤0.5
Resin
Depth>15
4.Reject
>0.5
>0.5
Depth to hydro swelling
Document No.
รวมทั้งใช้ในการ
ซ่อมแซมรอยร้าวแบบ Shrinkage Crack ที่มีความกว้าง 0.3-0.5mm.
ปูนฉาบแต่งตราผึ้ง 124
ปูนฉาบแต่งตราผึ้ง 124L
ปูนตราผึ้ง
ปูน: 1 = 1:0.4
โดยน้าหนัก
ปูนตราผึ้ง
ปูน:นํ้า = 1:0.4 โดยนํ้าหนัก
5.
ถ้าต้องการความหนาเกิน 2 มม.
โดยการวัดความกว้างของรอย
ร้าวต้องใช้แผ่น Crack Width Indicator ในการวัด
[
[
[
ผงซีเมนต์ที่ใช้ในการซ่อมแซมมีคุณสมบัติในการต้านทานการสึกหรอ สามารถยึดเกาะกับผิว
คอนกรีตเดิมได้ดี และมีสีที่ใกล้เคียงกับสีคอนกรีต
[
[
[
ขนาดความกว้างของรอยร้าว
[
000
0.10
-0.20
[
0.30
0.40
[
[
รูปที่ 1 แสดงการวัดความกว้างของรอยร้าวโดยใช้ Crack Width Indicator
Document No.",3,extractive-fallback,"b.Shrinkage Crack
Action
Reference Method
A(mm.)
B(mm.)
1.No Repair
≤0.1
≤0.3
Depth<15
2.Repair with
RP-TN-01
0.1<A<0.3
0.3<B≤0.5
Cementious Mortar
Depth>15
3.Repair with Epoxy
RP-TN-02
0.3≤A≤0.5
Resin
Depth>15
4.Reject
>0.5
>0.5
Depth to hydro swelling
Document No.
รวมทั้งใช้ในการ
ซ่อมแซมรอยร้าวแบบ Shrinkage Crack ที่มีความกว้าง 0.3-0.5mm.
ปูนฉาบแต่งตราผึ้ง 124
ปูนฉาบแต่งตราผึ้ง 124L
ปูนตราผึ้ง
ปูน: 1 = 1:0.4
โดยน้าหนัก
ปูนตราผึ้ง
ปูน:นํ้า = 1:0.4 โดยนํ้าหนัก
5.
ถ้าต้องการความหนาเกิน 2 มม.
โดยการวัดความกว้างของรอย
ร้าวต้องใช้แผ่น Crack Width Indicator ในการวัด
[
[
[
ผงซีเมนต์ที่ใช้ในการซ่อมแซมมีคุณสมบัติในการต้านทานการสึกหรอ สามารถยึดเกาะกับผิว
คอนกรีตเดิมได้ดี และมีสีที่ใกล้เคียงกับสีคอนกรีต
[
[
[
ขนาดความกว้างของรอยร้าว
[
000
0.10
-0.20
[
0.30
0.40
[
[
รูปที่ 1 แสดงการวัดความกว้างของรอยร้าวโดยใช้ Crack Width Indicator
Document No.",Construction-Related,Repair Method,"b.Shrinkage Crack
Action
Reference Method
A(mm.)
B(mm.)
1.No Repair
≤0.1
≤0.3
Depth<15
2.Repair with
RP-TN-01
0.1<A<0.3
0.3<B≤0.5
Cementious Mortar
Depth>15
3.Repair with Epoxy
RP-TN-02
0.3≤A≤0.5
Resin
Depth>15
4.Reject
>0.5
>0.5
Depth to hydro swelling
Document No.
รวมทั้งใช้ในการ
ซ่อมแซมรอยร้าวแบบ Shrinkage Crack ที่มีความกว้าง 0.3-0.5mm.
ปูนฉาบแต่งตราผึ้ง 124
ปูนฉาบแต่งตราผึ้ง 124L
ปูนตราผึ้ง
ปูน: 1 = 1:0.4
โดยน้าหนัก
ปูนตราผึ้ง
ปูน:นํ้า = 1:0.4 โดยนํ้าหนัก
5.
ถ้าต้องการความหนาเกิน 2 มม.
โดยการวัดความกว้างของรอย
ร้าวต้องใช้แผ่น Crack Width Indicator ในการวัด
[
[
[
ผงซีเมนต์ที่ใช้ในการซ่อมแซมมีคุณสมบัติในการต้านทานการสึกหรอ สามารถยึดเกาะกับผิว
คอนกรีตเดิมได้ดี และมีสีที่ใกล้เคียงกับสีคอนกรีต
[
[
[
ขนาดความกว้างของรอยร้าว
[
000
0.10
-0.20
[
0.30
0.40
[
[
รูปที่ 1 แสดงการวัดความกว้างของรอยร้าวโดยใช้ Crack Width Indicator
Document No.",3,extractive-fallback,"b.Shrinkage Crack
Action
Reference Method
A(mm.)
B(mm.)
1.No Repair
≤0.1
≤0.3
Depth<15
2.Repair with
RP-TN-01
0.1<A<0.3
0.3<B≤0.5
Cementious Mortar
Depth>15
3.Repair with Epoxy
RP-TN-02
0.3≤A≤0.5
Resin
Depth>15
4.Reject
>0.5
>0.5
Depth to hydro swelling
Document No.
รวมทั้งใช้ในการ
ซ่อมแซมรอยร้าวแบบ Shrinkage Crack ที่มีความกว้าง 0.3-0.5mm.
ปูนฉาบแต่งตราผึ้ง 124
ปูนฉาบแต่งตราผึ้ง 124L
ปูนตราผึ้ง
ปูน: 1 = 1:0.4
โดยน้าหนัก
ปูนตราผึ้ง
ปูน:นํ้า = 1:0.4 โดยนํ้าหนัก
5.
ถ้าต้องการความหนาเกิน 2 มม.
โดยการวัดความกว้างของรอย
ร้าวต้องใช้แผ่น Crack Width Indicator ในการวัด
[
[
[
ผงซีเมนต์ที่ใช้ในการซ่อมแซมมีคุณสมบัติในการต้านทานการสึกหรอ สามารถยึดเกาะกับผิว
คอนกรีตเดิมได้ดี และมีสีที่ใกล้เคียงกับสีคอนกรีต
[
[
[
ขนาดความกว้างของรอยร้าว
[
000
0.10
-0.20
[
0.30
0.40
[
[
รูปที่ 1 แสดงการวัดความกว้างของรอยร้าวโดยใช้ Crack Width Indicator
Document No.",Construction-Related,Repair Method,"b.Shrinkage Crack
Action
Reference Method
A(mm.)
B(mm.)
1.No Repair
≤0.1
≤0.3
Depth<15
2.Repair with
RP-TN-01
0.1<A<0.3
0.3<B≤0.5
Cementious Mortar
Depth>15
3.Repair with Epoxy
RP-TN-02
0.3≤A≤0.5
Resin
Depth>15
4.Reject
>0.5
>0.5
Depth to hydro swelling
Document No.
รวมทั้งใช้ในการ
ซ่อมแซมรอยร้าวแบบ Shrinkage Crack ที่มีความกว้าง 0.3-0.5mm.
ปูนฉาบแต่งตราผึ้ง 124
ปูนฉาบแต่งตราผึ้ง 124L
ปูนตราผึ้ง
ปูน: 1 = 1:0.4
โดยน้าหนัก
ปูนตราผึ้ง
ปูน:นํ้า = 1:0.4 โดยนํ้าหนัก
5.
ถ้าต้องการความหนาเกิน 2 มม.
โดยการวัดความกว้างของรอย
ร้าวต้องใช้แผ่น Crack Width Indicator ในการวัด
[
[
[
ผงซีเมนต์ที่ใช้ในการซ่อมแซมมีคุณสมบัติในการต้านทานการสึกหรอ สามารถยึดเกาะกับผิว
คอนกรีตเดิมได้ดี และมีสีที่ใกล้เคียงกับสีคอนกรีต
[
[
[
ขนาดความกว้างของรอยร้าว
[
000
0.10
-0.20
[
0.30
0.40
[
[
รูปที่ 1 แสดงการวัดความกว้างของรอยร้าวโดยใช้ Crack Width Indicator
Document No.",3,extractive-fallback,"b.Shrinkage Crack
Action
Reference Method
A(mm.)
B(mm.)
1.No Repair
≤0.1
≤0.3
Depth<15
2.Repair with
RP-TN-01
0.1<A<0.3
0.3<B≤0.5
Cementious Mortar
Depth>15
3.Repair with Epoxy
RP-TN-02
0.3≤A≤0.5
Resin
Depth>15
4.Reject
>0.5
>0.5
Depth to hydro swelling
Document No.
รวมทั้งใช้ในการ
ซ่อมแซมรอยร้าวแบบ Shrinkage Crack ที่มีความกว้าง 0.3-0.5mm.
ปูนฉาบแต่งตราผึ้ง 124
ปูนฉาบแต่งตราผึ้ง 124L
ปูนตราผึ้ง
ปูน: 1 = 1:0.4
โดยน้าหนัก
ปูนตราผึ้ง
ปูน:นํ้า = 1:0.4 โดยนํ้าหนัก
5.
ถ้าต้องการความหนาเกิน 2 มม.
โดยการวัดความกว้างของรอย
ร้าวต้องใช้แผ่น Crack Width Indicator ในการวัด
[
[
[
ผงซีเมนต์ที่ใช้ในการซ่อมแซมมีคุณสมบัติในการต้านทานการสึกหรอ สามารถยึดเกาะกับผิว
คอนกรีตเดิมได้ดี และมีสีที่ใกล้เคียงกับสีคอนกรีต
[
[
[
ขนาดความกว้างของรอยร้าว
[
000
0.10
-0.20
[
0.30
0.40
[
[
รูปที่ 1 แสดงการวัดความกว้างของรอยร้าวโดยใช้ Crack Width Indicator
Document No.",Construction-Related,Repair Method,"b.Shrinkage Crack
Action
Reference Method
A(mm.)
B(mm.)
1.No Repair
≤0.1
≤0.3
Depth<15
2.Repair with
RP-TN-01
0.1<A<0.3
0.3<B≤0.5
Cementious Mortar
Depth>15
3.Repair with Epoxy
RP-TN-02
0.3≤A≤0.5
Resin
Depth>15
4.Reject
>0.5
>0.5
Depth to hydro swelling
Document No.
รวมทั้งใช้ในการ
ซ่อมแซมรอยร้าวแบบ Shrinkage Crack ที่มีความกว้าง 0.3-0.5mm.
ปูนฉาบแต่งตราผึ้ง 124
ปูนฉาบแต่งตราผึ้ง 124L
ปูนตราผึ้ง
ปูน: 1 = 1:0.4
โดยน้าหนัก
ปูนตราผึ้ง
ปูน:นํ้า = 1:0.4 โดยนํ้าหนัก
5.
ถ้าต้องการความหนาเกิน 2 มม.
โดยการวัดความกว้างของรอย
ร้าวต้องใช้แผ่น Crack Width Indicator ในการวัด
[
[
[
ผงซีเมนต์ที่ใช้ในการซ่อมแซมมีคุณสมบัติในการต้านทานการสึกหรอ สามารถยึดเกาะกับผิว
คอนกรีตเดิมได้ดี และมีสีที่ใกล้เคียงกับสีคอนกรีต
[
[
[
ขนาดความกว้างของรอยร้าว
[
000
0.10
-0.20
[
0.30
0.40
[
[
รูปที่ 1 แสดงการวัดความกว้างของรอยร้าวโดยใช้ Crack Width Indicator
Document No.",3,extractive-fallback,"b.Shrinkage Crack
Action
Reference Method
A(mm.)
B(mm.)
1.No Repair
≤0.1
≤0.3
Depth<15
2.Repair with
RP-TN-01
0.1<A<0.3
0.3<B≤0.5
Cementious Mortar
Depth>15
3.Repair with Epoxy
RP-TN-02
0.3≤A≤0.5
Resin
Depth>15
4.Reject
>0.5
>0.5
Depth to hydro swelling
Document No.
รวมทั้งใช้ในการ
ซ่อมแซมรอยร้าวแบบ Shrinkage Crack ที่มีความกว้าง 0.3-0.5mm.
ปูนฉาบแต่งตราผึ้ง 124
ปูนฉาบแต่งตราผึ้ง 124L
ปูนตราผึ้ง
ปูน: 1 = 1:0.4
โดยน้าหนัก
ปูนตราผึ้ง
ปูน:นํ้า = 1:0.4 โดยนํ้าหนัก
5.
ถ้าต้องการความหนาเกิน 2 มม.
โดยการวัดความกว้างของรอย
ร้าวต้องใช้แผ่น Crack Width Indicator ในการวัด
[
[
[
ผงซีเมนต์ที่ใช้ในการซ่อมแซมมีคุณสมบัติในการต้านทานการสึกหรอ สามารถยึดเกาะกับผิว
คอนกรีตเดิมได้ดี และมีสีที่ใกล้เคียงกับสีคอนกรีต
[
[
[
ขนาดความกว้างของรอยร้าว
[
000
0.10
-0.20
[
0.30
0.40
[
[
รูปที่ 1 แสดงการวัดความกว้างของรอยร้าวโดยใช้ Crack Width Indicator
Document No."
 หากรอยร้าวมีความกว้างตั้งแต่ 0.3 มม. ถึง 0.5 มม. และมีความลึกมากกว่า 15 มม. ต้องซ่อมแซมด้วยวิธีใด, ซ่อมแซมด้วย Epoxy Resin (วิธีการอ้างอิง RP-TN-02),3,Construction-Related,Repair Method,"b.Shrinkage Crack
Action
Reference Method
A(mm.)
B(mm.)
1.No Repair
≤0.1
≤0.3
Depth<15
2.Repair with
RP-TN-01
0.1<A<0.3
0.3<B≤0.5
Cementious Mortar
Depth>15
3.Repair with Epoxy
RP-TN-02
0.3≤A≤0.5
Resin
Depth>15
4.Reject
>0.5
>0.5
Depth to hydro swelling
Document No.
และมีความลึกมากกว่า 15mm.
ถ้าต้องการความหนาเกิน 2 มม.
ผสมน้ำ 7.5-8.5
ลิตร โดยผสมให้เป็นเนื้อเดียวกัน
(ควรใช้สว่านในการผสม กรณีที่ผสมครั้งละ 1 ถุง)
3.
ควรฉาบหรือรีดทีละชั้นๆ ละไม่เกิน 2 มม.",46,extractive-fallback,"b.Shrinkage Crack
Action
Reference Method
A(mm.)
B(mm.)
1.No Repair
≤0.1
≤0.3
Depth<15
2.Repair with
RP-TN-01
0.1<A<0.3
0.3<B≤0.5
Cementious Mortar
Depth>15
3.Repair with Epoxy
RP-TN-02
0.3≤A≤0.5
Resin
Depth>15
4.Reject
>0.5
>0.5
Depth to hydro swelling
Document No.
และมีความลึกมากกว่า 15mm.
ถ้าต้องการความหนาเกิน 2 มม.
ผสมน้ำ 7.5-8.5
ลิตร โดยผสมให้เป็นเนื้อเดียวกัน
(ควรใช้สว่านในการผสม กรณีที่ผสมครั้งละ 1 ถุง)
3.
ควรฉาบหรือรีดทีละชั้นๆ ละไม่เกิน 2 มม.",Construction-Related,Repair Method,"b.Shrinkage Crack
Action
Reference Method
A(mm.)
B(mm.)
1.No Repair
≤0.1
≤0.3
Depth<15
2.Repair with
RP-TN-01
0.1<A<0.3
0.3<B≤0.5
Cementious Mortar
Depth>15
3.Repair with Epoxy
RP-TN-02
0.3≤A≤0.5
Resin
Depth>15
4.Reject
>0.5
>0.5
Depth to hydro swelling
Document No.
และมีความลึกมากกว่า 15mm.
ถ้าต้องการความหนาเกิน 2 มม.
ผสมน้ำ 7.5-8.5
ลิตร โดยผสมให้เป็นเนื้อเดียวกัน
(ควรใช้สว่านในการผสม กรณีที่ผสมครั้งละ 1 ถุง)
3.
ควรฉาบหรือรีดทีละชั้นๆ ละไม่เกิน 2 มม.",46,extractive-fallback,"b.Shrinkage Crack
Action
Reference Method
A(mm.)
B(mm.)
1.No Repair
≤0.1
≤0.3
Depth<15
2.Repair with
RP-TN-01
0.1<A<0.3
0.3<B≤0.5
Cementious Mortar
Depth>15
3.Repair with Epoxy
RP-TN-02
0.3≤A≤0.5
Resin
Depth>15
4.Reject
>0.5
>0.5
Depth to hydro swelling
Document No.
และมีความลึกมากกว่า 15mm.
ถ้าต้องการความหนาเกิน 2 มม.
ผสมน้ำ 7.5-8.5
ลิตร โดยผสมให้เป็นเนื้อเดียวกัน
(ควรใช้สว่านในการผสม กรณีที่ผสมครั้งละ 1 ถุง)
3.
ควรฉาบหรือรีดทีละชั้นๆ ละไม่เกิน 2 มม.",Construction-Related,Repair Method,"b.Shrinkage Crack
Action
Reference Method
A(mm.)
B(mm.)
1.No Repair
≤0.1
≤0.3
Depth<15
2.Repair with
RP-TN-01
0.1<A<0.3
0.3<B≤0.5
Cementious Mortar
Depth>15
3.Repair with Epoxy
RP-TN-02
0.3≤A≤0.5
Resin
Depth>15
4.Reject
>0.5
>0.5
Depth to hydro swelling
Document No.
และมีความลึกมากกว่า 15mm.
ถ้าต้องการความหนาเกิน 2 มม.
ผสมน้ำ 7.5-8.5
ลิตร โดยผสมให้เป็นเนื้อเดียวกัน
(ควรใช้สว่านในการผสม กรณีที่ผสมครั้งละ 1 ถุง)
3.
ควรฉาบหรือรีดทีละชั้นๆ ละไม่เกิน 2 มม.",46,extractive-fallback,"b.Shrinkage Crack
Action
Reference Method
A(mm.)
B(mm.)
1.No Repair
≤0.1
≤0.3
Depth<15
2.Repair with
RP-TN-01
0.1<A<0.3
0.3<B≤0.5
Cementious Mortar
Depth>15
3.Repair with Epoxy
RP-TN-02
0.3≤A≤0.5
Resin
Depth>15
4.Reject
>0.5
>0.5
Depth to hydro swelling
Document No.
และมีความลึกมากกว่า 15mm.
ถ้าต้องการความหนาเกิน 2 มม.
ผสมน้ำ 7.5-8.5
ลิตร โดยผสมให้เป็นเนื้อเดียวกัน
(ควรใช้สว่านในการผสม กรณีที่ผสมครั้งละ 1 ถุง)
3.
ควรฉาบหรือรีดทีละชั้นๆ ละไม่เกิน 2 มม.",Construction-Related,Repair Method,"b.Shrinkage Crack
Action
Reference Method
A(mm.)
B(mm.)
1.No Repair
≤0.1
≤0.3
Depth<15
2.Repair with
RP-TN-01
0.1<A<0.3
0.3<B≤0.5
Cementious Mortar
Depth>15
3.Repair with Epoxy
RP-TN-02
0.3≤A≤0.5
Resin
Depth>15
4.Reject
>0.5
>0.5
Depth to hydro swelling
Document No.
และมีความลึกมากกว่า 15mm.
ถ้าต้องการความหนาเกิน 2 มม.
ผสมน้ำ 7.5-8.5
ลิตร โดยผสมให้เป็นเนื้อเดียวกัน
(ควรใช้สว่านในการผสม กรณีที่ผสมครั้งละ 1 ถุง)
3.
ควรฉาบหรือรีดทีละชั้นๆ ละไม่เกิน 2 มม.",46,extractive-fallback,"b.Shrinkage Crack
Action
Reference Method
A(mm.)
B(mm.)
1.No Repair
≤0.1
≤0.3
Depth<15
2.Repair with
RP-TN-01
0.1<A<0.3
0.3<B≤0.5
Cementious Mortar
Depth>15
3.Repair with Epoxy
RP-TN-02
0.3≤A≤0.5
Resin
Depth>15
4.Reject
>0.5
>0.5
Depth to hydro swelling
Document No.
และมีความลึกมากกว่า 15mm.
ถ้าต้องการความหนาเกิน 2 มม.
ผสมน้ำ 7.5-8.5
ลิตร โดยผสมให้เป็นเนื้อเดียวกัน
(ควรใช้สว่านในการผสม กรณีที่ผสมครั้งละ 1 ถุง)
3.
ควรฉาบหรือรีดทีละชั้นๆ ละไม่เกิน 2 มม."
" เกณฑ์การปฏิเสธชิ้นงาน (Reject) สำหรับความเสียหายประเภท ""รอยร้าว"" (Crack) คืออะไร", เมื่อรอยร้าวมีความกว้างมากกว่า 0.5 มม. หรือมีความลึกถึงชั้น Hydro swelling (Depth to hydro swelling),3,Construction-Related,Repair Method,"รวมทั้งใช้ในการ
ซ่อมแซมรอยร้าวแบบ Shrinkage Crack ที่มีความกว้าง 0.3-0.5mm.
a.Hard Crack
Table1 Guideline for Crack Repair
Project: SEWERAGE TUNNEL BUNG NONG BON
TO CHAOPHRAYA RIVER
B.
โดยการวัดความกว้างของรอย
ร้าวต้องใช้แผ่น Crack Width Indicator ในการวัด
[
[
[
ผงซีเมนต์ที่ใช้ในการซ่อมแซมมีคุณสมบัติในการต้านทานการสึกหรอ สามารถยึดเกาะกับผิว
คอนกรีตเดิมได้ดี และมีสีที่ใกล้เคียงกับสีคอนกรีต
[
[
[
ขนาดความกว้างของรอยร้าว
[
000
0.10
-0.20
[
0.30
0.40
[
[
รูปที่ 1 แสดงการวัดความกว้างของรอยร้าวโดยใช้ Crack Width Indicator
Document No.
[1] Chapter: Guildline For Repair, Page: 3
บริษัท ชิน ไทย เอ็นจีเนีย แอนด์ คอนสตรัคชั่น จํากัด (มหาชน)
STECON
SINCE THAI ESRARPEBING & CONSTRUCTION PUBLIC COMPANY LIMITED
• รอยร้าว (Crack)
A.
b.Shrinkage Crack
Action
Reference Method
A(mm.)
B(mm.)
1.No Repair
≤0.1
≤0.3
Depth<15
2.Repair with
RP-TN-01
0.1<A<0.3
0.3<B≤0.5
Cementious Mortar
Depth>15
3.Repair with Epoxy
RP-TN-02
0.3≤A≤0.5
Resin
Depth>15
4.Reject
>0.5
>0.5
Depth to hydro swelling
Document No.","3
บริษัท ชิน ไทย เอ็นจีเนีย แอนด์ คอนสตรัคชั่น จํากัด (มหาชน)
STECON
SINCE THAI ESRARPEBING & CONSTRUCTION PUBLIC COMPANY LIMITED
• รอยร้าว (Crack)
A.
b.Shrinkage Crack
Action
Reference Method
A(mm.)
B(mm.)
1.No Repair
≤0.1
≤0.3
Depth<15
2.Repair with
RP-TN-01
0.1<A<0.3
0.3<B≤0.5
Cementious Mortar
Depth>15
3.Repair with Epoxy
RP-TN-02
0.3≤A≤0.5
Resin
Depth>15
4.Reject
>0.5
>0.5
Depth to hydro swelling
Document No.",extractive-fallback,"รวมทั้งใช้ในการ
ซ่อมแซมรอยร้าวแบบ Shrinkage Crack ที่มีความกว้าง 0.3-0.5mm.
a.Hard Crack
Table1 Guideline for Crack Repair
Project: SEWERAGE TUNNEL BUNG NONG BON
TO CHAOPHRAYA RIVER
B.
โดยการวัดความกว้างของรอย
ร้าวต้องใช้แผ่น Crack Width Indicator ในการวัด
[
[
[
ผงซีเมนต์ที่ใช้ในการซ่อมแซมมีคุณสมบัติในการต้านทานการสึกหรอ สามารถยึดเกาะกับผิว
คอนกรีตเดิมได้ดี และมีสีที่ใกล้เคียงกับสีคอนกรีต
[
[
[
ขนาดความกว้างของรอยร้าว
[
000
0.10
-0.20
[
0.30
0.40
[
[
รูปที่ 1 แสดงการวัดความกว้างของรอยร้าวโดยใช้ Crack Width Indicator
Document No.
[1] Chapter: Guildline For Repair, Page: 3
บริษัท ชิน ไทย เอ็นจีเนีย แอนด์ คอนสตรัคชั่น จํากัด (มหาชน)
STECON
SINCE THAI ESRARPEBING & CONSTRUCTION PUBLIC COMPANY LIMITED
• รอยร้าว (Crack)
A.
b.Shrinkage Crack
Action
Reference Method
A(mm.)
B(mm.)
1.No Repair
≤0.1
≤0.3
Depth<15
2.Repair with
RP-TN-01
0.1<A<0.3
0.3<B≤0.5
Cementious Mortar
Depth>15
3.Repair with Epoxy
RP-TN-02
0.3≤A≤0.5
Resin
Depth>15
4.Reject
>0.5
>0.5
Depth to hydro swelling
Document No.",Construction-Related,Repair Method,"รวมทั้งใช้ในการ
ซ่อมแซมรอยร้าวแบบ Shrinkage Crack ที่มีความกว้าง 0.3-0.5mm.
a.Hard Crack
Table1 Guideline for Crack Repair
Project: SEWERAGE TUNNEL BUNG NONG BON
TO CHAOPHRAYA RIVER
B.
โดยการวัดความกว้างของรอย
ร้าวต้องใช้แผ่น Crack Width Indicator ในการวัด
[
[
[
ผงซีเมนต์ที่ใช้ในการซ่อมแซมมีคุณสมบัติในการต้านทานการสึกหรอ สามารถยึดเกาะกับผิว
คอนกรีตเดิมได้ดี และมีสีที่ใกล้เคียงกับสีคอนกรีต
[
[
[
ขนาดความกว้างของรอยร้าว
[
000
0.10
-0.20
[
0.30
0.40
[
[
รูปที่ 1 แสดงการวัดความกว้างของรอยร้าวโดยใช้ Crack Width Indicator
Document No.
[1] Chapter: Guildline For Repair, Page: 3
บริษัท ชิน ไทย เอ็นจีเนีย แอนด์ คอนสตรัคชั่น จํากัด (มหาชน)
STECON
SINCE THAI ESRARPEBING & CONSTRUCTION PUBLIC COMPANY LIMITED
• รอยร้าว (Crack)
A.
b.Shrinkage Crack
Action
Reference Method
A(mm.)
B(mm.)
1.No Repair
≤0.1
≤0.3
Depth<15
2.Repair with
RP-TN-01
0.1<A<0.3
0.3<B≤0.5
Cementious Mortar
Depth>15
3.Repair with Epoxy
RP-TN-02
0.3≤A≤0.5
Resin
Depth>15
4.Reject
>0.5
>0.5
Depth to hydro swelling
Document No.","3
บริษัท ชิน ไทย เอ็นจีเนีย แอนด์ คอนสตรัคชั่น จํากัด (มหาชน)
STECON
SINCE THAI ESRARPEBING & CONSTRUCTION PUBLIC COMPANY LIMITED
• รอยร้าว (Crack)
A.
b.Shrinkage Crack
Action
Reference Method
A(mm.)
B(mm.)
1.No Repair
≤0.1
≤0.3
Depth<15
2.Repair with
RP-TN-01
0.1<A<0.3
0.3<B≤0.5
Cementious Mortar
Depth>15
3.Repair with Epoxy
RP-TN-02
0.3≤A≤0.5
Resin
Depth>15
4.Reject
>0.5
>0.5
Depth to hydro swelling
Document No.",extractive-fallback,"รวมทั้งใช้ในการ
ซ่อมแซมรอยร้าวแบบ Shrinkage Crack ที่มีความกว้าง 0.3-0.5mm.
a.Hard Crack
Table1 Guideline for Crack Repair
Project: SEWERAGE TUNNEL BUNG NONG BON
TO CHAOPHRAYA RIVER
B.
โดยการวัดความกว้างของรอย
ร้าวต้องใช้แผ่น Crack Width Indicator ในการวัด
[
[
[
ผงซีเมนต์ที่ใช้ในการซ่อมแซมมีคุณสมบัติในการต้านทานการสึกหรอ สามารถยึดเกาะกับผิว
คอนกรีตเดิมได้ดี และมีสีที่ใกล้เคียงกับสีคอนกรีต
[
[
[
ขนาดความกว้างของรอยร้าว
[
000
0.10
-0.20
[
0.30
0.40
[
[
รูปที่ 1 แสดงการวัดความกว้างของรอยร้าวโดยใช้ Crack Width Indicator
Document No.
[1] Chapter: Guildline For Repair, Page: 3
บริษัท ชิน ไทย เอ็นจีเนีย แอนด์ คอนสตรัคชั่น จํากัด (มหาชน)
STECON
SINCE THAI ESRARPEBING & CONSTRUCTION PUBLIC COMPANY LIMITED
• รอยร้าว (Crack)
A.
b.Shrinkage Crack
Action
Reference Method
A(mm.)
B(mm.)
1.No Repair
≤0.1
≤0.3
Depth<15
2.Repair with
RP-TN-01
0.1<A<0.3
0.3<B≤0.5
Cementious Mortar
Depth>15
3.Repair with Epoxy
RP-TN-02
0.3≤A≤0.5
Resin
Depth>15
4.Reject
>0.5
>0.5
Depth to hydro swelling
Document No.",Construction-Related,Repair Method,"รวมทั้งใช้ในการ
ซ่อมแซมรอยร้าวแบบ Shrinkage Crack ที่มีความกว้าง 0.3-0.5mm.
a.Hard Crack
Table1 Guideline for Crack Repair
Project: SEWERAGE TUNNEL BUNG NONG BON
TO CHAOPHRAYA RIVER
B.
โดยการวัดความกว้างของรอย
ร้าวต้องใช้แผ่น Crack Width Indicator ในการวัด
[
[
[
ผงซีเมนต์ที่ใช้ในการซ่อมแซมมีคุณสมบัติในการต้านทานการสึกหรอ สามารถยึดเกาะกับผิว
คอนกรีตเดิมได้ดี และมีสีที่ใกล้เคียงกับสีคอนกรีต
[
[
[
ขนาดความกว้างของรอยร้าว
[
000
0.10
-0.20
[
0.30
0.40
[
[
รูปที่ 1 แสดงการวัดความกว้างของรอยร้าวโดยใช้ Crack Width Indicator
Document No.
[1] Chapter: Guildline For Repair, Page: 3
บริษัท ชิน ไทย เอ็นจีเนีย แอนด์ คอนสตรัคชั่น จํากัด (มหาชน)
STECON
SINCE THAI ESRARPEBING & CONSTRUCTION PUBLIC COMPANY LIMITED
• รอยร้าว (Crack)
A.
b.Shrinkage Crack
Action
Reference Method
A(mm.)
B(mm.)
1.No Repair
≤0.1
≤0.3
Depth<15
2.Repair with
RP-TN-01
0.1<A<0.3
0.3<B≤0.5
Cementious Mortar
Depth>15
3.Repair with Epoxy
RP-TN-02
0.3≤A≤0.5
Resin
Depth>15
4.Reject
>0.5
>0.5
Depth to hydro swelling
Document No.","3
บริษัท ชิน ไทย เอ็นจีเนีย แอนด์ คอนสตรัคชั่น จํากัด (มหาชน)
STECON
SINCE THAI ESRARPEBING & CONSTRUCTION PUBLIC COMPANY LIMITED
• รอยร้าว (Crack)
A.
b.Shrinkage Crack
Action
Reference Method
A(mm.)
B(mm.)
1.No Repair
≤0.1
≤0.3
Depth<15
2.Repair with
RP-TN-01
0.1<A<0.3
0.3<B≤0.5
Cementious Mortar
Depth>15
3.Repair with Epoxy
RP-TN-02
0.3≤A≤0.5
Resin
Depth>15
4.Reject
>0.5
>0.5
Depth to hydro swelling
Document No.",extractive-fallback,"รวมทั้งใช้ในการ
ซ่อมแซมรอยร้าวแบบ Shrinkage Crack ที่มีความกว้าง 0.3-0.5mm.
a.Hard Crack
Table1 Guideline for Crack Repair
Project: SEWERAGE TUNNEL BUNG NONG BON
TO CHAOPHRAYA RIVER
B.
โดยการวัดความกว้างของรอย
ร้าวต้องใช้แผ่น Crack Width Indicator ในการวัด
[
[
[
ผงซีเมนต์ที่ใช้ในการซ่อมแซมมีคุณสมบัติในการต้านทานการสึกหรอ สามารถยึดเกาะกับผิว
คอนกรีตเดิมได้ดี และมีสีที่ใกล้เคียงกับสีคอนกรีต
[
[
[
ขนาดความกว้างของรอยร้าว
[
000
0.10
-0.20
[
0.30
0.40
[
[
รูปที่ 1 แสดงการวัดความกว้างของรอยร้าวโดยใช้ Crack Width Indicator
Document No.
[1] Chapter: Guildline For Repair, Page: 3
บริษัท ชิน ไทย เอ็นจีเนีย แอนด์ คอนสตรัคชั่น จํากัด (มหาชน)
STECON
SINCE THAI ESRARPEBING & CONSTRUCTION PUBLIC COMPANY LIMITED
• รอยร้าว (Crack)
A.
b.Shrinkage Crack
Action
Reference Method
A(mm.)
B(mm.)
1.No Repair
≤0.1
≤0.3
Depth<15
2.Repair with
RP-TN-01
0.1<A<0.3
0.3<B≤0.5
Cementious Mortar
Depth>15
3.Repair with Epoxy
RP-TN-02
0.3≤A≤0.5
Resin
Depth>15
4.Reject
>0.5
>0.5
Depth to hydro swelling
Document No.",Construction-Related,Repair Method,"รวมทั้งใช้ในการ
ซ่อมแซมรอยร้าวแบบ Shrinkage Crack ที่มีความกว้าง 0.3-0.5mm.
a.Hard Crack
Table1 Guideline for Crack Repair
Project: SEWERAGE TUNNEL BUNG NONG BON
TO CHAOPHRAYA RIVER
B.
โดยการวัดความกว้างของรอย
ร้าวต้องใช้แผ่น Crack Width Indicator ในการวัด
[
[
[
ผงซีเมนต์ที่ใช้ในการซ่อมแซมมีคุณสมบัติในการต้านทานการสึกหรอ สามารถยึดเกาะกับผิว
คอนกรีตเดิมได้ดี และมีสีที่ใกล้เคียงกับสีคอนกรีต
[
[
[
ขนาดความกว้างของรอยร้าว
[
000
0.10
-0.20
[
0.30
0.40
[
[
รูปที่ 1 แสดงการวัดความกว้างของรอยร้าวโดยใช้ Crack Width Indicator
Document No.
[1] Chapter: Guildline For Repair, Page: 3
บริษัท ชิน ไทย เอ็นจีเนีย แอนด์ คอนสตรัคชั่น จํากัด (มหาชน)
STECON
SINCE THAI ESRARPEBING & CONSTRUCTION PUBLIC COMPANY LIMITED
• รอยร้าว (Crack)
A.
b.Shrinkage Crack
Action
Reference Method
A(mm.)
B(mm.)
1.No Repair
≤0.1
≤0.3
Depth<15
2.Repair with
RP-TN-01
0.1<A<0.3
0.3<B≤0.5
Cementious Mortar
Depth>15
3.Repair with Epoxy
RP-TN-02
0.3≤A≤0.5
Resin
Depth>15
4.Reject
>0.5
>0.5
Depth to hydro swelling
Document No.","3
บริษัท ชิน ไทย เอ็นจีเนีย แอนด์ คอนสตรัคชั่น จํากัด (มหาชน)
STECON
SINCE THAI ESRARPEBING & CONSTRUCTION PUBLIC COMPANY LIMITED
• รอยร้าว (Crack)
A.
b.Shrinkage Crack
Action
Reference Method
A(mm.)
B(mm.)
1.No Repair
≤0.1
≤0.3
Depth<15
2.Repair with
RP-TN-01
0.1<A<0.3
0.3<B≤0.5
Cementious Mortar
Depth>15
3.Repair with Epoxy
RP-TN-02
0.3≤A≤0.5
Resin
Depth>15
4.Reject
>0.5
>0.5
Depth to hydro swelling
Document No.",extractive-fallback,"รวมทั้งใช้ในการ
ซ่อมแซมรอยร้าวแบบ Shrinkage Crack ที่มีความกว้าง 0.3-0.5mm.
a.Hard Crack
Table1 Guideline for Crack Repair
Project: SEWERAGE TUNNEL BUNG NONG BON
TO CHAOPHRAYA RIVER
B.
โดยการวัดความกว้างของรอย
ร้าวต้องใช้แผ่น Crack Width Indicator ในการวัด
[
[
[
ผงซีเมนต์ที่ใช้ในการซ่อมแซมมีคุณสมบัติในการต้านทานการสึกหรอ สามารถยึดเกาะกับผิว
คอนกรีตเดิมได้ดี และมีสีที่ใกล้เคียงกับสีคอนกรีต
[
[
[
ขนาดความกว้างของรอยร้าว
[
000
0.10
-0.20
[
0.30
0.40
[
[
รูปที่ 1 แสดงการวัดความกว้างของรอยร้าวโดยใช้ Crack Width Indicator
Document No.
[1] Chapter: Guildline For Repair, Page: 3
บริษัท ชิน ไทย เอ็นจีเนีย แอนด์ คอนสตรัคชั่น จํากัด (มหาชน)
STECON
SINCE THAI ESRARPEBING & CONSTRUCTION PUBLIC COMPANY LIMITED
• รอยร้าว (Crack)
A.
b.Shrinkage Crack
Action
Reference Method
A(mm.)
B(mm.)
1.No Repair
≤0.1
≤0.3
Depth<15
2.Repair with
RP-TN-01
0.1<A<0.3
0.3<B≤0.5
Cementious Mortar
Depth>15
3.Repair with Epoxy
RP-TN-02
0.3≤A≤0.5
Resin
Depth>15
4.Reject
>0.5
>0.5
Depth to hydro swelling
Document No."
 ลักษณะตำแหน่งการแตกบิ่นที่ขอบ (Spalling Edge) แบ่งออกเป็น 3 แบบ คืออะไรบ้าง, 1. Sharp Edge2. Chamfered Edge3. At Corners,4,Construction-Related,Material,"ขั้นตอนในการซ่อมแซม
3.1 ทำความสะอาดผิวคอนกรีตบริเวณที่เกิดรูฟองอากาศ โดยใช้เครื่องเป่าลม
3.2 ใช้ฟองน้ำหรือลูกกลิ้งชุบน้ำแล้วลูบที่ผิวคอนกรีต
งา
รูปที่ 3 แสดงขั้นตอนการลูบผิวคอนกรีตด้วย
3.3 ผสมปูนฉาบซ่อมตามอัตราส่วนข้างต้น แล้วใช้เกรียงหรือฟองน้ำฉาบอุดรูฟองอากาศให้
เต็มผู้ปฏิบัติงานจะต้องฉาบในขณะที่ผิวคอนกรีตยังชุ่มน้ำอยู่
อุดปูนฉาบให้เต็มรูฟองอากาศ
Document No.
Sharp Edge
A
c.At Corners
Table2 Guideline for Spalling Edge Repair
C
B
B
b.
[3] Chapter: Materials Data Sheet, Page: 112
6
st
CASA
แบบ มอ.
[2] Chapter: Spalling Edge Repair, Page: 24
STECOM
บริษัท ชิโน-ไทย เอ็นจีเนียริ่ง แอนด์ คอนสตรัคชั่น จำกัด (มหาชน)
SINU THAI TNGINEERING & CONSTRUCTION PEBHC COMPAY TASHTEL
RP-TN-03
SPALLING EDGE REPAIR
PROJECT: SEWERAGE TUNNEL BUNG NONG BON TO
CHAOPHRAYA RIVER
24
35
Issue 2
Date : 20/6/2017
3 of 5","112
6
st
CASA
แบบ มอ.
[2] Chapter: Spalling Edge Repair, Page: 24
STECOM
บริษัท ชิโน-ไทย เอ็นจีเนียริ่ง แอนด์ คอนสตรัคชั่น จำกัด (มหาชน)
SINU THAI TNGINEERING & CONSTRUCTION PEBHC COMPAY TASHTEL
RP-TN-03
SPALLING EDGE REPAIR
PROJECT: SEWERAGE TUNNEL BUNG NONG BON TO
CHAOPHRAYA RIVER
24
35
Issue 2
Date : 20/6/2017
3 of 5",extractive-fallback,"ขั้นตอนในการซ่อมแซม
3.1 ทำความสะอาดผิวคอนกรีตบริเวณที่เกิดรูฟองอากาศ โดยใช้เครื่องเป่าลม
3.2 ใช้ฟองน้ำหรือลูกกลิ้งชุบน้ำแล้วลูบที่ผิวคอนกรีต
งา
รูปที่ 3 แสดงขั้นตอนการลูบผิวคอนกรีตด้วย
3.3 ผสมปูนฉาบซ่อมตามอัตราส่วนข้างต้น แล้วใช้เกรียงหรือฟองน้ำฉาบอุดรูฟองอากาศให้
เต็มผู้ปฏิบัติงานจะต้องฉาบในขณะที่ผิวคอนกรีตยังชุ่มน้ำอยู่
อุดปูนฉาบให้เต็มรูฟองอากาศ
Document No.
Sharp Edge
A
c.At Corners
Table2 Guideline for Spalling Edge Repair
C
B
B
b.
[3] Chapter: Materials Data Sheet, Page: 112
6
st
CASA
แบบ มอ.
[2] Chapter: Spalling Edge Repair, Page: 24
STECOM
บริษัท ชิโน-ไทย เอ็นจีเนียริ่ง แอนด์ คอนสตรัคชั่น จำกัด (มหาชน)
SINU THAI TNGINEERING & CONSTRUCTION PEBHC COMPAY TASHTEL
RP-TN-03
SPALLING EDGE REPAIR
PROJECT: SEWERAGE TUNNEL BUNG NONG BON TO
CHAOPHRAYA RIVER
24
35
Issue 2
Date : 20/6/2017
3 of 5",Construction-Related,Material,"ขั้นตอนในการซ่อมแซม
3.1 ทำความสะอาดผิวคอนกรีตบริเวณที่เกิดรูฟองอากาศ โดยใช้เครื่องเป่าลม
3.2 ใช้ฟองน้ำหรือลูกกลิ้งชุบน้ำแล้วลูบที่ผิวคอนกรีต
งา
รูปที่ 3 แสดงขั้นตอนการลูบผิวคอนกรีตด้วย
3.3 ผสมปูนฉาบซ่อมตามอัตราส่วนข้างต้น แล้วใช้เกรียงหรือฟองน้ำฉาบอุดรูฟองอากาศให้
เต็มผู้ปฏิบัติงานจะต้องฉาบในขณะที่ผิวคอนกรีตยังชุ่มน้ำอยู่
อุดปูนฉาบให้เต็มรูฟองอากาศ
Document No.
Sharp Edge
A
c.At Corners
Table2 Guideline for Spalling Edge Repair
C
B
B
b.
[3] Chapter: Materials Data Sheet, Page: 112
6
st
CASA
แบบ มอ.
[2] Chapter: Spalling Edge Repair, Page: 24
STECOM
บริษัท ชิโน-ไทย เอ็นจีเนียริ่ง แอนด์ คอนสตรัคชั่น จำกัด (มหาชน)
SINU THAI TNGINEERING & CONSTRUCTION PEBHC COMPAY TASHTEL
RP-TN-03
SPALLING EDGE REPAIR
PROJECT: SEWERAGE TUNNEL BUNG NONG BON TO
CHAOPHRAYA RIVER
24
35
Issue 2
Date : 20/6/2017
3 of 5","112
6
st
CASA
แบบ มอ.
[2] Chapter: Spalling Edge Repair, Page: 24
STECOM
บริษัท ชิโน-ไทย เอ็นจีเนียริ่ง แอนด์ คอนสตรัคชั่น จำกัด (มหาชน)
SINU THAI TNGINEERING & CONSTRUCTION PEBHC COMPAY TASHTEL
RP-TN-03
SPALLING EDGE REPAIR
PROJECT: SEWERAGE TUNNEL BUNG NONG BON TO
CHAOPHRAYA RIVER
24
35
Issue 2
Date : 20/6/2017
3 of 5",extractive-fallback,"ขั้นตอนในการซ่อมแซม
3.1 ทำความสะอาดผิวคอนกรีตบริเวณที่เกิดรูฟองอากาศ โดยใช้เครื่องเป่าลม
3.2 ใช้ฟองน้ำหรือลูกกลิ้งชุบน้ำแล้วลูบที่ผิวคอนกรีต
งา
รูปที่ 3 แสดงขั้นตอนการลูบผิวคอนกรีตด้วย
3.3 ผสมปูนฉาบซ่อมตามอัตราส่วนข้างต้น แล้วใช้เกรียงหรือฟองน้ำฉาบอุดรูฟองอากาศให้
เต็มผู้ปฏิบัติงานจะต้องฉาบในขณะที่ผิวคอนกรีตยังชุ่มน้ำอยู่
อุดปูนฉาบให้เต็มรูฟองอากาศ
Document No.
Sharp Edge
A
c.At Corners
Table2 Guideline for Spalling Edge Repair
C
B
B
b.
[3] Chapter: Materials Data Sheet, Page: 112
6
st
CASA
แบบ มอ.
[2] Chapter: Spalling Edge Repair, Page: 24
STECOM
บริษัท ชิโน-ไทย เอ็นจีเนียริ่ง แอนด์ คอนสตรัคชั่น จำกัด (มหาชน)
SINU THAI TNGINEERING & CONSTRUCTION PEBHC COMPAY TASHTEL
RP-TN-03
SPALLING EDGE REPAIR
PROJECT: SEWERAGE TUNNEL BUNG NONG BON TO
CHAOPHRAYA RIVER
24
35
Issue 2
Date : 20/6/2017
3 of 5",Construction-Related,Material,"ขั้นตอนในการซ่อมแซม
3.1 ทำความสะอาดผิวคอนกรีตบริเวณที่เกิดรูฟองอากาศ โดยใช้เครื่องเป่าลม
3.2 ใช้ฟองน้ำหรือลูกกลิ้งชุบน้ำแล้วลูบที่ผิวคอนกรีต
งา
รูปที่ 3 แสดงขั้นตอนการลูบผิวคอนกรีตด้วย
3.3 ผสมปูนฉาบซ่อมตามอัตราส่วนข้างต้น แล้วใช้เกรียงหรือฟองน้ำฉาบอุดรูฟองอากาศให้
เต็มผู้ปฏิบัติงานจะต้องฉาบในขณะที่ผิวคอนกรีตยังชุ่มน้ำอยู่
อุดปูนฉาบให้เต็มรูฟองอากาศ
Document No.
Sharp Edge
A
c.At Corners
Table2 Guideline for Spalling Edge Repair
C
B
B
b.
[3] Chapter: Materials Data Sheet, Page: 112
6
st
CASA
แบบ มอ.
[2] Chapter: Spalling Edge Repair, Page: 24
STECOM
บริษัท ชิโน-ไทย เอ็นจีเนียริ่ง แอนด์ คอนสตรัคชั่น จำกัด (มหาชน)
SINU THAI TNGINEERING & CONSTRUCTION PEBHC COMPAY TASHTEL
RP-TN-03
SPALLING EDGE REPAIR
PROJECT: SEWERAGE TUNNEL BUNG NONG BON TO
CHAOPHRAYA RIVER
24
35
Issue 2
Date : 20/6/2017
3 of 5","112
6
st
CASA
แบบ มอ.
[2] Chapter: Spalling Edge Repair, Page: 24
STECOM
บริษัท ชิโน-ไทย เอ็นจีเนียริ่ง แอนด์ คอนสตรัคชั่น จำกัด (มหาชน)
SINU THAI TNGINEERING & CONSTRUCTION PEBHC COMPAY TASHTEL
RP-TN-03
SPALLING EDGE REPAIR
PROJECT: SEWERAGE TUNNEL BUNG NONG BON TO
CHAOPHRAYA RIVER
24
35
Issue 2
Date : 20/6/2017
3 of 5",extractive-fallback,"ขั้นตอนในการซ่อมแซม
3.1 ทำความสะอาดผิวคอนกรีตบริเวณที่เกิดรูฟองอากาศ โดยใช้เครื่องเป่าลม
3.2 ใช้ฟองน้ำหรือลูกกลิ้งชุบน้ำแล้วลูบที่ผิวคอนกรีต
งา
รูปที่ 3 แสดงขั้นตอนการลูบผิวคอนกรีตด้วย
3.3 ผสมปูนฉาบซ่อมตามอัตราส่วนข้างต้น แล้วใช้เกรียงหรือฟองน้ำฉาบอุดรูฟองอากาศให้
เต็มผู้ปฏิบัติงานจะต้องฉาบในขณะที่ผิวคอนกรีตยังชุ่มน้ำอยู่
อุดปูนฉาบให้เต็มรูฟองอากาศ
Document No.
Sharp Edge
A
c.At Corners
Table2 Guideline for Spalling Edge Repair
C
B
B
b.
[3] Chapter: Materials Data Sheet, Page: 112
6
st
CASA
แบบ มอ.
[2] Chapter: Spalling Edge Repair, Page: 24
STECOM
บริษัท ชิโน-ไทย เอ็นจีเนียริ่ง แอนด์ คอนสตรัคชั่น จำกัด (มหาชน)
SINU THAI TNGINEERING & CONSTRUCTION PEBHC COMPAY TASHTEL
RP-TN-03
SPALLING EDGE REPAIR
PROJECT: SEWERAGE TUNNEL BUNG NONG BON TO
CHAOPHRAYA RIVER
24
35
Issue 2
Date : 20/6/2017
3 of 5",Construction-Related,Material,"ขั้นตอนในการซ่อมแซม
3.1 ทำความสะอาดผิวคอนกรีตบริเวณที่เกิดรูฟองอากาศ โดยใช้เครื่องเป่าลม
3.2 ใช้ฟองน้ำหรือลูกกลิ้งชุบน้ำแล้วลูบที่ผิวคอนกรีต
งา
รูปที่ 3 แสดงขั้นตอนการลูบผิวคอนกรีตด้วย
3.3 ผสมปูนฉาบซ่อมตามอัตราส่วนข้างต้น แล้วใช้เกรียงหรือฟองน้ำฉาบอุดรูฟองอากาศให้
เต็มผู้ปฏิบัติงานจะต้องฉาบในขณะที่ผิวคอนกรีตยังชุ่มน้ำอยู่
อุดปูนฉาบให้เต็มรูฟองอากาศ
Document No.
Sharp Edge
A
c.At Corners
Table2 Guideline for Spalling Edge Repair
C
B
B
b.
[3] Chapter: Materials Data Sheet, Page: 112
6
st
CASA
แบบ มอ.
[2] Chapter: Spalling Edge Repair, Page: 24
STECOM
บริษัท ชิโน-ไทย เอ็นจีเนียริ่ง แอนด์ คอนสตรัคชั่น จำกัด (มหาชน)
SINU THAI TNGINEERING & CONSTRUCTION PEBHC COMPAY TASHTEL
RP-TN-03
SPALLING EDGE REPAIR
PROJECT: SEWERAGE TUNNEL BUNG NONG BON TO
CHAOPHRAYA RIVER
24
35
Issue 2
Date : 20/6/2017
3 of 5","112
6
st
CASA
แบบ มอ.
[2] Chapter: Spalling Edge Repair, Page: 24
STECOM
บริษัท ชิโน-ไทย เอ็นจีเนียริ่ง แอนด์ คอนสตรัคชั่น จำกัด (มหาชน)
SINU THAI TNGINEERING & CONSTRUCTION PEBHC COMPAY TASHTEL
RP-TN-03
SPALLING EDGE REPAIR
PROJECT: SEWERAGE TUNNEL BUNG NONG BON TO
CHAOPHRAYA RIVER
24
35
Issue 2
Date : 20/6/2017
3 of 5",extractive-fallback,"ขั้นตอนในการซ่อมแซม
3.1 ทำความสะอาดผิวคอนกรีตบริเวณที่เกิดรูฟองอากาศ โดยใช้เครื่องเป่าลม
3.2 ใช้ฟองน้ำหรือลูกกลิ้งชุบน้ำแล้วลูบที่ผิวคอนกรีต
งา
รูปที่ 3 แสดงขั้นตอนการลูบผิวคอนกรีตด้วย
3.3 ผสมปูนฉาบซ่อมตามอัตราส่วนข้างต้น แล้วใช้เกรียงหรือฟองน้ำฉาบอุดรูฟองอากาศให้
เต็มผู้ปฏิบัติงานจะต้องฉาบในขณะที่ผิวคอนกรีตยังชุ่มน้ำอยู่
อุดปูนฉาบให้เต็มรูฟองอากาศ
Document No.
Sharp Edge
A
c.At Corners
Table2 Guideline for Spalling Edge Repair
C
B
B
b.
[3] Chapter: Materials Data Sheet, Page: 112
6
st
CASA
แบบ มอ.
[2] Chapter: Spalling Edge Repair, Page: 24
STECOM
บริษัท ชิโน-ไทย เอ็นจีเนียริ่ง แอนด์ คอนสตรัคชั่น จำกัด (มหาชน)
SINU THAI TNGINEERING & CONSTRUCTION PEBHC COMPAY TASHTEL
RP-TN-03
SPALLING EDGE REPAIR
PROJECT: SEWERAGE TUNNEL BUNG NONG BON TO
CHAOPHRAYA RIVER
24
35
Issue 2
Date : 20/6/2017
3 of 5"
" เกณฑ์ขนาดความเสียหายของ Spalling Edge ที่ ""ไม่ต้องซ่อมแซม"" (No Repair) คือเท่าใด"," เมื่อขนาดความเสียหาย A, B และ C มีค่าน้อยกว่า 5 มม.",4,Construction-Related,Repair Method,"TYPE OF DAEMAGE
Crack
Spalling Edge
REPAIR PROCEDURE
Reference Method:
Spalling Recesses
Other.
Sharp Edge
A
c.At Corners
Table2 Guideline for Spalling Edge Repair
C
B
B
b.
Release/Amendment
Page No.
Release/Amendment
Page No.
TYPE OF DAEMAGE
Crack
Spalling Edge
REPAIR PROCEDURE
Reference Method:
Repair by:
Spalling Recesses
Other
Voids or Blowholes
To be Executed at:
Precast Yard
After Erection
ACCEPTANCE
The repair is inspected and accepted:
Yes
No
Action:
0
Production Engineer
QC Engineer
Consultant
Date................",4,extractive-fallback,"TYPE OF DAEMAGE
Crack
Spalling Edge
REPAIR PROCEDURE
Reference Method:
Spalling Recesses
Other.
Sharp Edge
A
c.At Corners
Table2 Guideline for Spalling Edge Repair
C
B
B
b.
Release/Amendment
Page No.
Release/Amendment
Page No.
TYPE OF DAEMAGE
Crack
Spalling Edge
REPAIR PROCEDURE
Reference Method:
Repair by:
Spalling Recesses
Other
Voids or Blowholes
To be Executed at:
Precast Yard
After Erection
ACCEPTANCE
The repair is inspected and accepted:
Yes
No
Action:
0
Production Engineer
QC Engineer
Consultant
Date................",Construction-Related,Repair Method,"TYPE OF DAEMAGE
Crack
Spalling Edge
REPAIR PROCEDURE
Reference Method:
Spalling Recesses
Other.
Sharp Edge
A
c.At Corners
Table2 Guideline for Spalling Edge Repair
C
B
B
b.
Release/Amendment
Page No.
Release/Amendment
Page No.
TYPE OF DAEMAGE
Crack
Spalling Edge
REPAIR PROCEDURE
Reference Method:
Repair by:
Spalling Recesses
Other
Voids or Blowholes
To be Executed at:
Precast Yard
After Erection
ACCEPTANCE
The repair is inspected and accepted:
Yes
No
Action:
0
Production Engineer
QC Engineer
Consultant
Date................",4,extractive-fallback,"TYPE OF DAEMAGE
Crack
Spalling Edge
REPAIR PROCEDURE
Reference Method:
Spalling Recesses
Other.
Sharp Edge
A
c.At Corners
Table2 Guideline for Spalling Edge Repair
C
B
B
b.
Release/Amendment
Page No.
Release/Amendment
Page No.
TYPE OF DAEMAGE
Crack
Spalling Edge
REPAIR PROCEDURE
Reference Method:
Repair by:
Spalling Recesses
Other
Voids or Blowholes
To be Executed at:
Precast Yard
After Erection
ACCEPTANCE
The repair is inspected and accepted:
Yes
No
Action:
0
Production Engineer
QC Engineer
Consultant
Date................",Construction-Related,Repair Method,"TYPE OF DAEMAGE
Crack
Spalling Edge
REPAIR PROCEDURE
Reference Method:
Spalling Recesses
Other.
Sharp Edge
A
c.At Corners
Table2 Guideline for Spalling Edge Repair
C
B
B
b.
Release/Amendment
Page No.
Release/Amendment
Page No.
TYPE OF DAEMAGE
Crack
Spalling Edge
REPAIR PROCEDURE
Reference Method:
Repair by:
Spalling Recesses
Other
Voids or Blowholes
To be Executed at:
Precast Yard
After Erection
ACCEPTANCE
The repair is inspected and accepted:
Yes
No
Action:
0
Production Engineer
QC Engineer
Consultant
Date................",4,extractive-fallback,"TYPE OF DAEMAGE
Crack
Spalling Edge
REPAIR PROCEDURE
Reference Method:
Spalling Recesses
Other.
Sharp Edge
A
c.At Corners
Table2 Guideline for Spalling Edge Repair
C
B
B
b.
Release/Amendment
Page No.
Release/Amendment
Page No.
TYPE OF DAEMAGE
Crack
Spalling Edge
REPAIR PROCEDURE
Reference Method:
Repair by:
Spalling Recesses
Other
Voids or Blowholes
To be Executed at:
Precast Yard
After Erection
ACCEPTANCE
The repair is inspected and accepted:
Yes
No
Action:
0
Production Engineer
QC Engineer
Consultant
Date................",Construction-Related,Repair Method,"TYPE OF DAEMAGE
Crack
Spalling Edge
REPAIR PROCEDURE
Reference Method:
Spalling Recesses
Other.
Sharp Edge
A
c.At Corners
Table2 Guideline for Spalling Edge Repair
C
B
B
b.
Release/Amendment
Page No.
Release/Amendment
Page No.
TYPE OF DAEMAGE
Crack
Spalling Edge
REPAIR PROCEDURE
Reference Method:
Repair by:
Spalling Recesses
Other
Voids or Blowholes
To be Executed at:
Precast Yard
After Erection
ACCEPTANCE
The repair is inspected and accepted:
Yes
No
Action:
0
Production Engineer
QC Engineer
Consultant
Date................",4,extractive-fallback,"TYPE OF DAEMAGE
Crack
Spalling Edge
REPAIR PROCEDURE
Reference Method:
Spalling Recesses
Other.
Sharp Edge
A
c.At Corners
Table2 Guideline for Spalling Edge Repair
C
B
B
b.
Release/Amendment
Page No.
Release/Amendment
Page No.
TYPE OF DAEMAGE
Crack
Spalling Edge
REPAIR PROCEDURE
Reference Method:
Repair by:
Spalling Recesses
Other
Voids or Blowholes
To be Executed at:
Precast Yard
After Erection
ACCEPTANCE
The repair is inspected and accepted:
Yes
No
Action:
0
Production Engineer
QC Engineer
Consultant
Date................"
 ช่วงขนาดความเสียหายของ Spalling Edge ที่ต้องซ่อมแซมด้วย Cementitious Mortar (RP-TN-03) คือเท่าใด,- ด้าน A: 5-50 มม.- ด้าน B: 5-50 มม.- ด้าน C: 5-70 มม.,4,Construction-Related,Material,"[1] Chapter: Guildline For Repair, Page: 7
STECON
บวิชา โน-ไทย เ คีเนียชิ่ง แอนด์ คอนสตรัคชั่น จํากัด (มหาชน)
Project: SEWERAGE TUNNEL BUNG NONG BON
SING THAI ENGINEERING & CONSTRUCTION PUBLIC COMPANY LIMITED
TO CHAOPHRAYA RIVER
ตารางแสดงวัสดุที่ใช้ซ่อมแซมความเสียหายประเภทต่างๆ
ประเภทของวัสดุซ่อมแซม
ประเภท
วิธีการ
ความ
Method
Reference | ปูนฉาบ | ปูนฉาบ
ซ่อม
อพอก
อีพ็อกซี่
วัสดุ
ซ่อม
ซเรซน มอรตาร เชอม
เชื่อม
เสียหาย
ซ่อมแซม
กำลังอัด
ประสาน
สูง
คอนกรีต
Repair with
Cementitious
RP-TN-01
Crack
Mortar
Repair with
RE-TN-02
Epoxy Resin
Repair with
Spalling
Cementitious
RP-TN-03
Edge
Mortar
Repair with
Spalling
Cementitious
RP-TN-03
Recesses
Mortar
Repair with
Voids or
Cementitious
RP-TN-04
Blowholes
Mortar
Repair with High
RP-TN-05
Strength Mortar
Document No.
Sharp Edge
A
c.At Corners
Table2 Guideline for Spalling Edge Repair
C
B
B
b.
25
RP-TN-03
Issue 2
Date : 20/6/2017
1 of 7
[4] Chapter: Spalling Edge Repair, Page: 24
STECOM
บริษัท ชิโน-ไทย เอ็นจีเนียริ่ง แอนด์ คอนสตรัคชั่น จำกัด (มหาชน)
SINU THAI TNGINEERING & CONSTRUCTION PEBHC COMPAY TASHTEL
RP-TN-03
SPALLING EDGE REPAIR
PROJECT: SEWERAGE TUNNEL BUNG NONG BON TO
CHAOPHRAYA RIVER
24
Chamfered Edge
Action
Reference Method
1.No Repair
A(mm.)
B(mm.)
C(mm.)
<5
<5
<5
2.Repair with
Cementious
RP-TN-03
5-50
5-50
5-70
Mortar
3.Reject
>50
>50
>70
Or rebar exposed
Or rebar exposed
Or rebar exposed
Document No.","7
STECON
บวิชา โน-ไทย เ คีเนียชิ่ง แอนด์ คอนสตรัคชั่น จํากัด (มหาชน)
Project: SEWERAGE TUNNEL BUNG NONG BON
SING THAI ENGINEERING & CONSTRUCTION PUBLIC COMPANY LIMITED
TO CHAOPHRAYA RIVER
ตารางแสดงวัสดุที่ใช้ซ่อมแซมความเสียหายประเภทต่างๆ
ประเภทของวัสดุซ่อมแซม
ประเภท
วิธีการ
ความ
Method
Reference | ปูนฉาบ | ปูนฉาบ
ซ่อม
อพอก
อีพ็อกซี่
วัสดุ
ซ่อม
ซเรซน มอรตาร เชอม
เชื่อม
เสียหาย
ซ่อมแซม
กำลังอัด
ประสาน
สูง
คอนกรีต
Repair with
Cementitious
RP-TN-01
Crack
Mortar
Repair with
RE-TN-02
Epoxy Resin
Repair with
Spalling
Cementitious
RP-TN-03
Edge
Mortar
Repair with
Spalling
Cementitious
RP-TN-03
Recesses
Mortar
Repair with
Voids or
Cementitious
RP-TN-04
Blowholes
Mortar
Repair with High
RP-TN-05
Strength Mortar
Document No.
Sharp Edge
A
c.At Corners
Table2 Guideline for Spalling Edge Repair
C
B
B
b.
25
RP-TN-03
Issue 2
Date : 20/6/2017
1 of 7
[4] Chapter: Spalling Edge Repair, Page: 24
STECOM
บริษัท ชิโน-ไทย เอ็นจีเนียริ่ง แอนด์ คอนสตรัคชั่น จำกัด (มหาชน)
SINU THAI TNGINEERING & CONSTRUCTION PEBHC COMPAY TASHTEL
RP-TN-03
SPALLING EDGE REPAIR
PROJECT: SEWERAGE TUNNEL BUNG NONG BON TO
CHAOPHRAYA RIVER
24
Chamfered Edge
Action
Reference Method
1.No Repair
A(mm.)
B(mm.)
C(mm.)
<5
<5
<5
2.Repair with
Cementious
RP-TN-03
5-50
5-50
5-70
Mortar
3.Reject
>50
>50
>70
Or rebar exposed
Or rebar exposed
Or rebar exposed
Document No.",extractive-fallback,"[1] Chapter: Guildline For Repair, Page: 7
STECON
บวิชา โน-ไทย เ คีเนียชิ่ง แอนด์ คอนสตรัคชั่น จํากัด (มหาชน)
Project: SEWERAGE TUNNEL BUNG NONG BON
SING THAI ENGINEERING & CONSTRUCTION PUBLIC COMPANY LIMITED
TO CHAOPHRAYA RIVER
ตารางแสดงวัสดุที่ใช้ซ่อมแซมความเสียหายประเภทต่างๆ
ประเภทของวัสดุซ่อมแซม
ประเภท
วิธีการ
ความ
Method
Reference | ปูนฉาบ | ปูนฉาบ
ซ่อม
อพอก
อีพ็อกซี่
วัสดุ
ซ่อม
ซเรซน มอรตาร เชอม
เชื่อม
เสียหาย
ซ่อมแซม
กำลังอัด
ประสาน
สูง
คอนกรีต
Repair with
Cementitious
RP-TN-01
Crack
Mortar
Repair with
RE-TN-02
Epoxy Resin
Repair with
Spalling
Cementitious
RP-TN-03
Edge
Mortar
Repair with
Spalling
Cementitious
RP-TN-03
Recesses
Mortar
Repair with
Voids or
Cementitious
RP-TN-04
Blowholes
Mortar
Repair with High
RP-TN-05
Strength Mortar
Document No.
Sharp Edge
A
c.At Corners
Table2 Guideline for Spalling Edge Repair
C
B
B
b.
25
RP-TN-03
Issue 2
Date : 20/6/2017
1 of 7
[4] Chapter: Spalling Edge Repair, Page: 24
STECOM
บริษัท ชิโน-ไทย เอ็นจีเนียริ่ง แอนด์ คอนสตรัคชั่น จำกัด (มหาชน)
SINU THAI TNGINEERING & CONSTRUCTION PEBHC COMPAY TASHTEL
RP-TN-03
SPALLING EDGE REPAIR
PROJECT: SEWERAGE TUNNEL BUNG NONG BON TO
CHAOPHRAYA RIVER
24
Chamfered Edge
Action
Reference Method
1.No Repair
A(mm.)
B(mm.)
C(mm.)
<5
<5
<5
2.Repair with
Cementious
RP-TN-03
5-50
5-50
5-70
Mortar
3.Reject
>50
>50
>70
Or rebar exposed
Or rebar exposed
Or rebar exposed
Document No.",Construction-Related,Material,"[1] Chapter: Guildline For Repair, Page: 7
STECON
บวิชา โน-ไทย เ คีเนียชิ่ง แอนด์ คอนสตรัคชั่น จํากัด (มหาชน)
Project: SEWERAGE TUNNEL BUNG NONG BON
SING THAI ENGINEERING & CONSTRUCTION PUBLIC COMPANY LIMITED
TO CHAOPHRAYA RIVER
ตารางแสดงวัสดุที่ใช้ซ่อมแซมความเสียหายประเภทต่างๆ
ประเภทของวัสดุซ่อมแซม
ประเภท
วิธีการ
ความ
Method
Reference | ปูนฉาบ | ปูนฉาบ
ซ่อม
อพอก
อีพ็อกซี่
วัสดุ
ซ่อม
ซเรซน มอรตาร เชอม
เชื่อม
เสียหาย
ซ่อมแซม
กำลังอัด
ประสาน
สูง
คอนกรีต
Repair with
Cementitious
RP-TN-01
Crack
Mortar
Repair with
RE-TN-02
Epoxy Resin
Repair with
Spalling
Cementitious
RP-TN-03
Edge
Mortar
Repair with
Spalling
Cementitious
RP-TN-03
Recesses
Mortar
Repair with
Voids or
Cementitious
RP-TN-04
Blowholes
Mortar
Repair with High
RP-TN-05
Strength Mortar
Document No.
Sharp Edge
A
c.At Corners
Table2 Guideline for Spalling Edge Repair
C
B
B
b.
25
RP-TN-03
Issue 2
Date : 20/6/2017
1 of 7
[4] Chapter: Spalling Edge Repair, Page: 24
STECOM
บริษัท ชิโน-ไทย เอ็นจีเนียริ่ง แอนด์ คอนสตรัคชั่น จำกัด (มหาชน)
SINU THAI TNGINEERING & CONSTRUCTION PEBHC COMPAY TASHTEL
RP-TN-03
SPALLING EDGE REPAIR
PROJECT: SEWERAGE TUNNEL BUNG NONG BON TO
CHAOPHRAYA RIVER
24
Chamfered Edge
Action
Reference Method
1.No Repair
A(mm.)
B(mm.)
C(mm.)
<5
<5
<5
2.Repair with
Cementious
RP-TN-03
5-50
5-50
5-70
Mortar
3.Reject
>50
>50
>70
Or rebar exposed
Or rebar exposed
Or rebar exposed
Document No.","7
STECON
บวิชา โน-ไทย เ คีเนียชิ่ง แอนด์ คอนสตรัคชั่น จํากัด (มหาชน)
Project: SEWERAGE TUNNEL BUNG NONG BON
SING THAI ENGINEERING & CONSTRUCTION PUBLIC COMPANY LIMITED
TO CHAOPHRAYA RIVER
ตารางแสดงวัสดุที่ใช้ซ่อมแซมความเสียหายประเภทต่างๆ
ประเภทของวัสดุซ่อมแซม
ประเภท
วิธีการ
ความ
Method
Reference | ปูนฉาบ | ปูนฉาบ
ซ่อม
อพอก
อีพ็อกซี่
วัสดุ
ซ่อม
ซเรซน มอรตาร เชอม
เชื่อม
เสียหาย
ซ่อมแซม
กำลังอัด
ประสาน
สูง
คอนกรีต
Repair with
Cementitious
RP-TN-01
Crack
Mortar
Repair with
RE-TN-02
Epoxy Resin
Repair with
Spalling
Cementitious
RP-TN-03
Edge
Mortar
Repair with
Spalling
Cementitious
RP-TN-03
Recesses
Mortar
Repair with
Voids or
Cementitious
RP-TN-04
Blowholes
Mortar
Repair with High
RP-TN-05
Strength Mortar
Document No.
Sharp Edge
A
c.At Corners
Table2 Guideline for Spalling Edge Repair
C
B
B
b.
25
RP-TN-03
Issue 2
Date : 20/6/2017
1 of 7
[4] Chapter: Spalling Edge Repair, Page: 24
STECOM
บริษัท ชิโน-ไทย เอ็นจีเนียริ่ง แอนด์ คอนสตรัคชั่น จำกัด (มหาชน)
SINU THAI TNGINEERING & CONSTRUCTION PEBHC COMPAY TASHTEL
RP-TN-03
SPALLING EDGE REPAIR
PROJECT: SEWERAGE TUNNEL BUNG NONG BON TO
CHAOPHRAYA RIVER
24
Chamfered Edge
Action
Reference Method
1.No Repair
A(mm.)
B(mm.)
C(mm.)
<5
<5
<5
2.Repair with
Cementious
RP-TN-03
5-50
5-50
5-70
Mortar
3.Reject
>50
>50
>70
Or rebar exposed
Or rebar exposed
Or rebar exposed
Document No.",extractive-fallback,"[1] Chapter: Guildline For Repair, Page: 7
STECON
บวิชา โน-ไทย เ คีเนียชิ่ง แอนด์ คอนสตรัคชั่น จํากัด (มหาชน)
Project: SEWERAGE TUNNEL BUNG NONG BON
SING THAI ENGINEERING & CONSTRUCTION PUBLIC COMPANY LIMITED
TO CHAOPHRAYA RIVER
ตารางแสดงวัสดุที่ใช้ซ่อมแซมความเสียหายประเภทต่างๆ
ประเภทของวัสดุซ่อมแซม
ประเภท
วิธีการ
ความ
Method
Reference | ปูนฉาบ | ปูนฉาบ
ซ่อม
อพอก
อีพ็อกซี่
วัสดุ
ซ่อม
ซเรซน มอรตาร เชอม
เชื่อม
เสียหาย
ซ่อมแซม
กำลังอัด
ประสาน
สูง
คอนกรีต
Repair with
Cementitious
RP-TN-01
Crack
Mortar
Repair with
RE-TN-02
Epoxy Resin
Repair with
Spalling
Cementitious
RP-TN-03
Edge
Mortar
Repair with
Spalling
Cementitious
RP-TN-03
Recesses
Mortar
Repair with
Voids or
Cementitious
RP-TN-04
Blowholes
Mortar
Repair with High
RP-TN-05
Strength Mortar
Document No.
Sharp Edge
A
c.At Corners
Table2 Guideline for Spalling Edge Repair
C
B
B
b.
25
RP-TN-03
Issue 2
Date : 20/6/2017
1 of 7
[4] Chapter: Spalling Edge Repair, Page: 24
STECOM
บริษัท ชิโน-ไทย เอ็นจีเนียริ่ง แอนด์ คอนสตรัคชั่น จำกัด (มหาชน)
SINU THAI TNGINEERING & CONSTRUCTION PEBHC COMPAY TASHTEL
RP-TN-03
SPALLING EDGE REPAIR
PROJECT: SEWERAGE TUNNEL BUNG NONG BON TO
CHAOPHRAYA RIVER
24
Chamfered Edge
Action
Reference Method
1.No Repair
A(mm.)
B(mm.)
C(mm.)
<5
<5
<5
2.Repair with
Cementious
RP-TN-03
5-50
5-50
5-70
Mortar
3.Reject
>50
>50
>70
Or rebar exposed
Or rebar exposed
Or rebar exposed
Document No.",Construction-Related,Material,"[1] Chapter: Guildline For Repair, Page: 7
STECON
บวิชา โน-ไทย เ คีเนียชิ่ง แอนด์ คอนสตรัคชั่น จํากัด (มหาชน)
Project: SEWERAGE TUNNEL BUNG NONG BON
SING THAI ENGINEERING & CONSTRUCTION PUBLIC COMPANY LIMITED
TO CHAOPHRAYA RIVER
ตารางแสดงวัสดุที่ใช้ซ่อมแซมความเสียหายประเภทต่างๆ
ประเภทของวัสดุซ่อมแซม
ประเภท
วิธีการ
ความ
Method
Reference | ปูนฉาบ | ปูนฉาบ
ซ่อม
อพอก
อีพ็อกซี่
วัสดุ
ซ่อม
ซเรซน มอรตาร เชอม
เชื่อม
เสียหาย
ซ่อมแซม
กำลังอัด
ประสาน
สูง
คอนกรีต
Repair with
Cementitious
RP-TN-01
Crack
Mortar
Repair with
RE-TN-02
Epoxy Resin
Repair with
Spalling
Cementitious
RP-TN-03
Edge
Mortar
Repair with
Spalling
Cementitious
RP-TN-03
Recesses
Mortar
Repair with
Voids or
Cementitious
RP-TN-04
Blowholes
Mortar
Repair with High
RP-TN-05
Strength Mortar
Document No.
Sharp Edge
A
c.At Corners
Table2 Guideline for Spalling Edge Repair
C
B
B
b.
25
RP-TN-03
Issue 2
Date : 20/6/2017
1 of 7
[4] Chapter: Spalling Edge Repair, Page: 24
STECOM
บริษัท ชิโน-ไทย เอ็นจีเนียริ่ง แอนด์ คอนสตรัคชั่น จำกัด (มหาชน)
SINU THAI TNGINEERING & CONSTRUCTION PEBHC COMPAY TASHTEL
RP-TN-03
SPALLING EDGE REPAIR
PROJECT: SEWERAGE TUNNEL BUNG NONG BON TO
CHAOPHRAYA RIVER
24
Chamfered Edge
Action
Reference Method
1.No Repair
A(mm.)
B(mm.)
C(mm.)
<5
<5
<5
2.Repair with
Cementious
RP-TN-03
5-50
5-50
5-70
Mortar
3.Reject
>50
>50
>70
Or rebar exposed
Or rebar exposed
Or rebar exposed
Document No.","7
STECON
บวิชา โน-ไทย เ คีเนียชิ่ง แอนด์ คอนสตรัคชั่น จํากัด (มหาชน)
Project: SEWERAGE TUNNEL BUNG NONG BON
SING THAI ENGINEERING & CONSTRUCTION PUBLIC COMPANY LIMITED
TO CHAOPHRAYA RIVER
ตารางแสดงวัสดุที่ใช้ซ่อมแซมความเสียหายประเภทต่างๆ
ประเภทของวัสดุซ่อมแซม
ประเภท
วิธีการ
ความ
Method
Reference | ปูนฉาบ | ปูนฉาบ
ซ่อม
อพอก
อีพ็อกซี่
วัสดุ
ซ่อม
ซเรซน มอรตาร เชอม
เชื่อม
เสียหาย
ซ่อมแซม
กำลังอัด
ประสาน
สูง
คอนกรีต
Repair with
Cementitious
RP-TN-01
Crack
Mortar
Repair with
RE-TN-02
Epoxy Resin
Repair with
Spalling
Cementitious
RP-TN-03
Edge
Mortar
Repair with
Spalling
Cementitious
RP-TN-03
Recesses
Mortar
Repair with
Voids or
Cementitious
RP-TN-04
Blowholes
Mortar
Repair with High
RP-TN-05
Strength Mortar
Document No.
Sharp Edge
A
c.At Corners
Table2 Guideline for Spalling Edge Repair
C
B
B
b.
25
RP-TN-03
Issue 2
Date : 20/6/2017
1 of 7
[4] Chapter: Spalling Edge Repair, Page: 24
STECOM
บริษัท ชิโน-ไทย เอ็นจีเนียริ่ง แอนด์ คอนสตรัคชั่น จำกัด (มหาชน)
SINU THAI TNGINEERING & CONSTRUCTION PEBHC COMPAY TASHTEL
RP-TN-03
SPALLING EDGE REPAIR
PROJECT: SEWERAGE TUNNEL BUNG NONG BON TO
CHAOPHRAYA RIVER
24
Chamfered Edge
Action
Reference Method
1.No Repair
A(mm.)
B(mm.)
C(mm.)
<5
<5
<5
2.Repair with
Cementious
RP-TN-03
5-50
5-50
5-70
Mortar
3.Reject
>50
>50
>70
Or rebar exposed
Or rebar exposed
Or rebar exposed
Document No.",extractive-fallback,"[1] Chapter: Guildline For Repair, Page: 7
STECON
บวิชา โน-ไทย เ คีเนียชิ่ง แอนด์ คอนสตรัคชั่น จํากัด (มหาชน)
Project: SEWERAGE TUNNEL BUNG NONG BON
SING THAI ENGINEERING & CONSTRUCTION PUBLIC COMPANY LIMITED
TO CHAOPHRAYA RIVER
ตารางแสดงวัสดุที่ใช้ซ่อมแซมความเสียหายประเภทต่างๆ
ประเภทของวัสดุซ่อมแซม
ประเภท
วิธีการ
ความ
Method
Reference | ปูนฉาบ | ปูนฉาบ
ซ่อม
อพอก
อีพ็อกซี่
วัสดุ
ซ่อม
ซเรซน มอรตาร เชอม
เชื่อม
เสียหาย
ซ่อมแซม
กำลังอัด
ประสาน
สูง
คอนกรีต
Repair with
Cementitious
RP-TN-01
Crack
Mortar
Repair with
RE-TN-02
Epoxy Resin
Repair with
Spalling
Cementitious
RP-TN-03
Edge
Mortar
Repair with
Spalling
Cementitious
RP-TN-03
Recesses
Mortar
Repair with
Voids or
Cementitious
RP-TN-04
Blowholes
Mortar
Repair with High
RP-TN-05
Strength Mortar
Document No.
Sharp Edge
A
c.At Corners
Table2 Guideline for Spalling Edge Repair
C
B
B
b.
25
RP-TN-03
Issue 2
Date : 20/6/2017
1 of 7
[4] Chapter: Spalling Edge Repair, Page: 24
STECOM
บริษัท ชิโน-ไทย เอ็นจีเนียริ่ง แอนด์ คอนสตรัคชั่น จำกัด (มหาชน)
SINU THAI TNGINEERING & CONSTRUCTION PEBHC COMPAY TASHTEL
RP-TN-03
SPALLING EDGE REPAIR
PROJECT: SEWERAGE TUNNEL BUNG NONG BON TO
CHAOPHRAYA RIVER
24
Chamfered Edge
Action
Reference Method
1.No Repair
A(mm.)
B(mm.)
C(mm.)
<5
<5
<5
2.Repair with
Cementious
RP-TN-03
5-50
5-50
5-70
Mortar
3.Reject
>50
>50
>70
Or rebar exposed
Or rebar exposed
Or rebar exposed
Document No.",Construction-Related,Material,"[1] Chapter: Guildline For Repair, Page: 7
STECON
บวิชา โน-ไทย เ คีเนียชิ่ง แอนด์ คอนสตรัคชั่น จํากัด (มหาชน)
Project: SEWERAGE TUNNEL BUNG NONG BON
SING THAI ENGINEERING & CONSTRUCTION PUBLIC COMPANY LIMITED
TO CHAOPHRAYA RIVER
ตารางแสดงวัสดุที่ใช้ซ่อมแซมความเสียหายประเภทต่างๆ
ประเภทของวัสดุซ่อมแซม
ประเภท
วิธีการ
ความ
Method
Reference | ปูนฉาบ | ปูนฉาบ
ซ่อม
อพอก
อีพ็อกซี่
วัสดุ
ซ่อม
ซเรซน มอรตาร เชอม
เชื่อม
เสียหาย
ซ่อมแซม
กำลังอัด
ประสาน
สูง
คอนกรีต
Repair with
Cementitious
RP-TN-01
Crack
Mortar
Repair with
RE-TN-02
Epoxy Resin
Repair with
Spalling
Cementitious
RP-TN-03
Edge
Mortar
Repair with
Spalling
Cementitious
RP-TN-03
Recesses
Mortar
Repair with
Voids or
Cementitious
RP-TN-04
Blowholes
Mortar
Repair with High
RP-TN-05
Strength Mortar
Document No.
Sharp Edge
A
c.At Corners
Table2 Guideline for Spalling Edge Repair
C
B
B
b.
25
RP-TN-03
Issue 2
Date : 20/6/2017
1 of 7
[4] Chapter: Spalling Edge Repair, Page: 24
STECOM
บริษัท ชิโน-ไทย เอ็นจีเนียริ่ง แอนด์ คอนสตรัคชั่น จำกัด (มหาชน)
SINU THAI TNGINEERING & CONSTRUCTION PEBHC COMPAY TASHTEL
RP-TN-03
SPALLING EDGE REPAIR
PROJECT: SEWERAGE TUNNEL BUNG NONG BON TO
CHAOPHRAYA RIVER
24
Chamfered Edge
Action
Reference Method
1.No Repair
A(mm.)
B(mm.)
C(mm.)
<5
<5
<5
2.Repair with
Cementious
RP-TN-03
5-50
5-50
5-70
Mortar
3.Reject
>50
>50
>70
Or rebar exposed
Or rebar exposed
Or rebar exposed
Document No.","7
STECON
บวิชา โน-ไทย เ คีเนียชิ่ง แอนด์ คอนสตรัคชั่น จํากัด (มหาชน)
Project: SEWERAGE TUNNEL BUNG NONG BON
SING THAI ENGINEERING & CONSTRUCTION PUBLIC COMPANY LIMITED
TO CHAOPHRAYA RIVER
ตารางแสดงวัสดุที่ใช้ซ่อมแซมความเสียหายประเภทต่างๆ
ประเภทของวัสดุซ่อมแซม
ประเภท
วิธีการ
ความ
Method
Reference | ปูนฉาบ | ปูนฉาบ
ซ่อม
อพอก
อีพ็อกซี่
วัสดุ
ซ่อม
ซเรซน มอรตาร เชอม
เชื่อม
เสียหาย
ซ่อมแซม
กำลังอัด
ประสาน
สูง
คอนกรีต
Repair with
Cementitious
RP-TN-01
Crack
Mortar
Repair with
RE-TN-02
Epoxy Resin
Repair with
Spalling
Cementitious
RP-TN-03
Edge
Mortar
Repair with
Spalling
Cementitious
RP-TN-03
Recesses
Mortar
Repair with
Voids or
Cementitious
RP-TN-04
Blowholes
Mortar
Repair with High
RP-TN-05
Strength Mortar
Document No.
Sharp Edge
A
c.At Corners
Table2 Guideline for Spalling Edge Repair
C
B
B
b.
25
RP-TN-03
Issue 2
Date : 20/6/2017
1 of 7
[4] Chapter: Spalling Edge Repair, Page: 24
STECOM
บริษัท ชิโน-ไทย เอ็นจีเนียริ่ง แอนด์ คอนสตรัคชั่น จำกัด (มหาชน)
SINU THAI TNGINEERING & CONSTRUCTION PEBHC COMPAY TASHTEL
RP-TN-03
SPALLING EDGE REPAIR
PROJECT: SEWERAGE TUNNEL BUNG NONG BON TO
CHAOPHRAYA RIVER
24
Chamfered Edge
Action
Reference Method
1.No Repair
A(mm.)
B(mm.)
C(mm.)
<5
<5
<5
2.Repair with
Cementious
RP-TN-03
5-50
5-50
5-70
Mortar
3.Reject
>50
>50
>70
Or rebar exposed
Or rebar exposed
Or rebar exposed
Document No.",extractive-fallback,"[1] Chapter: Guildline For Repair, Page: 7
STECON
บวิชา โน-ไทย เ คีเนียชิ่ง แอนด์ คอนสตรัคชั่น จํากัด (มหาชน)
Project: SEWERAGE TUNNEL BUNG NONG BON
SING THAI ENGINEERING & CONSTRUCTION PUBLIC COMPANY LIMITED
TO CHAOPHRAYA RIVER
ตารางแสดงวัสดุที่ใช้ซ่อมแซมความเสียหายประเภทต่างๆ
ประเภทของวัสดุซ่อมแซม
ประเภท
วิธีการ
ความ
Method
Reference | ปูนฉาบ | ปูนฉาบ
ซ่อม
อพอก
อีพ็อกซี่
วัสดุ
ซ่อม
ซเรซน มอรตาร เชอม
เชื่อม
เสียหาย
ซ่อมแซม
กำลังอัด
ประสาน
สูง
คอนกรีต
Repair with
Cementitious
RP-TN-01
Crack
Mortar
Repair with
RE-TN-02
Epoxy Resin
Repair with
Spalling
Cementitious
RP-TN-03
Edge
Mortar
Repair with
Spalling
Cementitious
RP-TN-03
Recesses
Mortar
Repair with
Voids or
Cementitious
RP-TN-04
Blowholes
Mortar
Repair with High
RP-TN-05
Strength Mortar
Document No.
Sharp Edge
A
c.At Corners
Table2 Guideline for Spalling Edge Repair
C
B
B
b.
25
RP-TN-03
Issue 2
Date : 20/6/2017
1 of 7
[4] Chapter: Spalling Edge Repair, Page: 24
STECOM
บริษัท ชิโน-ไทย เอ็นจีเนียริ่ง แอนด์ คอนสตรัคชั่น จำกัด (มหาชน)
SINU THAI TNGINEERING & CONSTRUCTION PEBHC COMPAY TASHTEL
RP-TN-03
SPALLING EDGE REPAIR
PROJECT: SEWERAGE TUNNEL BUNG NONG BON TO
CHAOPHRAYA RIVER
24
Chamfered Edge
Action
Reference Method
1.No Repair
A(mm.)
B(mm.)
C(mm.)
<5
<5
<5
2.Repair with
Cementious
RP-TN-03
5-50
5-50
5-70
Mortar
3.Reject
>50
>50
>70
Or rebar exposed
Or rebar exposed
Or rebar exposed
Document No."
 เกณฑ์การปฏิเสธชิ้นงาน (Reject) สำหรับ Spalling Edge ในกรณีที่วัดขนาดความเสียหาย คือเท่าใด, เมื่อขนาดความเสียหาย A > 50 มม. หรือ B > 50 มม. หรือ C > 70 มม.,4,Construction-Related,Repair Method,"TYPE OF DAEMAGE
Crack
Spalling Edge
REPAIR PROCEDURE
Reference Method:
Spalling Recesses
Other.
Sharp Edge
A
c.At Corners
Table2 Guideline for Spalling Edge Repair
C
B
B
b.
[2] Chapter: Spalling Edge Repair, Page: 24
STECOM
บริษัท ชิโน-ไทย เอ็นจีเนียริ่ง แอนด์ คอนสตรัคชั่น จำกัด (มหาชน)
SINU THAI TNGINEERING & CONSTRUCTION PEBHC COMPAY TASHTEL
RP-TN-03
SPALLING EDGE REPAIR
PROJECT: SEWERAGE TUNNEL BUNG NONG BON TO
CHAOPHRAYA RIVER
24
Chamfered Edge
Action
Reference Method
1.No Repair
A(mm.)
B(mm.)
C(mm.)
<5
<5
<5
2.Repair with
Cementious
RP-TN-03
5-50
5-50
5-70
Mortar
3.Reject
>50
>50
>70
Or rebar exposed
Or rebar exposed
Or rebar exposed
Document No.
[1] Chapter: Guildline For Repair, Page: 4
STECON
บริษัท ซิโน-ไทย เอ็นจีเนียชิ่ง แอนด์ คอนสเตชั่น จํากัด (มหาชน)
SINO-THAI ENGINEERING & CONSTRUCTION PUBLIC COMPANY LIMITED
Project: SEWERAGE TUNNEL BUNG NONG BON
TO CHAOPHRAYA RIVER
• แตกบินที่ขอบ (Spalling Edge)
A
a.","24
STECOM
บริษัท ชิโน-ไทย เอ็นจีเนียริ่ง แอนด์ คอนสตรัคชั่น จำกัด (มหาชน)
SINU THAI TNGINEERING & CONSTRUCTION PEBHC COMPAY TASHTEL
RP-TN-03
SPALLING EDGE REPAIR
PROJECT: SEWERAGE TUNNEL BUNG NONG BON TO
CHAOPHRAYA RIVER
24
Chamfered Edge
Action
Reference Method
1.No Repair
A(mm.)
B(mm.)
C(mm.)
<5
<5
<5
2.Repair with
Cementious
RP-TN-03
5-50
5-50
5-70
Mortar
3.Reject
>50
>50
>70
Or rebar exposed
Or rebar exposed
Or rebar exposed
Document No.
[1] Chapter: Guildline For Repair, Page: 4
STECON
บริษัท ซิโน-ไทย เอ็นจีเนียชิ่ง แอนด์ คอนสเตชั่น จํากัด (มหาชน)
SINO-THAI ENGINEERING & CONSTRUCTION PUBLIC COMPANY LIMITED
Project: SEWERAGE TUNNEL BUNG NONG BON
TO CHAOPHRAYA RIVER
• แตกบินที่ขอบ (Spalling Edge)
A
a.",extractive-fallback,"TYPE OF DAEMAGE
Crack
Spalling Edge
REPAIR PROCEDURE
Reference Method:
Spalling Recesses
Other.
Sharp Edge
A
c.At Corners
Table2 Guideline for Spalling Edge Repair
C
B
B
b.
[2] Chapter: Spalling Edge Repair, Page: 24
STECOM
บริษัท ชิโน-ไทย เอ็นจีเนียริ่ง แอนด์ คอนสตรัคชั่น จำกัด (มหาชน)
SINU THAI TNGINEERING & CONSTRUCTION PEBHC COMPAY TASHTEL
RP-TN-03
SPALLING EDGE REPAIR
PROJECT: SEWERAGE TUNNEL BUNG NONG BON TO
CHAOPHRAYA RIVER
24
Chamfered Edge
Action
Reference Method
1.No Repair
A(mm.)
B(mm.)
C(mm.)
<5
<5
<5
2.Repair with
Cementious
RP-TN-03
5-50
5-50
5-70
Mortar
3.Reject
>50
>50
>70
Or rebar exposed
Or rebar exposed
Or rebar exposed
Document No.
[1] Chapter: Guildline For Repair, Page: 4
STECON
บริษัท ซิโน-ไทย เอ็นจีเนียชิ่ง แอนด์ คอนสเตชั่น จํากัด (มหาชน)
SINO-THAI ENGINEERING & CONSTRUCTION PUBLIC COMPANY LIMITED
Project: SEWERAGE TUNNEL BUNG NONG BON
TO CHAOPHRAYA RIVER
• แตกบินที่ขอบ (Spalling Edge)
A
a.",Construction-Related,Repair Method,"TYPE OF DAEMAGE
Crack
Spalling Edge
REPAIR PROCEDURE
Reference Method:
Spalling Recesses
Other.
Sharp Edge
A
c.At Corners
Table2 Guideline for Spalling Edge Repair
C
B
B
b.
[2] Chapter: Spalling Edge Repair, Page: 24
STECOM
บริษัท ชิโน-ไทย เอ็นจีเนียริ่ง แอนด์ คอนสตรัคชั่น จำกัด (มหาชน)
SINU THAI TNGINEERING & CONSTRUCTION PEBHC COMPAY TASHTEL
RP-TN-03
SPALLING EDGE REPAIR
PROJECT: SEWERAGE TUNNEL BUNG NONG BON TO
CHAOPHRAYA RIVER
24
Chamfered Edge
Action
Reference Method
1.No Repair
A(mm.)
B(mm.)
C(mm.)
<5
<5
<5
2.Repair with
Cementious
RP-TN-03
5-50
5-50
5-70
Mortar
3.Reject
>50
>50
>70
Or rebar exposed
Or rebar exposed
Or rebar exposed
Document No.
[1] Chapter: Guildline For Repair, Page: 4
STECON
บริษัท ซิโน-ไทย เอ็นจีเนียชิ่ง แอนด์ คอนสเตชั่น จํากัด (มหาชน)
SINO-THAI ENGINEERING & CONSTRUCTION PUBLIC COMPANY LIMITED
Project: SEWERAGE TUNNEL BUNG NONG BON
TO CHAOPHRAYA RIVER
• แตกบินที่ขอบ (Spalling Edge)
A
a.","24
STECOM
บริษัท ชิโน-ไทย เอ็นจีเนียริ่ง แอนด์ คอนสตรัคชั่น จำกัด (มหาชน)
SINU THAI TNGINEERING & CONSTRUCTION PEBHC COMPAY TASHTEL
RP-TN-03
SPALLING EDGE REPAIR
PROJECT: SEWERAGE TUNNEL BUNG NONG BON TO
CHAOPHRAYA RIVER
24
Chamfered Edge
Action
Reference Method
1.No Repair
A(mm.)
B(mm.)
C(mm.)
<5
<5
<5
2.Repair with
Cementious
RP-TN-03
5-50
5-50
5-70
Mortar
3.Reject
>50
>50
>70
Or rebar exposed
Or rebar exposed
Or rebar exposed
Document No.
[1] Chapter: Guildline For Repair, Page: 4
STECON
บริษัท ซิโน-ไทย เอ็นจีเนียชิ่ง แอนด์ คอนสเตชั่น จํากัด (มหาชน)
SINO-THAI ENGINEERING & CONSTRUCTION PUBLIC COMPANY LIMITED
Project: SEWERAGE TUNNEL BUNG NONG BON
TO CHAOPHRAYA RIVER
• แตกบินที่ขอบ (Spalling Edge)
A
a.",extractive-fallback,"TYPE OF DAEMAGE
Crack
Spalling Edge
REPAIR PROCEDURE
Reference Method:
Spalling Recesses
Other.
Sharp Edge
A
c.At Corners
Table2 Guideline for Spalling Edge Repair
C
B
B
b.
[2] Chapter: Spalling Edge Repair, Page: 24
STECOM
บริษัท ชิโน-ไทย เอ็นจีเนียริ่ง แอนด์ คอนสตรัคชั่น จำกัด (มหาชน)
SINU THAI TNGINEERING & CONSTRUCTION PEBHC COMPAY TASHTEL
RP-TN-03
SPALLING EDGE REPAIR
PROJECT: SEWERAGE TUNNEL BUNG NONG BON TO
CHAOPHRAYA RIVER
24
Chamfered Edge
Action
Reference Method
1.No Repair
A(mm.)
B(mm.)
C(mm.)
<5
<5
<5
2.Repair with
Cementious
RP-TN-03
5-50
5-50
5-70
Mortar
3.Reject
>50
>50
>70
Or rebar exposed
Or rebar exposed
Or rebar exposed
Document No.
[1] Chapter: Guildline For Repair, Page: 4
STECON
บริษัท ซิโน-ไทย เอ็นจีเนียชิ่ง แอนด์ คอนสเตชั่น จํากัด (มหาชน)
SINO-THAI ENGINEERING & CONSTRUCTION PUBLIC COMPANY LIMITED
Project: SEWERAGE TUNNEL BUNG NONG BON
TO CHAOPHRAYA RIVER
• แตกบินที่ขอบ (Spalling Edge)
A
a.",Construction-Related,Repair Method,"TYPE OF DAEMAGE
Crack
Spalling Edge
REPAIR PROCEDURE
Reference Method:
Spalling Recesses
Other.
Sharp Edge
A
c.At Corners
Table2 Guideline for Spalling Edge Repair
C
B
B
b.
[2] Chapter: Spalling Edge Repair, Page: 24
STECOM
บริษัท ชิโน-ไทย เอ็นจีเนียริ่ง แอนด์ คอนสตรัคชั่น จำกัด (มหาชน)
SINU THAI TNGINEERING & CONSTRUCTION PEBHC COMPAY TASHTEL
RP-TN-03
SPALLING EDGE REPAIR
PROJECT: SEWERAGE TUNNEL BUNG NONG BON TO
CHAOPHRAYA RIVER
24
Chamfered Edge
Action
Reference Method
1.No Repair
A(mm.)
B(mm.)
C(mm.)
<5
<5
<5
2.Repair with
Cementious
RP-TN-03
5-50
5-50
5-70
Mortar
3.Reject
>50
>50
>70
Or rebar exposed
Or rebar exposed
Or rebar exposed
Document No.
[1] Chapter: Guildline For Repair, Page: 4
STECON
บริษัท ซิโน-ไทย เอ็นจีเนียชิ่ง แอนด์ คอนสเตชั่น จํากัด (มหาชน)
SINO-THAI ENGINEERING & CONSTRUCTION PUBLIC COMPANY LIMITED
Project: SEWERAGE TUNNEL BUNG NONG BON
TO CHAOPHRAYA RIVER
• แตกบินที่ขอบ (Spalling Edge)
A
a.","24
STECOM
บริษัท ชิโน-ไทย เอ็นจีเนียริ่ง แอนด์ คอนสตรัคชั่น จำกัด (มหาชน)
SINU THAI TNGINEERING & CONSTRUCTION PEBHC COMPAY TASHTEL
RP-TN-03
SPALLING EDGE REPAIR
PROJECT: SEWERAGE TUNNEL BUNG NONG BON TO
CHAOPHRAYA RIVER
24
Chamfered Edge
Action
Reference Method
1.No Repair
A(mm.)
B(mm.)
C(mm.)
<5
<5
<5
2.Repair with
Cementious
RP-TN-03
5-50
5-50
5-70
Mortar
3.Reject
>50
>50
>70
Or rebar exposed
Or rebar exposed
Or rebar exposed
Document No.
[1] Chapter: Guildline For Repair, Page: 4
STECON
บริษัท ซิโน-ไทย เอ็นจีเนียชิ่ง แอนด์ คอนสเตชั่น จํากัด (มหาชน)
SINO-THAI ENGINEERING & CONSTRUCTION PUBLIC COMPANY LIMITED
Project: SEWERAGE TUNNEL BUNG NONG BON
TO CHAOPHRAYA RIVER
• แตกบินที่ขอบ (Spalling Edge)
A
a.",extractive-fallback,"TYPE OF DAEMAGE
Crack
Spalling Edge
REPAIR PROCEDURE
Reference Method:
Spalling Recesses
Other.
Sharp Edge
A
c.At Corners
Table2 Guideline for Spalling Edge Repair
C
B
B
b.
[2] Chapter: Spalling Edge Repair, Page: 24
STECOM
บริษัท ชิโน-ไทย เอ็นจีเนียริ่ง แอนด์ คอนสตรัคชั่น จำกัด (มหาชน)
SINU THAI TNGINEERING & CONSTRUCTION PEBHC COMPAY TASHTEL
RP-TN-03
SPALLING EDGE REPAIR
PROJECT: SEWERAGE TUNNEL BUNG NONG BON TO
CHAOPHRAYA RIVER
24
Chamfered Edge
Action
Reference Method
1.No Repair
A(mm.)
B(mm.)
C(mm.)
<5
<5
<5
2.Repair with
Cementious
RP-TN-03
5-50
5-50
5-70
Mortar
3.Reject
>50
>50
>70
Or rebar exposed
Or rebar exposed
Or rebar exposed
Document No.
[1] Chapter: Guildline For Repair, Page: 4
STECON
บริษัท ซิโน-ไทย เอ็นจีเนียชิ่ง แอนด์ คอนสเตชั่น จํากัด (มหาชน)
SINO-THAI ENGINEERING & CONSTRUCTION PUBLIC COMPANY LIMITED
Project: SEWERAGE TUNNEL BUNG NONG BON
TO CHAOPHRAYA RIVER
• แตกบินที่ขอบ (Spalling Edge)
A
a.",Construction-Related,Repair Method,"TYPE OF DAEMAGE
Crack
Spalling Edge
REPAIR PROCEDURE
Reference Method:
Spalling Recesses
Other.
Sharp Edge
A
c.At Corners
Table2 Guideline for Spalling Edge Repair
C
B
B
b.
[2] Chapter: Spalling Edge Repair, Page: 24
STECOM
บริษัท ชิโน-ไทย เอ็นจีเนียริ่ง แอนด์ คอนสตรัคชั่น จำกัด (มหาชน)
SINU THAI TNGINEERING & CONSTRUCTION PEBHC COMPAY TASHTEL
RP-TN-03
SPALLING EDGE REPAIR
PROJECT: SEWERAGE TUNNEL BUNG NONG BON TO
CHAOPHRAYA RIVER
24
Chamfered Edge
Action
Reference Method
1.No Repair
A(mm.)
B(mm.)
C(mm.)
<5
<5
<5
2.Repair with
Cementious
RP-TN-03
5-50
5-50
5-70
Mortar
3.Reject
>50
>50
>70
Or rebar exposed
Or rebar exposed
Or rebar exposed
Document No.
[1] Chapter: Guildline For Repair, Page: 4
STECON
บริษัท ซิโน-ไทย เอ็นจีเนียชิ่ง แอนด์ คอนสเตชั่น จํากัด (มหาชน)
SINO-THAI ENGINEERING & CONSTRUCTION PUBLIC COMPANY LIMITED
Project: SEWERAGE TUNNEL BUNG NONG BON
TO CHAOPHRAYA RIVER
• แตกบินที่ขอบ (Spalling Edge)
A
a.","24
STECOM
บริษัท ชิโน-ไทย เอ็นจีเนียริ่ง แอนด์ คอนสตรัคชั่น จำกัด (มหาชน)
SINU THAI TNGINEERING & CONSTRUCTION PEBHC COMPAY TASHTEL
RP-TN-03
SPALLING EDGE REPAIR
PROJECT: SEWERAGE TUNNEL BUNG NONG BON TO
CHAOPHRAYA RIVER
24
Chamfered Edge
Action
Reference Method
1.No Repair
A(mm.)
B(mm.)
C(mm.)
<5
<5
<5
2.Repair with
Cementious
RP-TN-03
5-50
5-50
5-70
Mortar
3.Reject
>50
>50
>70
Or rebar exposed
Or rebar exposed
Or rebar exposed
Document No.
[1] Chapter: Guildline For Repair, Page: 4
STECON
บริษัท ซิโน-ไทย เอ็นจีเนียชิ่ง แอนด์ คอนสเตชั่น จํากัด (มหาชน)
SINO-THAI ENGINEERING & CONSTRUCTION PUBLIC COMPANY LIMITED
Project: SEWERAGE TUNNEL BUNG NONG BON
TO CHAOPHRAYA RIVER
• แตกบินที่ขอบ (Spalling Edge)
A
a.",extractive-fallback,"TYPE OF DAEMAGE
Crack
Spalling Edge
REPAIR PROCEDURE
Reference Method:
Spalling Recesses
Other.
Sharp Edge
A
c.At Corners
Table2 Guideline for Spalling Edge Repair
C
B
B
b.
[2] Chapter: Spalling Edge Repair, Page: 24
STECOM
บริษัท ชิโน-ไทย เอ็นจีเนียริ่ง แอนด์ คอนสตรัคชั่น จำกัด (มหาชน)
SINU THAI TNGINEERING & CONSTRUCTION PEBHC COMPAY TASHTEL
RP-TN-03
SPALLING EDGE REPAIR
PROJECT: SEWERAGE TUNNEL BUNG NONG BON TO
CHAOPHRAYA RIVER
24
Chamfered Edge
Action
Reference Method
1.No Repair
A(mm.)
B(mm.)
C(mm.)
<5
<5
<5
2.Repair with
Cementious
RP-TN-03
5-50
5-50
5-70
Mortar
3.Reject
>50
>50
>70
Or rebar exposed
Or rebar exposed
Or rebar exposed
Document No.
[1] Chapter: Guildline For Repair, Page: 4
STECON
บริษัท ซิโน-ไทย เอ็นจีเนียชิ่ง แอนด์ คอนสเตชั่น จํากัด (มหาชน)
SINO-THAI ENGINEERING & CONSTRUCTION PUBLIC COMPANY LIMITED
Project: SEWERAGE TUNNEL BUNG NONG BON
TO CHAOPHRAYA RIVER
• แตกบินที่ขอบ (Spalling Edge)
A
a."
 นอกเหนือจากขนาดความเสียหาย หากเกิด Spalling Edge แล้วพบสิ่งใด จึงถือว่าต้องปฏิเสธชิ้นงาน (Reject) ทันที, เมื่อเหล็กเสริมโผล่ (Rebar exposed),4,Construction-Related,Repair Method,"TYPE OF DAEMAGE
Crack
Spalling Edge
REPAIR PROCEDURE
Reference Method:
Spalling Recesses
Other.
Sharp Edge
A
c.At Corners
Table2 Guideline for Spalling Edge Repair
C
B
B
b.
[2] Chapter: Spalling Edge Repair, Page: 24
STECOM
บริษัท ชิโน-ไทย เอ็นจีเนียริ่ง แอนด์ คอนสตรัคชั่น จำกัด (มหาชน)
SINU THAI TNGINEERING & CONSTRUCTION PEBHC COMPAY TASHTEL
RP-TN-03
SPALLING EDGE REPAIR
PROJECT: SEWERAGE TUNNEL BUNG NONG BON TO
CHAOPHRAYA RIVER
24
Chamfered Edge
Action
Reference Method
1.No Repair
A(mm.)
B(mm.)
C(mm.)
<5
<5
<5
2.Repair with
Cementious
RP-TN-03
5-50
5-50
5-70
Mortar
3.Reject
>50
>50
>70
Or rebar exposed
Or rebar exposed
Or rebar exposed
Document No.
[1] Chapter: Guildline For Repair, Page: 4
STECON
บริษัท ซิโน-ไทย เอ็นจีเนียชิ่ง แอนด์ คอนสเตชั่น จํากัด (มหาชน)
SINO-THAI ENGINEERING & CONSTRUCTION PUBLIC COMPANY LIMITED
Project: SEWERAGE TUNNEL BUNG NONG BON
TO CHAOPHRAYA RIVER
• แตกบินที่ขอบ (Spalling Edge)
A
a.","24
STECOM
บริษัท ชิโน-ไทย เอ็นจีเนียริ่ง แอนด์ คอนสตรัคชั่น จำกัด (มหาชน)
SINU THAI TNGINEERING & CONSTRUCTION PEBHC COMPAY TASHTEL
RP-TN-03
SPALLING EDGE REPAIR
PROJECT: SEWERAGE TUNNEL BUNG NONG BON TO
CHAOPHRAYA RIVER
24
Chamfered Edge
Action
Reference Method
1.No Repair
A(mm.)
B(mm.)
C(mm.)
<5
<5
<5
2.Repair with
Cementious
RP-TN-03
5-50
5-50
5-70
Mortar
3.Reject
>50
>50
>70
Or rebar exposed
Or rebar exposed
Or rebar exposed
Document No.
[1] Chapter: Guildline For Repair, Page: 4
STECON
บริษัท ซิโน-ไทย เอ็นจีเนียชิ่ง แอนด์ คอนสเตชั่น จํากัด (มหาชน)
SINO-THAI ENGINEERING & CONSTRUCTION PUBLIC COMPANY LIMITED
Project: SEWERAGE TUNNEL BUNG NONG BON
TO CHAOPHRAYA RIVER
• แตกบินที่ขอบ (Spalling Edge)
A
a.",extractive-fallback,"TYPE OF DAEMAGE
Crack
Spalling Edge
REPAIR PROCEDURE
Reference Method:
Spalling Recesses
Other.
Sharp Edge
A
c.At Corners
Table2 Guideline for Spalling Edge Repair
C
B
B
b.
[2] Chapter: Spalling Edge Repair, Page: 24
STECOM
บริษัท ชิโน-ไทย เอ็นจีเนียริ่ง แอนด์ คอนสตรัคชั่น จำกัด (มหาชน)
SINU THAI TNGINEERING & CONSTRUCTION PEBHC COMPAY TASHTEL
RP-TN-03
SPALLING EDGE REPAIR
PROJECT: SEWERAGE TUNNEL BUNG NONG BON TO
CHAOPHRAYA RIVER
24
Chamfered Edge
Action
Reference Method
1.No Repair
A(mm.)
B(mm.)
C(mm.)
<5
<5
<5
2.Repair with
Cementious
RP-TN-03
5-50
5-50
5-70
Mortar
3.Reject
>50
>50
>70
Or rebar exposed
Or rebar exposed
Or rebar exposed
Document No.
[1] Chapter: Guildline For Repair, Page: 4
STECON
บริษัท ซิโน-ไทย เอ็นจีเนียชิ่ง แอนด์ คอนสเตชั่น จํากัด (มหาชน)
SINO-THAI ENGINEERING & CONSTRUCTION PUBLIC COMPANY LIMITED
Project: SEWERAGE TUNNEL BUNG NONG BON
TO CHAOPHRAYA RIVER
• แตกบินที่ขอบ (Spalling Edge)
A
a.",Construction-Related,Repair Method,"TYPE OF DAEMAGE
Crack
Spalling Edge
REPAIR PROCEDURE
Reference Method:
Spalling Recesses
Other.
Sharp Edge
A
c.At Corners
Table2 Guideline for Spalling Edge Repair
C
B
B
b.
[2] Chapter: Spalling Edge Repair, Page: 24
STECOM
บริษัท ชิโน-ไทย เอ็นจีเนียริ่ง แอนด์ คอนสตรัคชั่น จำกัด (มหาชน)
SINU THAI TNGINEERING & CONSTRUCTION PEBHC COMPAY TASHTEL
RP-TN-03
SPALLING EDGE REPAIR
PROJECT: SEWERAGE TUNNEL BUNG NONG BON TO
CHAOPHRAYA RIVER
24
Chamfered Edge
Action
Reference Method
1.No Repair
A(mm.)
B(mm.)
C(mm.)
<5
<5
<5
2.Repair with
Cementious
RP-TN-03
5-50
5-50
5-70
Mortar
3.Reject
>50
>50
>70
Or rebar exposed
Or rebar exposed
Or rebar exposed
Document No.
[1] Chapter: Guildline For Repair, Page: 4
STECON
บริษัท ซิโน-ไทย เอ็นจีเนียชิ่ง แอนด์ คอนสเตชั่น จํากัด (มหาชน)
SINO-THAI ENGINEERING & CONSTRUCTION PUBLIC COMPANY LIMITED
Project: SEWERAGE TUNNEL BUNG NONG BON
TO CHAOPHRAYA RIVER
• แตกบินที่ขอบ (Spalling Edge)
A
a.","24
STECOM
บริษัท ชิโน-ไทย เอ็นจีเนียริ่ง แอนด์ คอนสตรัคชั่น จำกัด (มหาชน)
SINU THAI TNGINEERING & CONSTRUCTION PEBHC COMPAY TASHTEL
RP-TN-03
SPALLING EDGE REPAIR
PROJECT: SEWERAGE TUNNEL BUNG NONG BON TO
CHAOPHRAYA RIVER
24
Chamfered Edge
Action
Reference Method
1.No Repair
A(mm.)
B(mm.)
C(mm.)
<5
<5
<5
2.Repair with
Cementious
RP-TN-03
5-50
5-50
5-70
Mortar
3.Reject
>50
>50
>70
Or rebar exposed
Or rebar exposed
Or rebar exposed
Document No.
[1] Chapter: Guildline For Repair, Page: 4
STECON
บริษัท ซิโน-ไทย เอ็นจีเนียชิ่ง แอนด์ คอนสเตชั่น จํากัด (มหาชน)
SINO-THAI ENGINEERING & CONSTRUCTION PUBLIC COMPANY LIMITED
Project: SEWERAGE TUNNEL BUNG NONG BON
TO CHAOPHRAYA RIVER
• แตกบินที่ขอบ (Spalling Edge)
A
a.",extractive-fallback,"TYPE OF DAEMAGE
Crack
Spalling Edge
REPAIR PROCEDURE
Reference Method:
Spalling Recesses
Other.
Sharp Edge
A
c.At Corners
Table2 Guideline for Spalling Edge Repair
C
B
B
b.
[2] Chapter: Spalling Edge Repair, Page: 24
STECOM
บริษัท ชิโน-ไทย เอ็นจีเนียริ่ง แอนด์ คอนสตรัคชั่น จำกัด (มหาชน)
SINU THAI TNGINEERING & CONSTRUCTION PEBHC COMPAY TASHTEL
RP-TN-03
SPALLING EDGE REPAIR
PROJECT: SEWERAGE TUNNEL BUNG NONG BON TO
CHAOPHRAYA RIVER
24
Chamfered Edge
Action
Reference Method
1.No Repair
A(mm.)
B(mm.)
C(mm.)
<5
<5
<5
2.Repair with
Cementious
RP-TN-03
5-50
5-50
5-70
Mortar
3.Reject
>50
>50
>70
Or rebar exposed
Or rebar exposed
Or rebar exposed
Document No.
[1] Chapter: Guildline For Repair, Page: 4
STECON
บริษัท ซิโน-ไทย เอ็นจีเนียชิ่ง แอนด์ คอนสเตชั่น จํากัด (มหาชน)
SINO-THAI ENGINEERING & CONSTRUCTION PUBLIC COMPANY LIMITED
Project: SEWERAGE TUNNEL BUNG NONG BON
TO CHAOPHRAYA RIVER
• แตกบินที่ขอบ (Spalling Edge)
A
a.",Construction-Related,Repair Method,"TYPE OF DAEMAGE
Crack
Spalling Edge
REPAIR PROCEDURE
Reference Method:
Spalling Recesses
Other.
Sharp Edge
A
c.At Corners
Table2 Guideline for Spalling Edge Repair
C
B
B
b.
[2] Chapter: Spalling Edge Repair, Page: 24
STECOM
บริษัท ชิโน-ไทย เอ็นจีเนียริ่ง แอนด์ คอนสตรัคชั่น จำกัด (มหาชน)
SINU THAI TNGINEERING & CONSTRUCTION PEBHC COMPAY TASHTEL
RP-TN-03
SPALLING EDGE REPAIR
PROJECT: SEWERAGE TUNNEL BUNG NONG BON TO
CHAOPHRAYA RIVER
24
Chamfered Edge
Action
Reference Method
1.No Repair
A(mm.)
B(mm.)
C(mm.)
<5
<5
<5
2.Repair with
Cementious
RP-TN-03
5-50
5-50
5-70
Mortar
3.Reject
>50
>50
>70
Or rebar exposed
Or rebar exposed
Or rebar exposed
Document No.
[1] Chapter: Guildline For Repair, Page: 4
STECON
บริษัท ซิโน-ไทย เอ็นจีเนียชิ่ง แอนด์ คอนสเตชั่น จํากัด (มหาชน)
SINO-THAI ENGINEERING & CONSTRUCTION PUBLIC COMPANY LIMITED
Project: SEWERAGE TUNNEL BUNG NONG BON
TO CHAOPHRAYA RIVER
• แตกบินที่ขอบ (Spalling Edge)
A
a.","24
STECOM
บริษัท ชิโน-ไทย เอ็นจีเนียริ่ง แอนด์ คอนสตรัคชั่น จำกัด (มหาชน)
SINU THAI TNGINEERING & CONSTRUCTION PEBHC COMPAY TASHTEL
RP-TN-03
SPALLING EDGE REPAIR
PROJECT: SEWERAGE TUNNEL BUNG NONG BON TO
CHAOPHRAYA RIVER
24
Chamfered Edge
Action
Reference Method
1.No Repair
A(mm.)
B(mm.)
C(mm.)
<5
<5
<5
2.Repair with
Cementious
RP-TN-03
5-50
5-50
5-70
Mortar
3.Reject
>50
>50
>70
Or rebar exposed
Or rebar exposed
Or rebar exposed
Document No.
[1] Chapter: Guildline For Repair, Page: 4
STECON
บริษัท ซิโน-ไทย เอ็นจีเนียชิ่ง แอนด์ คอนสเตชั่น จํากัด (มหาชน)
SINO-THAI ENGINEERING & CONSTRUCTION PUBLIC COMPANY LIMITED
Project: SEWERAGE TUNNEL BUNG NONG BON
TO CHAOPHRAYA RIVER
• แตกบินที่ขอบ (Spalling Edge)
A
a.",extractive-fallback,"TYPE OF DAEMAGE
Crack
Spalling Edge
REPAIR PROCEDURE
Reference Method:
Spalling Recesses
Other.
Sharp Edge
A
c.At Corners
Table2 Guideline for Spalling Edge Repair
C
B
B
b.
[2] Chapter: Spalling Edge Repair, Page: 24
STECOM
บริษัท ชิโน-ไทย เอ็นจีเนียริ่ง แอนด์ คอนสตรัคชั่น จำกัด (มหาชน)
SINU THAI TNGINEERING & CONSTRUCTION PEBHC COMPAY TASHTEL
RP-TN-03
SPALLING EDGE REPAIR
PROJECT: SEWERAGE TUNNEL BUNG NONG BON TO
CHAOPHRAYA RIVER
24
Chamfered Edge
Action
Reference Method
1.No Repair
A(mm.)
B(mm.)
C(mm.)
<5
<5
<5
2.Repair with
Cementious
RP-TN-03
5-50
5-50
5-70
Mortar
3.Reject
>50
>50
>70
Or rebar exposed
Or rebar exposed
Or rebar exposed
Document No.
[1] Chapter: Guildline For Repair, Page: 4
STECON
บริษัท ซิโน-ไทย เอ็นจีเนียชิ่ง แอนด์ คอนสเตชั่น จํากัด (มหาชน)
SINO-THAI ENGINEERING & CONSTRUCTION PUBLIC COMPANY LIMITED
Project: SEWERAGE TUNNEL BUNG NONG BON
TO CHAOPHRAYA RIVER
• แตกบินที่ขอบ (Spalling Edge)
A
a.",Construction-Related,Repair Method,"TYPE OF DAEMAGE
Crack
Spalling Edge
REPAIR PROCEDURE
Reference Method:
Spalling Recesses
Other.
Sharp Edge
A
c.At Corners
Table2 Guideline for Spalling Edge Repair
C
B
B
b.
[2] Chapter: Spalling Edge Repair, Page: 24
STECOM
บริษัท ชิโน-ไทย เอ็นจีเนียริ่ง แอนด์ คอนสตรัคชั่น จำกัด (มหาชน)
SINU THAI TNGINEERING & CONSTRUCTION PEBHC COMPAY TASHTEL
RP-TN-03
SPALLING EDGE REPAIR
PROJECT: SEWERAGE TUNNEL BUNG NONG BON TO
CHAOPHRAYA RIVER
24
Chamfered Edge
Action
Reference Method
1.No Repair
A(mm.)
B(mm.)
C(mm.)
<5
<5
<5
2.Repair with
Cementious
RP-TN-03
5-50
5-50
5-70
Mortar
3.Reject
>50
>50
>70
Or rebar exposed
Or rebar exposed
Or rebar exposed
Document No.
[1] Chapter: Guildline For Repair, Page: 4
STECON
บริษัท ซิโน-ไทย เอ็นจีเนียชิ่ง แอนด์ คอนสเตชั่น จํากัด (มหาชน)
SINO-THAI ENGINEERING & CONSTRUCTION PUBLIC COMPANY LIMITED
Project: SEWERAGE TUNNEL BUNG NONG BON
TO CHAOPHRAYA RIVER
• แตกบินที่ขอบ (Spalling Edge)
A
a.","24
STECOM
บริษัท ชิโน-ไทย เอ็นจีเนียริ่ง แอนด์ คอนสตรัคชั่น จำกัด (มหาชน)
SINU THAI TNGINEERING & CONSTRUCTION PEBHC COMPAY TASHTEL
RP-TN-03
SPALLING EDGE REPAIR
PROJECT: SEWERAGE TUNNEL BUNG NONG BON TO
CHAOPHRAYA RIVER
24
Chamfered Edge
Action
Reference Method
1.No Repair
A(mm.)
B(mm.)
C(mm.)
<5
<5
<5
2.Repair with
Cementious
RP-TN-03
5-50
5-50
5-70
Mortar
3.Reject
>50
>50
>70
Or rebar exposed
Or rebar exposed
Or rebar exposed
Document No.
[1] Chapter: Guildline For Repair, Page: 4
STECON
บริษัท ซิโน-ไทย เอ็นจีเนียชิ่ง แอนด์ คอนสเตชั่น จํากัด (มหาชน)
SINO-THAI ENGINEERING & CONSTRUCTION PUBLIC COMPANY LIMITED
Project: SEWERAGE TUNNEL BUNG NONG BON
TO CHAOPHRAYA RIVER
• แตกบินที่ขอบ (Spalling Edge)
A
a.",extractive-fallback,"TYPE OF DAEMAGE
Crack
Spalling Edge
REPAIR PROCEDURE
Reference Method:
Spalling Recesses
Other.
Sharp Edge
A
c.At Corners
Table2 Guideline for Spalling Edge Repair
C
B
B
b.
[2] Chapter: Spalling Edge Repair, Page: 24
STECOM
บริษัท ชิโน-ไทย เอ็นจีเนียริ่ง แอนด์ คอนสตรัคชั่น จำกัด (มหาชน)
SINU THAI TNGINEERING & CONSTRUCTION PEBHC COMPAY TASHTEL
RP-TN-03
SPALLING EDGE REPAIR
PROJECT: SEWERAGE TUNNEL BUNG NONG BON TO
CHAOPHRAYA RIVER
24
Chamfered Edge
Action
Reference Method
1.No Repair
A(mm.)
B(mm.)
C(mm.)
<5
<5
<5
2.Repair with
Cementious
RP-TN-03
5-50
5-50
5-70
Mortar
3.Reject
>50
>50
>70
Or rebar exposed
Or rebar exposed
Or rebar exposed
Document No.
[1] Chapter: Guildline For Repair, Page: 4
STECON
บริษัท ซิโน-ไทย เอ็นจีเนียชิ่ง แอนด์ คอนสเตชั่น จํากัด (มหาชน)
SINO-THAI ENGINEERING & CONSTRUCTION PUBLIC COMPANY LIMITED
Project: SEWERAGE TUNNEL BUNG NONG BON
TO CHAOPHRAYA RIVER
• แตกบินที่ขอบ (Spalling Edge)
A
a."
" เกณฑ์ขนาดความเสียหายบริเวณร่อง Gasket (Spalling Recesses) ที่ ""ไม่ต้องซ่อมแซม"" คือเท่าใด", เมื่อขนาดความเสียหาย A < 2 มม. และ B < 2 มม.,5,Construction-Related,Material,"หนังสือกิจการร่วมค้า เอสที - เอสจี ที่ NB.
หนังสือกิจการร่วมค้า เอสที - เอสจี ที่ NB, ๒๕๕๙/๒๓๓ ลงวันที่ ๒๘ ตุลาคม ๒๕๕๙
..
[4] Chapter: Material Approval Document from the Project Office, Page: 148
ที่ อนบ.
[1] Chapter: Guildline For Repair, Page: 5
STECON
นที ท ชิน-ไทย เ คีเนีย แลนด์ ทอน หรือ น จํากัด (มหาชน)
SINCE THEM ENGINEERING SECTANTRUCTION POBLE COMPARTY (IMETER
Project: SEWERAGE TUNNEL BUNG NONG BON
TO CHAOPHRAYA RIVER
• แตกบินบริเวณ Gasket (Spalling Recesses)
A
I
C
B
-
Table3 Guideline for Recesses Repair
Action
Reference Method
A(mm.)
B(mm.)
C(mm.)
1.No Repair
<2
<2
2.Repair with
Cementious
RP-TN-03
2-10
5-30
0-10
Mortar
3.Reject
>10
>30
>10
Document No.
[2] Chapter: Guildline For Repair, Page: 2
บริษัท ชิน ไทย เช่นจีเนีย ง แอนด์ คอนสต วัดอื่น จํากัด (มหาช
Project: SEWERAGE TUNNEL BUNG NONG BON
STECON
SINO THAI ENGINE HUING & CONSTRUCTION PUBLIC COMAPARY FISHITED
TO CHAOPHRAYA RIVER
การซ่อมแซมความเสียหายที่เกิดขึ้นกับชิ้นงาน
ขอบเขตของงาน (Scope of Work)
วิธีการซ่อมแซมชิ้นส่วนอุโมงค์จัดทำขึ้น เพื่อใช้สำหรับการซ่อมผิวคอนกรีตของชิ้นส่วน
ผนังอุโมงค์ สำหรับโครงการก่อสร้างอุโมงค์ระบายน้ำจากบึงหนองบอนลงสู่แม่น้ำเจ้าพระยา
ซึ่งลักษณะความเสียหายหรือข้อบกพร่องอาจเกิดขึ้นจากกระบวนการผลิต การขนส่งและ
เคลื่อนย้าย หรือการเก็บรักษา ที่โรงงานผลิตชิ้นส่วนอุโมงค์ โดยที่ความเสียหายนี้ไม่มีผลกระทบ
ต่อโครงสร้างหลักของชิ้นส่วนผนังอุโมงค์ตามที่ออกแบบไว้ ทั้งนี้ทางฝ่ายผลิตและควบคุม
คุณภาพจะทำการบันทึกข้อมูลไว้ หากมีความเสียหายมากเกินข้อกำหนด จะต้องทำการ
ตรวจสอบและทบทวนเพื่อหาข้อบกพร่อง ดังนี้
1.) ความเสียหายจากการผลิต ไม่เกิน 5% ของจำนวน Rings ที่ผลิตได้
2.) ความเสียหายจากการขนส่งและการขนย้าย ไม่เกิน 2% ของจำนวน Rings ของการขนส่ง
ความเสียหายที่เกิดขึ้นกับชิ้นงานแบ่งได้เป็น 4 ลักษณะได้แก่
1.) รอยร้าว (Crack)
2.) แตกบินที่ขอบ (Spalling Edge)
3.) แตกบิ่นบริเวณ Gasket (Spalling Recesses)
4.) รูฟองอากาศ (Voids or Blowholes)
LE LE LE LE LL U1
Document No.","148
ที่ อนบ.
[1] Chapter: Guildline For Repair, Page: 5
STECON
นที ท ชิน-ไทย เ คีเนีย แลนด์ ทอน หรือ น จํากัด (มหาชน)
SINCE THEM ENGINEERING SECTANTRUCTION POBLE COMPARTY (IMETER
Project: SEWERAGE TUNNEL BUNG NONG BON
TO CHAOPHRAYA RIVER
• แตกบินบริเวณ Gasket (Spalling Recesses)
A
I
C
B
-
Table3 Guideline for Recesses Repair
Action
Reference Method
A(mm.)
B(mm.)
C(mm.)
1.No Repair
<2
<2
2.Repair with
Cementious
RP-TN-03
2-10
5-30
0-10
Mortar
3.Reject
>10
>30
>10
Document No.
[2] Chapter: Guildline For Repair, Page: 2
บริษัท ชิน ไทย เช่นจีเนีย ง แอนด์ คอนสต วัดอื่น จํากัด (มหาช
Project: SEWERAGE TUNNEL BUNG NONG BON
STECON
SINO THAI ENGINE HUING & CONSTRUCTION PUBLIC COMAPARY FISHITED
TO CHAOPHRAYA RIVER
การซ่อมแซมความเสียหายที่เกิดขึ้นกับชิ้นงาน
ขอบเขตของงาน (Scope of Work)
วิธีการซ่อมแซมชิ้นส่วนอุโมงค์จัดทำขึ้น เพื่อใช้สำหรับการซ่อมผิวคอนกรีตของชิ้นส่วน
ผนังอุโมงค์ สำหรับโครงการก่อสร้างอุโมงค์ระบายน้ำจากบึงหนองบอนลงสู่แม่น้ำเจ้าพระยา
ซึ่งลักษณะความเสียหายหรือข้อบกพร่องอาจเกิดขึ้นจากกระบวนการผลิต การขนส่งและ
เคลื่อนย้าย หรือการเก็บรักษา ที่โรงงานผลิตชิ้นส่วนอุโมงค์ โดยที่ความเสียหายนี้ไม่มีผลกระทบ
ต่อโครงสร้างหลักของชิ้นส่วนผนังอุโมงค์ตามที่ออกแบบไว้ ทั้งนี้ทางฝ่ายผลิตและควบคุม
คุณภาพจะทำการบันทึกข้อมูลไว้ หากมีความเสียหายมากเกินข้อกำหนด จะต้องทำการ
ตรวจสอบและทบทวนเพื่อหาข้อบกพร่อง ดังนี้
1.) ความเสียหายจากการผลิต ไม่เกิน 5% ของจำนวน Rings ที่ผลิตได้
2.) ความเสียหายจากการขนส่งและการขนย้าย ไม่เกิน 2% ของจำนวน Rings ของการขนส่ง
ความเสียหายที่เกิดขึ้นกับชิ้นงานแบ่งได้เป็น 4 ลักษณะได้แก่
1.) รอยร้าว (Crack)
2.) แตกบินที่ขอบ (Spalling Edge)
3.) แตกบิ่นบริเวณ Gasket (Spalling Recesses)
4.) รูฟองอากาศ (Voids or Blowholes)
LE LE LE LE LL U1
Document No.",extractive-fallback,"หนังสือกิจการร่วมค้า เอสที - เอสจี ที่ NB.
หนังสือกิจการร่วมค้า เอสที - เอสจี ที่ NB, ๒๕๕๙/๒๓๓ ลงวันที่ ๒๘ ตุลาคม ๒๕๕๙
..
[4] Chapter: Material Approval Document from the Project Office, Page: 148
ที่ อนบ.
[1] Chapter: Guildline For Repair, Page: 5
STECON
นที ท ชิน-ไทย เ คีเนีย แลนด์ ทอน หรือ น จํากัด (มหาชน)
SINCE THEM ENGINEERING SECTANTRUCTION POBLE COMPARTY (IMETER
Project: SEWERAGE TUNNEL BUNG NONG BON
TO CHAOPHRAYA RIVER
• แตกบินบริเวณ Gasket (Spalling Recesses)
A
I
C
B
-
Table3 Guideline for Recesses Repair
Action
Reference Method
A(mm.)
B(mm.)
C(mm.)
1.No Repair
<2
<2
2.Repair with
Cementious
RP-TN-03
2-10
5-30
0-10
Mortar
3.Reject
>10
>30
>10
Document No.
[2] Chapter: Guildline For Repair, Page: 2
บริษัท ชิน ไทย เช่นจีเนีย ง แอนด์ คอนสต วัดอื่น จํากัด (มหาช
Project: SEWERAGE TUNNEL BUNG NONG BON
STECON
SINO THAI ENGINE HUING & CONSTRUCTION PUBLIC COMAPARY FISHITED
TO CHAOPHRAYA RIVER
การซ่อมแซมความเสียหายที่เกิดขึ้นกับชิ้นงาน
ขอบเขตของงาน (Scope of Work)
วิธีการซ่อมแซมชิ้นส่วนอุโมงค์จัดทำขึ้น เพื่อใช้สำหรับการซ่อมผิวคอนกรีตของชิ้นส่วน
ผนังอุโมงค์ สำหรับโครงการก่อสร้างอุโมงค์ระบายน้ำจากบึงหนองบอนลงสู่แม่น้ำเจ้าพระยา
ซึ่งลักษณะความเสียหายหรือข้อบกพร่องอาจเกิดขึ้นจากกระบวนการผลิต การขนส่งและ
เคลื่อนย้าย หรือการเก็บรักษา ที่โรงงานผลิตชิ้นส่วนอุโมงค์ โดยที่ความเสียหายนี้ไม่มีผลกระทบ
ต่อโครงสร้างหลักของชิ้นส่วนผนังอุโมงค์ตามที่ออกแบบไว้ ทั้งนี้ทางฝ่ายผลิตและควบคุม
คุณภาพจะทำการบันทึกข้อมูลไว้ หากมีความเสียหายมากเกินข้อกำหนด จะต้องทำการ
ตรวจสอบและทบทวนเพื่อหาข้อบกพร่อง ดังนี้
1.) ความเสียหายจากการผลิต ไม่เกิน 5% ของจำนวน Rings ที่ผลิตได้
2.) ความเสียหายจากการขนส่งและการขนย้าย ไม่เกิน 2% ของจำนวน Rings ของการขนส่ง
ความเสียหายที่เกิดขึ้นกับชิ้นงานแบ่งได้เป็น 4 ลักษณะได้แก่
1.) รอยร้าว (Crack)
2.) แตกบินที่ขอบ (Spalling Edge)
3.) แตกบิ่นบริเวณ Gasket (Spalling Recesses)
4.) รูฟองอากาศ (Voids or Blowholes)
LE LE LE LE LL U1
Document No.",Construction-Related,Material,"หนังสือกิจการร่วมค้า เอสที - เอสจี ที่ NB.
หนังสือกิจการร่วมค้า เอสที - เอสจี ที่ NB, ๒๕๕๙/๒๓๓ ลงวันที่ ๒๘ ตุลาคม ๒๕๕๙
..
[4] Chapter: Material Approval Document from the Project Office, Page: 148
ที่ อนบ.
[1] Chapter: Guildline For Repair, Page: 5
STECON
นที ท ชิน-ไทย เ คีเนีย แลนด์ ทอน หรือ น จํากัด (มหาชน)
SINCE THEM ENGINEERING SECTANTRUCTION POBLE COMPARTY (IMETER
Project: SEWERAGE TUNNEL BUNG NONG BON
TO CHAOPHRAYA RIVER
• แตกบินบริเวณ Gasket (Spalling Recesses)
A
I
C
B
-
Table3 Guideline for Recesses Repair
Action
Reference Method
A(mm.)
B(mm.)
C(mm.)
1.No Repair
<2
<2
2.Repair with
Cementious
RP-TN-03
2-10
5-30
0-10
Mortar
3.Reject
>10
>30
>10
Document No.
[2] Chapter: Guildline For Repair, Page: 2
บริษัท ชิน ไทย เช่นจีเนีย ง แอนด์ คอนสต วัดอื่น จํากัด (มหาช
Project: SEWERAGE TUNNEL BUNG NONG BON
STECON
SINO THAI ENGINE HUING & CONSTRUCTION PUBLIC COMAPARY FISHITED
TO CHAOPHRAYA RIVER
การซ่อมแซมความเสียหายที่เกิดขึ้นกับชิ้นงาน
ขอบเขตของงาน (Scope of Work)
วิธีการซ่อมแซมชิ้นส่วนอุโมงค์จัดทำขึ้น เพื่อใช้สำหรับการซ่อมผิวคอนกรีตของชิ้นส่วน
ผนังอุโมงค์ สำหรับโครงการก่อสร้างอุโมงค์ระบายน้ำจากบึงหนองบอนลงสู่แม่น้ำเจ้าพระยา
ซึ่งลักษณะความเสียหายหรือข้อบกพร่องอาจเกิดขึ้นจากกระบวนการผลิต การขนส่งและ
เคลื่อนย้าย หรือการเก็บรักษา ที่โรงงานผลิตชิ้นส่วนอุโมงค์ โดยที่ความเสียหายนี้ไม่มีผลกระทบ
ต่อโครงสร้างหลักของชิ้นส่วนผนังอุโมงค์ตามที่ออกแบบไว้ ทั้งนี้ทางฝ่ายผลิตและควบคุม
คุณภาพจะทำการบันทึกข้อมูลไว้ หากมีความเสียหายมากเกินข้อกำหนด จะต้องทำการ
ตรวจสอบและทบทวนเพื่อหาข้อบกพร่อง ดังนี้
1.) ความเสียหายจากการผลิต ไม่เกิน 5% ของจำนวน Rings ที่ผลิตได้
2.) ความเสียหายจากการขนส่งและการขนย้าย ไม่เกิน 2% ของจำนวน Rings ของการขนส่ง
ความเสียหายที่เกิดขึ้นกับชิ้นงานแบ่งได้เป็น 4 ลักษณะได้แก่
1.) รอยร้าว (Crack)
2.) แตกบินที่ขอบ (Spalling Edge)
3.) แตกบิ่นบริเวณ Gasket (Spalling Recesses)
4.) รูฟองอากาศ (Voids or Blowholes)
LE LE LE LE LL U1
Document No.","148
ที่ อนบ.
[1] Chapter: Guildline For Repair, Page: 5
STECON
นที ท ชิน-ไทย เ คีเนีย แลนด์ ทอน หรือ น จํากัด (มหาชน)
SINCE THEM ENGINEERING SECTANTRUCTION POBLE COMPARTY (IMETER
Project: SEWERAGE TUNNEL BUNG NONG BON
TO CHAOPHRAYA RIVER
• แตกบินบริเวณ Gasket (Spalling Recesses)
A
I
C
B
-
Table3 Guideline for Recesses Repair
Action
Reference Method
A(mm.)
B(mm.)
C(mm.)
1.No Repair
<2
<2
2.Repair with
Cementious
RP-TN-03
2-10
5-30
0-10
Mortar
3.Reject
>10
>30
>10
Document No.
[2] Chapter: Guildline For Repair, Page: 2
บริษัท ชิน ไทย เช่นจีเนีย ง แอนด์ คอนสต วัดอื่น จํากัด (มหาช
Project: SEWERAGE TUNNEL BUNG NONG BON
STECON
SINO THAI ENGINE HUING & CONSTRUCTION PUBLIC COMAPARY FISHITED
TO CHAOPHRAYA RIVER
การซ่อมแซมความเสียหายที่เกิดขึ้นกับชิ้นงาน
ขอบเขตของงาน (Scope of Work)
วิธีการซ่อมแซมชิ้นส่วนอุโมงค์จัดทำขึ้น เพื่อใช้สำหรับการซ่อมผิวคอนกรีตของชิ้นส่วน
ผนังอุโมงค์ สำหรับโครงการก่อสร้างอุโมงค์ระบายน้ำจากบึงหนองบอนลงสู่แม่น้ำเจ้าพระยา
ซึ่งลักษณะความเสียหายหรือข้อบกพร่องอาจเกิดขึ้นจากกระบวนการผลิต การขนส่งและ
เคลื่อนย้าย หรือการเก็บรักษา ที่โรงงานผลิตชิ้นส่วนอุโมงค์ โดยที่ความเสียหายนี้ไม่มีผลกระทบ
ต่อโครงสร้างหลักของชิ้นส่วนผนังอุโมงค์ตามที่ออกแบบไว้ ทั้งนี้ทางฝ่ายผลิตและควบคุม
คุณภาพจะทำการบันทึกข้อมูลไว้ หากมีความเสียหายมากเกินข้อกำหนด จะต้องทำการ
ตรวจสอบและทบทวนเพื่อหาข้อบกพร่อง ดังนี้
1.) ความเสียหายจากการผลิต ไม่เกิน 5% ของจำนวน Rings ที่ผลิตได้
2.) ความเสียหายจากการขนส่งและการขนย้าย ไม่เกิน 2% ของจำนวน Rings ของการขนส่ง
ความเสียหายที่เกิดขึ้นกับชิ้นงานแบ่งได้เป็น 4 ลักษณะได้แก่
1.) รอยร้าว (Crack)
2.) แตกบินที่ขอบ (Spalling Edge)
3.) แตกบิ่นบริเวณ Gasket (Spalling Recesses)
4.) รูฟองอากาศ (Voids or Blowholes)
LE LE LE LE LL U1
Document No.",extractive-fallback,"หนังสือกิจการร่วมค้า เอสที - เอสจี ที่ NB.
หนังสือกิจการร่วมค้า เอสที - เอสจี ที่ NB, ๒๕๕๙/๒๓๓ ลงวันที่ ๒๘ ตุลาคม ๒๕๕๙
..
[4] Chapter: Material Approval Document from the Project Office, Page: 148
ที่ อนบ.
[1] Chapter: Guildline For Repair, Page: 5
STECON
นที ท ชิน-ไทย เ คีเนีย แลนด์ ทอน หรือ น จํากัด (มหาชน)
SINCE THEM ENGINEERING SECTANTRUCTION POBLE COMPARTY (IMETER
Project: SEWERAGE TUNNEL BUNG NONG BON
TO CHAOPHRAYA RIVER
• แตกบินบริเวณ Gasket (Spalling Recesses)
A
I
C
B
-
Table3 Guideline for Recesses Repair
Action
Reference Method
A(mm.)
B(mm.)
C(mm.)
1.No Repair
<2
<2
2.Repair with
Cementious
RP-TN-03
2-10
5-30
0-10
Mortar
3.Reject
>10
>30
>10
Document No.
[2] Chapter: Guildline For Repair, Page: 2
บริษัท ชิน ไทย เช่นจีเนีย ง แอนด์ คอนสต วัดอื่น จํากัด (มหาช
Project: SEWERAGE TUNNEL BUNG NONG BON
STECON
SINO THAI ENGINE HUING & CONSTRUCTION PUBLIC COMAPARY FISHITED
TO CHAOPHRAYA RIVER
การซ่อมแซมความเสียหายที่เกิดขึ้นกับชิ้นงาน
ขอบเขตของงาน (Scope of Work)
วิธีการซ่อมแซมชิ้นส่วนอุโมงค์จัดทำขึ้น เพื่อใช้สำหรับการซ่อมผิวคอนกรีตของชิ้นส่วน
ผนังอุโมงค์ สำหรับโครงการก่อสร้างอุโมงค์ระบายน้ำจากบึงหนองบอนลงสู่แม่น้ำเจ้าพระยา
ซึ่งลักษณะความเสียหายหรือข้อบกพร่องอาจเกิดขึ้นจากกระบวนการผลิต การขนส่งและ
เคลื่อนย้าย หรือการเก็บรักษา ที่โรงงานผลิตชิ้นส่วนอุโมงค์ โดยที่ความเสียหายนี้ไม่มีผลกระทบ
ต่อโครงสร้างหลักของชิ้นส่วนผนังอุโมงค์ตามที่ออกแบบไว้ ทั้งนี้ทางฝ่ายผลิตและควบคุม
คุณภาพจะทำการบันทึกข้อมูลไว้ หากมีความเสียหายมากเกินข้อกำหนด จะต้องทำการ
ตรวจสอบและทบทวนเพื่อหาข้อบกพร่อง ดังนี้
1.) ความเสียหายจากการผลิต ไม่เกิน 5% ของจำนวน Rings ที่ผลิตได้
2.) ความเสียหายจากการขนส่งและการขนย้าย ไม่เกิน 2% ของจำนวน Rings ของการขนส่ง
ความเสียหายที่เกิดขึ้นกับชิ้นงานแบ่งได้เป็น 4 ลักษณะได้แก่
1.) รอยร้าว (Crack)
2.) แตกบินที่ขอบ (Spalling Edge)
3.) แตกบิ่นบริเวณ Gasket (Spalling Recesses)
4.) รูฟองอากาศ (Voids or Blowholes)
LE LE LE LE LL U1
Document No.",Construction-Related,Material,"หนังสือกิจการร่วมค้า เอสที - เอสจี ที่ NB.
หนังสือกิจการร่วมค้า เอสที - เอสจี ที่ NB, ๒๕๕๙/๒๓๓ ลงวันที่ ๒๘ ตุลาคม ๒๕๕๙
..
[4] Chapter: Material Approval Document from the Project Office, Page: 148
ที่ อนบ.
[1] Chapter: Guildline For Repair, Page: 5
STECON
นที ท ชิน-ไทย เ คีเนีย แลนด์ ทอน หรือ น จํากัด (มหาชน)
SINCE THEM ENGINEERING SECTANTRUCTION POBLE COMPARTY (IMETER
Project: SEWERAGE TUNNEL BUNG NONG BON
TO CHAOPHRAYA RIVER
• แตกบินบริเวณ Gasket (Spalling Recesses)
A
I
C
B
-
Table3 Guideline for Recesses Repair
Action
Reference Method
A(mm.)
B(mm.)
C(mm.)
1.No Repair
<2
<2
2.Repair with
Cementious
RP-TN-03
2-10
5-30
0-10
Mortar
3.Reject
>10
>30
>10
Document No.
[2] Chapter: Guildline For Repair, Page: 2
บริษัท ชิน ไทย เช่นจีเนีย ง แอนด์ คอนสต วัดอื่น จํากัด (มหาช
Project: SEWERAGE TUNNEL BUNG NONG BON
STECON
SINO THAI ENGINE HUING & CONSTRUCTION PUBLIC COMAPARY FISHITED
TO CHAOPHRAYA RIVER
การซ่อมแซมความเสียหายที่เกิดขึ้นกับชิ้นงาน
ขอบเขตของงาน (Scope of Work)
วิธีการซ่อมแซมชิ้นส่วนอุโมงค์จัดทำขึ้น เพื่อใช้สำหรับการซ่อมผิวคอนกรีตของชิ้นส่วน
ผนังอุโมงค์ สำหรับโครงการก่อสร้างอุโมงค์ระบายน้ำจากบึงหนองบอนลงสู่แม่น้ำเจ้าพระยา
ซึ่งลักษณะความเสียหายหรือข้อบกพร่องอาจเกิดขึ้นจากกระบวนการผลิต การขนส่งและ
เคลื่อนย้าย หรือการเก็บรักษา ที่โรงงานผลิตชิ้นส่วนอุโมงค์ โดยที่ความเสียหายนี้ไม่มีผลกระทบ
ต่อโครงสร้างหลักของชิ้นส่วนผนังอุโมงค์ตามที่ออกแบบไว้ ทั้งนี้ทางฝ่ายผลิตและควบคุม
คุณภาพจะทำการบันทึกข้อมูลไว้ หากมีความเสียหายมากเกินข้อกำหนด จะต้องทำการ
ตรวจสอบและทบทวนเพื่อหาข้อบกพร่อง ดังนี้
1.) ความเสียหายจากการผลิต ไม่เกิน 5% ของจำนวน Rings ที่ผลิตได้
2.) ความเสียหายจากการขนส่งและการขนย้าย ไม่เกิน 2% ของจำนวน Rings ของการขนส่ง
ความเสียหายที่เกิดขึ้นกับชิ้นงานแบ่งได้เป็น 4 ลักษณะได้แก่
1.) รอยร้าว (Crack)
2.) แตกบินที่ขอบ (Spalling Edge)
3.) แตกบิ่นบริเวณ Gasket (Spalling Recesses)
4.) รูฟองอากาศ (Voids or Blowholes)
LE LE LE LE LL U1
Document No.","148
ที่ อนบ.
[1] Chapter: Guildline For Repair, Page: 5
STECON
นที ท ชิน-ไทย เ คีเนีย แลนด์ ทอน หรือ น จํากัด (มหาชน)
SINCE THEM ENGINEERING SECTANTRUCTION POBLE COMPARTY (IMETER
Project: SEWERAGE TUNNEL BUNG NONG BON
TO CHAOPHRAYA RIVER
• แตกบินบริเวณ Gasket (Spalling Recesses)
A
I
C
B
-
Table3 Guideline for Recesses Repair
Action
Reference Method
A(mm.)
B(mm.)
C(mm.)
1.No Repair
<2
<2
2.Repair with
Cementious
RP-TN-03
2-10
5-30
0-10
Mortar
3.Reject
>10
>30
>10
Document No.
[2] Chapter: Guildline For Repair, Page: 2
บริษัท ชิน ไทย เช่นจีเนีย ง แอนด์ คอนสต วัดอื่น จํากัด (มหาช
Project: SEWERAGE TUNNEL BUNG NONG BON
STECON
SINO THAI ENGINE HUING & CONSTRUCTION PUBLIC COMAPARY FISHITED
TO CHAOPHRAYA RIVER
การซ่อมแซมความเสียหายที่เกิดขึ้นกับชิ้นงาน
ขอบเขตของงาน (Scope of Work)
วิธีการซ่อมแซมชิ้นส่วนอุโมงค์จัดทำขึ้น เพื่อใช้สำหรับการซ่อมผิวคอนกรีตของชิ้นส่วน
ผนังอุโมงค์ สำหรับโครงการก่อสร้างอุโมงค์ระบายน้ำจากบึงหนองบอนลงสู่แม่น้ำเจ้าพระยา
ซึ่งลักษณะความเสียหายหรือข้อบกพร่องอาจเกิดขึ้นจากกระบวนการผลิต การขนส่งและ
เคลื่อนย้าย หรือการเก็บรักษา ที่โรงงานผลิตชิ้นส่วนอุโมงค์ โดยที่ความเสียหายนี้ไม่มีผลกระทบ
ต่อโครงสร้างหลักของชิ้นส่วนผนังอุโมงค์ตามที่ออกแบบไว้ ทั้งนี้ทางฝ่ายผลิตและควบคุม
คุณภาพจะทำการบันทึกข้อมูลไว้ หากมีความเสียหายมากเกินข้อกำหนด จะต้องทำการ
ตรวจสอบและทบทวนเพื่อหาข้อบกพร่อง ดังนี้
1.) ความเสียหายจากการผลิต ไม่เกิน 5% ของจำนวน Rings ที่ผลิตได้
2.) ความเสียหายจากการขนส่งและการขนย้าย ไม่เกิน 2% ของจำนวน Rings ของการขนส่ง
ความเสียหายที่เกิดขึ้นกับชิ้นงานแบ่งได้เป็น 4 ลักษณะได้แก่
1.) รอยร้าว (Crack)
2.) แตกบินที่ขอบ (Spalling Edge)
3.) แตกบิ่นบริเวณ Gasket (Spalling Recesses)
4.) รูฟองอากาศ (Voids or Blowholes)
LE LE LE LE LL U1
Document No.",extractive-fallback,"หนังสือกิจการร่วมค้า เอสที - เอสจี ที่ NB.
หนังสือกิจการร่วมค้า เอสที - เอสจี ที่ NB, ๒๕๕๙/๒๓๓ ลงวันที่ ๒๘ ตุลาคม ๒๕๕๙
..
[4] Chapter: Material Approval Document from the Project Office, Page: 148
ที่ อนบ.
[1] Chapter: Guildline For Repair, Page: 5
STECON
นที ท ชิน-ไทย เ คีเนีย แลนด์ ทอน หรือ น จํากัด (มหาชน)
SINCE THEM ENGINEERING SECTANTRUCTION POBLE COMPARTY (IMETER
Project: SEWERAGE TUNNEL BUNG NONG BON
TO CHAOPHRAYA RIVER
• แตกบินบริเวณ Gasket (Spalling Recesses)
A
I
C
B
-
Table3 Guideline for Recesses Repair
Action
Reference Method
A(mm.)
B(mm.)
C(mm.)
1.No Repair
<2
<2
2.Repair with
Cementious
RP-TN-03
2-10
5-30
0-10
Mortar
3.Reject
>10
>30
>10
Document No.
[2] Chapter: Guildline For Repair, Page: 2
บริษัท ชิน ไทย เช่นจีเนีย ง แอนด์ คอนสต วัดอื่น จํากัด (มหาช
Project: SEWERAGE TUNNEL BUNG NONG BON
STECON
SINO THAI ENGINE HUING & CONSTRUCTION PUBLIC COMAPARY FISHITED
TO CHAOPHRAYA RIVER
การซ่อมแซมความเสียหายที่เกิดขึ้นกับชิ้นงาน
ขอบเขตของงาน (Scope of Work)
วิธีการซ่อมแซมชิ้นส่วนอุโมงค์จัดทำขึ้น เพื่อใช้สำหรับการซ่อมผิวคอนกรีตของชิ้นส่วน
ผนังอุโมงค์ สำหรับโครงการก่อสร้างอุโมงค์ระบายน้ำจากบึงหนองบอนลงสู่แม่น้ำเจ้าพระยา
ซึ่งลักษณะความเสียหายหรือข้อบกพร่องอาจเกิดขึ้นจากกระบวนการผลิต การขนส่งและ
เคลื่อนย้าย หรือการเก็บรักษา ที่โรงงานผลิตชิ้นส่วนอุโมงค์ โดยที่ความเสียหายนี้ไม่มีผลกระทบ
ต่อโครงสร้างหลักของชิ้นส่วนผนังอุโมงค์ตามที่ออกแบบไว้ ทั้งนี้ทางฝ่ายผลิตและควบคุม
คุณภาพจะทำการบันทึกข้อมูลไว้ หากมีความเสียหายมากเกินข้อกำหนด จะต้องทำการ
ตรวจสอบและทบทวนเพื่อหาข้อบกพร่อง ดังนี้
1.) ความเสียหายจากการผลิต ไม่เกิน 5% ของจำนวน Rings ที่ผลิตได้
2.) ความเสียหายจากการขนส่งและการขนย้าย ไม่เกิน 2% ของจำนวน Rings ของการขนส่ง
ความเสียหายที่เกิดขึ้นกับชิ้นงานแบ่งได้เป็น 4 ลักษณะได้แก่
1.) รอยร้าว (Crack)
2.) แตกบินที่ขอบ (Spalling Edge)
3.) แตกบิ่นบริเวณ Gasket (Spalling Recesses)
4.) รูฟองอากาศ (Voids or Blowholes)
LE LE LE LE LL U1
Document No.",Construction-Related,Material,"หนังสือกิจการร่วมค้า เอสที - เอสจี ที่ NB.
หนังสือกิจการร่วมค้า เอสที - เอสจี ที่ NB, ๒๕๕๙/๒๓๓ ลงวันที่ ๒๘ ตุลาคม ๒๕๕๙
..
[4] Chapter: Material Approval Document from the Project Office, Page: 148
ที่ อนบ.
[1] Chapter: Guildline For Repair, Page: 5
STECON
นที ท ชิน-ไทย เ คีเนีย แลนด์ ทอน หรือ น จํากัด (มหาชน)
SINCE THEM ENGINEERING SECTANTRUCTION POBLE COMPARTY (IMETER
Project: SEWERAGE TUNNEL BUNG NONG BON
TO CHAOPHRAYA RIVER
• แตกบินบริเวณ Gasket (Spalling Recesses)
A
I
C
B
-
Table3 Guideline for Recesses Repair
Action
Reference Method
A(mm.)
B(mm.)
C(mm.)
1.No Repair
<2
<2
2.Repair with
Cementious
RP-TN-03
2-10
5-30
0-10
Mortar
3.Reject
>10
>30
>10
Document No.
[2] Chapter: Guildline For Repair, Page: 2
บริษัท ชิน ไทย เช่นจีเนีย ง แอนด์ คอนสต วัดอื่น จํากัด (มหาช
Project: SEWERAGE TUNNEL BUNG NONG BON
STECON
SINO THAI ENGINE HUING & CONSTRUCTION PUBLIC COMAPARY FISHITED
TO CHAOPHRAYA RIVER
การซ่อมแซมความเสียหายที่เกิดขึ้นกับชิ้นงาน
ขอบเขตของงาน (Scope of Work)
วิธีการซ่อมแซมชิ้นส่วนอุโมงค์จัดทำขึ้น เพื่อใช้สำหรับการซ่อมผิวคอนกรีตของชิ้นส่วน
ผนังอุโมงค์ สำหรับโครงการก่อสร้างอุโมงค์ระบายน้ำจากบึงหนองบอนลงสู่แม่น้ำเจ้าพระยา
ซึ่งลักษณะความเสียหายหรือข้อบกพร่องอาจเกิดขึ้นจากกระบวนการผลิต การขนส่งและ
เคลื่อนย้าย หรือการเก็บรักษา ที่โรงงานผลิตชิ้นส่วนอุโมงค์ โดยที่ความเสียหายนี้ไม่มีผลกระทบ
ต่อโครงสร้างหลักของชิ้นส่วนผนังอุโมงค์ตามที่ออกแบบไว้ ทั้งนี้ทางฝ่ายผลิตและควบคุม
คุณภาพจะทำการบันทึกข้อมูลไว้ หากมีความเสียหายมากเกินข้อกำหนด จะต้องทำการ
ตรวจสอบและทบทวนเพื่อหาข้อบกพร่อง ดังนี้
1.) ความเสียหายจากการผลิต ไม่เกิน 5% ของจำนวน Rings ที่ผลิตได้
2.) ความเสียหายจากการขนส่งและการขนย้าย ไม่เกิน 2% ของจำนวน Rings ของการขนส่ง
ความเสียหายที่เกิดขึ้นกับชิ้นงานแบ่งได้เป็น 4 ลักษณะได้แก่
1.) รอยร้าว (Crack)
2.) แตกบินที่ขอบ (Spalling Edge)
3.) แตกบิ่นบริเวณ Gasket (Spalling Recesses)
4.) รูฟองอากาศ (Voids or Blowholes)
LE LE LE LE LL U1
Document No.","148
ที่ อนบ.
[1] Chapter: Guildline For Repair, Page: 5
STECON
นที ท ชิน-ไทย เ คีเนีย แลนด์ ทอน หรือ น จํากัด (มหาชน)
SINCE THEM ENGINEERING SECTANTRUCTION POBLE COMPARTY (IMETER
Project: SEWERAGE TUNNEL BUNG NONG BON
TO CHAOPHRAYA RIVER
• แตกบินบริเวณ Gasket (Spalling Recesses)
A
I
C
B
-
Table3 Guideline for Recesses Repair
Action
Reference Method
A(mm.)
B(mm.)
C(mm.)
1.No Repair
<2
<2
2.Repair with
Cementious
RP-TN-03
2-10
5-30
0-10
Mortar
3.Reject
>10
>30
>10
Document No.
[2] Chapter: Guildline For Repair, Page: 2
บริษัท ชิน ไทย เช่นจีเนีย ง แอนด์ คอนสต วัดอื่น จํากัด (มหาช
Project: SEWERAGE TUNNEL BUNG NONG BON
STECON
SINO THAI ENGINE HUING & CONSTRUCTION PUBLIC COMAPARY FISHITED
TO CHAOPHRAYA RIVER
การซ่อมแซมความเสียหายที่เกิดขึ้นกับชิ้นงาน
ขอบเขตของงาน (Scope of Work)
วิธีการซ่อมแซมชิ้นส่วนอุโมงค์จัดทำขึ้น เพื่อใช้สำหรับการซ่อมผิวคอนกรีตของชิ้นส่วน
ผนังอุโมงค์ สำหรับโครงการก่อสร้างอุโมงค์ระบายน้ำจากบึงหนองบอนลงสู่แม่น้ำเจ้าพระยา
ซึ่งลักษณะความเสียหายหรือข้อบกพร่องอาจเกิดขึ้นจากกระบวนการผลิต การขนส่งและ
เคลื่อนย้าย หรือการเก็บรักษา ที่โรงงานผลิตชิ้นส่วนอุโมงค์ โดยที่ความเสียหายนี้ไม่มีผลกระทบ
ต่อโครงสร้างหลักของชิ้นส่วนผนังอุโมงค์ตามที่ออกแบบไว้ ทั้งนี้ทางฝ่ายผลิตและควบคุม
คุณภาพจะทำการบันทึกข้อมูลไว้ หากมีความเสียหายมากเกินข้อกำหนด จะต้องทำการ
ตรวจสอบและทบทวนเพื่อหาข้อบกพร่อง ดังนี้
1.) ความเสียหายจากการผลิต ไม่เกิน 5% ของจำนวน Rings ที่ผลิตได้
2.) ความเสียหายจากการขนส่งและการขนย้าย ไม่เกิน 2% ของจำนวน Rings ของการขนส่ง
ความเสียหายที่เกิดขึ้นกับชิ้นงานแบ่งได้เป็น 4 ลักษณะได้แก่
1.) รอยร้าว (Crack)
2.) แตกบินที่ขอบ (Spalling Edge)
3.) แตกบิ่นบริเวณ Gasket (Spalling Recesses)
4.) รูฟองอากาศ (Voids or Blowholes)
LE LE LE LE LL U1
Document No.",extractive-fallback,"หนังสือกิจการร่วมค้า เอสที - เอสจี ที่ NB.
หนังสือกิจการร่วมค้า เอสที - เอสจี ที่ NB, ๒๕๕๙/๒๓๓ ลงวันที่ ๒๘ ตุลาคม ๒๕๕๙
..
[4] Chapter: Material Approval Document from the Project Office, Page: 148
ที่ อนบ.
[1] Chapter: Guildline For Repair, Page: 5
STECON
นที ท ชิน-ไทย เ คีเนีย แลนด์ ทอน หรือ น จํากัด (มหาชน)
SINCE THEM ENGINEERING SECTANTRUCTION POBLE COMPARTY (IMETER
Project: SEWERAGE TUNNEL BUNG NONG BON
TO CHAOPHRAYA RIVER
• แตกบินบริเวณ Gasket (Spalling Recesses)
A
I
C
B
-
Table3 Guideline for Recesses Repair
Action
Reference Method
A(mm.)
B(mm.)
C(mm.)
1.No Repair
<2
<2
2.Repair with
Cementious
RP-TN-03
2-10
5-30
0-10
Mortar
3.Reject
>10
>30
>10
Document No.
[2] Chapter: Guildline For Repair, Page: 2
บริษัท ชิน ไทย เช่นจีเนีย ง แอนด์ คอนสต วัดอื่น จํากัด (มหาช
Project: SEWERAGE TUNNEL BUNG NONG BON
STECON
SINO THAI ENGINE HUING & CONSTRUCTION PUBLIC COMAPARY FISHITED
TO CHAOPHRAYA RIVER
การซ่อมแซมความเสียหายที่เกิดขึ้นกับชิ้นงาน
ขอบเขตของงาน (Scope of Work)
วิธีการซ่อมแซมชิ้นส่วนอุโมงค์จัดทำขึ้น เพื่อใช้สำหรับการซ่อมผิวคอนกรีตของชิ้นส่วน
ผนังอุโมงค์ สำหรับโครงการก่อสร้างอุโมงค์ระบายน้ำจากบึงหนองบอนลงสู่แม่น้ำเจ้าพระยา
ซึ่งลักษณะความเสียหายหรือข้อบกพร่องอาจเกิดขึ้นจากกระบวนการผลิต การขนส่งและ
เคลื่อนย้าย หรือการเก็บรักษา ที่โรงงานผลิตชิ้นส่วนอุโมงค์ โดยที่ความเสียหายนี้ไม่มีผลกระทบ
ต่อโครงสร้างหลักของชิ้นส่วนผนังอุโมงค์ตามที่ออกแบบไว้ ทั้งนี้ทางฝ่ายผลิตและควบคุม
คุณภาพจะทำการบันทึกข้อมูลไว้ หากมีความเสียหายมากเกินข้อกำหนด จะต้องทำการ
ตรวจสอบและทบทวนเพื่อหาข้อบกพร่อง ดังนี้
1.) ความเสียหายจากการผลิต ไม่เกิน 5% ของจำนวน Rings ที่ผลิตได้
2.) ความเสียหายจากการขนส่งและการขนย้าย ไม่เกิน 2% ของจำนวน Rings ของการขนส่ง
ความเสียหายที่เกิดขึ้นกับชิ้นงานแบ่งได้เป็น 4 ลักษณะได้แก่
1.) รอยร้าว (Crack)
2.) แตกบินที่ขอบ (Spalling Edge)
3.) แตกบิ่นบริเวณ Gasket (Spalling Recesses)
4.) รูฟองอากาศ (Voids or Blowholes)
LE LE LE LE LL U1
Document No."
 วิธีการซ่อมแซมความเสียหายประเภท Spalling Recesses คือวิธีใด และอ้างอิง Method ใด, ซ่อมแซมด้วย Cementitious Mortar ตามวิธีการอ้างอิง RP-TN-03,5,Construction-Related,Material,"TYPE OF DAEMAGE
Crack
Spalling Edge
REPAIR PROCEDURE
Reference Method:
Spalling Recesses
Other.
TYPE OF DAEMAGE
Crack
Spalling Edge
REPAIR PROCEDURE
Reference Method:
Repair by:
Spalling Recesses
Other
Voids or Blowholes
To be Executed at:
Precast Yard
After Erection
ACCEPTANCE
The repair is inspected and accepted:
Yes
No
Action:
0
Production Engineer
QC Engineer
Consultant
Date................
[1] Chapter: Guildline For Repair, Page: 5
STECON
นที ท ชิน-ไทย เ คีเนีย แลนด์ ทอน หรือ น จํากัด (มหาชน)
SINCE THEM ENGINEERING SECTANTRUCTION POBLE COMPARTY (IMETER
Project: SEWERAGE TUNNEL BUNG NONG BON
TO CHAOPHRAYA RIVER
• แตกบินบริเวณ Gasket (Spalling Recesses)
A
I
C
B
-
Table3 Guideline for Recesses Repair
Action
Reference Method
A(mm.)
B(mm.)
C(mm.)
1.No Repair
<2
<2
2.Repair with
Cementious
RP-TN-03
2-10
5-30
0-10
Mortar
3.Reject
>10
>30
>10
Document No.
[2] Chapter: Guildline For Repair, Page: 7
STECON
บวิชา โน-ไทย เ คีเนียชิ่ง แอนด์ คอนสตรัคชั่น จํากัด (มหาชน)
Project: SEWERAGE TUNNEL BUNG NONG BON
SING THAI ENGINEERING & CONSTRUCTION PUBLIC COMPANY LIMITED
TO CHAOPHRAYA RIVER
ตารางแสดงวัสดุที่ใช้ซ่อมแซมความเสียหายประเภทต่างๆ
ประเภทของวัสดุซ่อมแซม
ประเภท
วิธีการ
ความ
Method
Reference | ปูนฉาบ | ปูนฉาบ
ซ่อม
อพอก
อีพ็อกซี่
วัสดุ
ซ่อม
ซเรซน มอรตาร เชอม
เชื่อม
เสียหาย
ซ่อมแซม
กำลังอัด
ประสาน
สูง
คอนกรีต
Repair with
Cementitious
RP-TN-01
Crack
Mortar
Repair with
RE-TN-02
Epoxy Resin
Repair with
Spalling
Cementitious
RP-TN-03
Edge
Mortar
Repair with
Spalling
Cementitious
RP-TN-03
Recesses
Mortar
Repair with
Voids or
Cementitious
RP-TN-04
Blowholes
Mortar
Repair with High
RP-TN-05
Strength Mortar
Document No.
[4] Chapter: Guildline For Repair, Page: 2
บริษัท ชิน ไทย เช่นจีเนีย ง แอนด์ คอนสต วัดอื่น จํากัด (มหาช
Project: SEWERAGE TUNNEL BUNG NONG BON
STECON
SINO THAI ENGINE HUING & CONSTRUCTION PUBLIC COMAPARY FISHITED
TO CHAOPHRAYA RIVER
การซ่อมแซมความเสียหายที่เกิดขึ้นกับชิ้นงาน
ขอบเขตของงาน (Scope of Work)
วิธีการซ่อมแซมชิ้นส่วนอุโมงค์จัดทำขึ้น เพื่อใช้สำหรับการซ่อมผิวคอนกรีตของชิ้นส่วน
ผนังอุโมงค์ สำหรับโครงการก่อสร้างอุโมงค์ระบายน้ำจากบึงหนองบอนลงสู่แม่น้ำเจ้าพระยา
ซึ่งลักษณะความเสียหายหรือข้อบกพร่องอาจเกิดขึ้นจากกระบวนการผลิต การขนส่งและ
เคลื่อนย้าย หรือการเก็บรักษา ที่โรงงานผลิตชิ้นส่วนอุโมงค์ โดยที่ความเสียหายนี้ไม่มีผลกระทบ
ต่อโครงสร้างหลักของชิ้นส่วนผนังอุโมงค์ตามที่ออกแบบไว้ ทั้งนี้ทางฝ่ายผลิตและควบคุม
คุณภาพจะทำการบันทึกข้อมูลไว้ หากมีความเสียหายมากเกินข้อกำหนด จะต้องทำการ
ตรวจสอบและทบทวนเพื่อหาข้อบกพร่อง ดังนี้
1.) ความเสียหายจากการผลิต ไม่เกิน 5% ของจำนวน Rings ที่ผลิตได้
2.) ความเสียหายจากการขนส่งและการขนย้าย ไม่เกิน 2% ของจำนวน Rings ของการขนส่ง
ความเสียหายที่เกิดขึ้นกับชิ้นงานแบ่งได้เป็น 4 ลักษณะได้แก่
1.) รอยร้าว (Crack)
2.) แตกบินที่ขอบ (Spalling Edge)
3.) แตกบิ่นบริเวณ Gasket (Spalling Recesses)
4.) รูฟองอากาศ (Voids or Blowholes)
LE LE LE LE LL U1
Document No.","5
STECON
นที ท ชิน-ไทย เ คีเนีย แลนด์ ทอน หรือ น จํากัด (มหาชน)
SINCE THEM ENGINEERING SECTANTRUCTION POBLE COMPARTY (IMETER
Project: SEWERAGE TUNNEL BUNG NONG BON
TO CHAOPHRAYA RIVER
• แตกบินบริเวณ Gasket (Spalling Recesses)
A
I
C
B
-
Table3 Guideline for Recesses Repair
Action
Reference Method
A(mm.)
B(mm.)
C(mm.)
1.No Repair
<2
<2
2.Repair with
Cementious
RP-TN-03
2-10
5-30
0-10
Mortar
3.Reject
>10
>30
>10
Document No.
[2] Chapter: Guildline For Repair, Page: 7
STECON
บวิชา โน-ไทย เ คีเนียชิ่ง แอนด์ คอนสตรัคชั่น จํากัด (มหาชน)
Project: SEWERAGE TUNNEL BUNG NONG BON
SING THAI ENGINEERING & CONSTRUCTION PUBLIC COMPANY LIMITED
TO CHAOPHRAYA RIVER
ตารางแสดงวัสดุที่ใช้ซ่อมแซมความเสียหายประเภทต่างๆ
ประเภทของวัสดุซ่อมแซม
ประเภท
วิธีการ
ความ
Method
Reference | ปูนฉาบ | ปูนฉาบ
ซ่อม
อพอก
อีพ็อกซี่
วัสดุ
ซ่อม
ซเรซน มอรตาร เชอม
เชื่อม
เสียหาย
ซ่อมแซม
กำลังอัด
ประสาน
สูง
คอนกรีต
Repair with
Cementitious
RP-TN-01
Crack
Mortar
Repair with
RE-TN-02
Epoxy Resin
Repair with
Spalling
Cementitious
RP-TN-03
Edge
Mortar
Repair with
Spalling
Cementitious
RP-TN-03
Recesses
Mortar
Repair with
Voids or
Cementitious
RP-TN-04
Blowholes
Mortar
Repair with High
RP-TN-05
Strength Mortar
Document No.
[4] Chapter: Guildline For Repair, Page: 2
บริษัท ชิน ไทย เช่นจีเนีย ง แอนด์ คอนสต วัดอื่น จํากัด (มหาช
Project: SEWERAGE TUNNEL BUNG NONG BON
STECON
SINO THAI ENGINE HUING & CONSTRUCTION PUBLIC COMAPARY FISHITED
TO CHAOPHRAYA RIVER
การซ่อมแซมความเสียหายที่เกิดขึ้นกับชิ้นงาน
ขอบเขตของงาน (Scope of Work)
วิธีการซ่อมแซมชิ้นส่วนอุโมงค์จัดทำขึ้น เพื่อใช้สำหรับการซ่อมผิวคอนกรีตของชิ้นส่วน
ผนังอุโมงค์ สำหรับโครงการก่อสร้างอุโมงค์ระบายน้ำจากบึงหนองบอนลงสู่แม่น้ำเจ้าพระยา
ซึ่งลักษณะความเสียหายหรือข้อบกพร่องอาจเกิดขึ้นจากกระบวนการผลิต การขนส่งและ
เคลื่อนย้าย หรือการเก็บรักษา ที่โรงงานผลิตชิ้นส่วนอุโมงค์ โดยที่ความเสียหายนี้ไม่มีผลกระทบ
ต่อโครงสร้างหลักของชิ้นส่วนผนังอุโมงค์ตามที่ออกแบบไว้ ทั้งนี้ทางฝ่ายผลิตและควบคุม
คุณภาพจะทำการบันทึกข้อมูลไว้ หากมีความเสียหายมากเกินข้อกำหนด จะต้องทำการ
ตรวจสอบและทบทวนเพื่อหาข้อบกพร่อง ดังนี้
1.) ความเสียหายจากการผลิต ไม่เกิน 5% ของจำนวน Rings ที่ผลิตได้
2.) ความเสียหายจากการขนส่งและการขนย้าย ไม่เกิน 2% ของจำนวน Rings ของการขนส่ง
ความเสียหายที่เกิดขึ้นกับชิ้นงานแบ่งได้เป็น 4 ลักษณะได้แก่
1.) รอยร้าว (Crack)
2.) แตกบินที่ขอบ (Spalling Edge)
3.) แตกบิ่นบริเวณ Gasket (Spalling Recesses)
4.) รูฟองอากาศ (Voids or Blowholes)
LE LE LE LE LL U1
Document No.",extractive-fallback,"TYPE OF DAEMAGE
Crack
Spalling Edge
REPAIR PROCEDURE
Reference Method:
Spalling Recesses
Other.
TYPE OF DAEMAGE
Crack
Spalling Edge
REPAIR PROCEDURE
Reference Method:
Repair by:
Spalling Recesses
Other
Voids or Blowholes
To be Executed at:
Precast Yard
After Erection
ACCEPTANCE
The repair is inspected and accepted:
Yes
No
Action:
0
Production Engineer
QC Engineer
Consultant
Date................
[1] Chapter: Guildline For Repair, Page: 5
STECON
นที ท ชิน-ไทย เ คีเนีย แลนด์ ทอน หรือ น จํากัด (มหาชน)
SINCE THEM ENGINEERING SECTANTRUCTION POBLE COMPARTY (IMETER
Project: SEWERAGE TUNNEL BUNG NONG BON
TO CHAOPHRAYA RIVER
• แตกบินบริเวณ Gasket (Spalling Recesses)
A
I
C
B
-
Table3 Guideline for Recesses Repair
Action
Reference Method
A(mm.)
B(mm.)
C(mm.)
1.No Repair
<2
<2
2.Repair with
Cementious
RP-TN-03
2-10
5-30
0-10
Mortar
3.Reject
>10
>30
>10
Document No.
[2] Chapter: Guildline For Repair, Page: 7
STECON
บวิชา โน-ไทย เ คีเนียชิ่ง แอนด์ คอนสตรัคชั่น จํากัด (มหาชน)
Project: SEWERAGE TUNNEL BUNG NONG BON
SING THAI ENGINEERING & CONSTRUCTION PUBLIC COMPANY LIMITED
TO CHAOPHRAYA RIVER
ตารางแสดงวัสดุที่ใช้ซ่อมแซมความเสียหายประเภทต่างๆ
ประเภทของวัสดุซ่อมแซม
ประเภท
วิธีการ
ความ
Method
Reference | ปูนฉาบ | ปูนฉาบ
ซ่อม
อพอก
อีพ็อกซี่
วัสดุ
ซ่อม
ซเรซน มอรตาร เชอม
เชื่อม
เสียหาย
ซ่อมแซม
กำลังอัด
ประสาน
สูง
คอนกรีต
Repair with
Cementitious
RP-TN-01
Crack
Mortar
Repair with
RE-TN-02
Epoxy Resin
Repair with
Spalling
Cementitious
RP-TN-03
Edge
Mortar
Repair with
Spalling
Cementitious
RP-TN-03
Recesses
Mortar
Repair with
Voids or
Cementitious
RP-TN-04
Blowholes
Mortar
Repair with High
RP-TN-05
Strength Mortar
Document No.
[4] Chapter: Guildline For Repair, Page: 2
บริษัท ชิน ไทย เช่นจีเนีย ง แอนด์ คอนสต วัดอื่น จํากัด (มหาช
Project: SEWERAGE TUNNEL BUNG NONG BON
STECON
SINO THAI ENGINE HUING & CONSTRUCTION PUBLIC COMAPARY FISHITED
TO CHAOPHRAYA RIVER
การซ่อมแซมความเสียหายที่เกิดขึ้นกับชิ้นงาน
ขอบเขตของงาน (Scope of Work)
วิธีการซ่อมแซมชิ้นส่วนอุโมงค์จัดทำขึ้น เพื่อใช้สำหรับการซ่อมผิวคอนกรีตของชิ้นส่วน
ผนังอุโมงค์ สำหรับโครงการก่อสร้างอุโมงค์ระบายน้ำจากบึงหนองบอนลงสู่แม่น้ำเจ้าพระยา
ซึ่งลักษณะความเสียหายหรือข้อบกพร่องอาจเกิดขึ้นจากกระบวนการผลิต การขนส่งและ
เคลื่อนย้าย หรือการเก็บรักษา ที่โรงงานผลิตชิ้นส่วนอุโมงค์ โดยที่ความเสียหายนี้ไม่มีผลกระทบ
ต่อโครงสร้างหลักของชิ้นส่วนผนังอุโมงค์ตามที่ออกแบบไว้ ทั้งนี้ทางฝ่ายผลิตและควบคุม
คุณภาพจะทำการบันทึกข้อมูลไว้ หากมีความเสียหายมากเกินข้อกำหนด จะต้องทำการ
ตรวจสอบและทบทวนเพื่อหาข้อบกพร่อง ดังนี้
1.) ความเสียหายจากการผลิต ไม่เกิน 5% ของจำนวน Rings ที่ผลิตได้
2.) ความเสียหายจากการขนส่งและการขนย้าย ไม่เกิน 2% ของจำนวน Rings ของการขนส่ง
ความเสียหายที่เกิดขึ้นกับชิ้นงานแบ่งได้เป็น 4 ลักษณะได้แก่
1.) รอยร้าว (Crack)
2.) แตกบินที่ขอบ (Spalling Edge)
3.) แตกบิ่นบริเวณ Gasket (Spalling Recesses)
4.) รูฟองอากาศ (Voids or Blowholes)
LE LE LE LE LL U1
Document No.",Construction-Related,Material,"TYPE OF DAEMAGE
Crack
Spalling Edge
REPAIR PROCEDURE
Reference Method:
Spalling Recesses
Other.
TYPE OF DAEMAGE
Crack
Spalling Edge
REPAIR PROCEDURE
Reference Method:
Repair by:
Spalling Recesses
Other
Voids or Blowholes
To be Executed at:
Precast Yard
After Erection
ACCEPTANCE
The repair is inspected and accepted:
Yes
No
Action:
0
Production Engineer
QC Engineer
Consultant
Date................
[1] Chapter: Guildline For Repair, Page: 5
STECON
นที ท ชิน-ไทย เ คีเนีย แลนด์ ทอน หรือ น จํากัด (มหาชน)
SINCE THEM ENGINEERING SECTANTRUCTION POBLE COMPARTY (IMETER
Project: SEWERAGE TUNNEL BUNG NONG BON
TO CHAOPHRAYA RIVER
• แตกบินบริเวณ Gasket (Spalling Recesses)
A
I
C
B
-
Table3 Guideline for Recesses Repair
Action
Reference Method
A(mm.)
B(mm.)
C(mm.)
1.No Repair
<2
<2
2.Repair with
Cementious
RP-TN-03
2-10
5-30
0-10
Mortar
3.Reject
>10
>30
>10
Document No.
[2] Chapter: Guildline For Repair, Page: 7
STECON
บวิชา โน-ไทย เ คีเนียชิ่ง แอนด์ คอนสตรัคชั่น จํากัด (มหาชน)
Project: SEWERAGE TUNNEL BUNG NONG BON
SING THAI ENGINEERING & CONSTRUCTION PUBLIC COMPANY LIMITED
TO CHAOPHRAYA RIVER
ตารางแสดงวัสดุที่ใช้ซ่อมแซมความเสียหายประเภทต่างๆ
ประเภทของวัสดุซ่อมแซม
ประเภท
วิธีการ
ความ
Method
Reference | ปูนฉาบ | ปูนฉาบ
ซ่อม
อพอก
อีพ็อกซี่
วัสดุ
ซ่อม
ซเรซน มอรตาร เชอม
เชื่อม
เสียหาย
ซ่อมแซม
กำลังอัด
ประสาน
สูง
คอนกรีต
Repair with
Cementitious
RP-TN-01
Crack
Mortar
Repair with
RE-TN-02
Epoxy Resin
Repair with
Spalling
Cementitious
RP-TN-03
Edge
Mortar
Repair with
Spalling
Cementitious
RP-TN-03
Recesses
Mortar
Repair with
Voids or
Cementitious
RP-TN-04
Blowholes
Mortar
Repair with High
RP-TN-05
Strength Mortar
Document No.
[4] Chapter: Guildline For Repair, Page: 2
บริษัท ชิน ไทย เช่นจีเนีย ง แอนด์ คอนสต วัดอื่น จํากัด (มหาช
Project: SEWERAGE TUNNEL BUNG NONG BON
STECON
SINO THAI ENGINE HUING & CONSTRUCTION PUBLIC COMAPARY FISHITED
TO CHAOPHRAYA RIVER
การซ่อมแซมความเสียหายที่เกิดขึ้นกับชิ้นงาน
ขอบเขตของงาน (Scope of Work)
วิธีการซ่อมแซมชิ้นส่วนอุโมงค์จัดทำขึ้น เพื่อใช้สำหรับการซ่อมผิวคอนกรีตของชิ้นส่วน
ผนังอุโมงค์ สำหรับโครงการก่อสร้างอุโมงค์ระบายน้ำจากบึงหนองบอนลงสู่แม่น้ำเจ้าพระยา
ซึ่งลักษณะความเสียหายหรือข้อบกพร่องอาจเกิดขึ้นจากกระบวนการผลิต การขนส่งและ
เคลื่อนย้าย หรือการเก็บรักษา ที่โรงงานผลิตชิ้นส่วนอุโมงค์ โดยที่ความเสียหายนี้ไม่มีผลกระทบ
ต่อโครงสร้างหลักของชิ้นส่วนผนังอุโมงค์ตามที่ออกแบบไว้ ทั้งนี้ทางฝ่ายผลิตและควบคุม
คุณภาพจะทำการบันทึกข้อมูลไว้ หากมีความเสียหายมากเกินข้อกำหนด จะต้องทำการ
ตรวจสอบและทบทวนเพื่อหาข้อบกพร่อง ดังนี้
1.) ความเสียหายจากการผลิต ไม่เกิน 5% ของจำนวน Rings ที่ผลิตได้
2.) ความเสียหายจากการขนส่งและการขนย้าย ไม่เกิน 2% ของจำนวน Rings ของการขนส่ง
ความเสียหายที่เกิดขึ้นกับชิ้นงานแบ่งได้เป็น 4 ลักษณะได้แก่
1.) รอยร้าว (Crack)
2.) แตกบินที่ขอบ (Spalling Edge)
3.) แตกบิ่นบริเวณ Gasket (Spalling Recesses)
4.) รูฟองอากาศ (Voids or Blowholes)
LE LE LE LE LL U1
Document No.","5
STECON
นที ท ชิน-ไทย เ คีเนีย แลนด์ ทอน หรือ น จํากัด (มหาชน)
SINCE THEM ENGINEERING SECTANTRUCTION POBLE COMPARTY (IMETER
Project: SEWERAGE TUNNEL BUNG NONG BON
TO CHAOPHRAYA RIVER
• แตกบินบริเวณ Gasket (Spalling Recesses)
A
I
C
B
-
Table3 Guideline for Recesses Repair
Action
Reference Method
A(mm.)
B(mm.)
C(mm.)
1.No Repair
<2
<2
2.Repair with
Cementious
RP-TN-03
2-10
5-30
0-10
Mortar
3.Reject
>10
>30
>10
Document No.
[2] Chapter: Guildline For Repair, Page: 7
STECON
บวิชา โน-ไทย เ คีเนียชิ่ง แอนด์ คอนสตรัคชั่น จํากัด (มหาชน)
Project: SEWERAGE TUNNEL BUNG NONG BON
SING THAI ENGINEERING & CONSTRUCTION PUBLIC COMPANY LIMITED
TO CHAOPHRAYA RIVER
ตารางแสดงวัสดุที่ใช้ซ่อมแซมความเสียหายประเภทต่างๆ
ประเภทของวัสดุซ่อมแซม
ประเภท
วิธีการ
ความ
Method
Reference | ปูนฉาบ | ปูนฉาบ
ซ่อม
อพอก
อีพ็อกซี่
วัสดุ
ซ่อม
ซเรซน มอรตาร เชอม
เชื่อม
เสียหาย
ซ่อมแซม
กำลังอัด
ประสาน
สูง
คอนกรีต
Repair with
Cementitious
RP-TN-01
Crack
Mortar
Repair with
RE-TN-02
Epoxy Resin
Repair with
Spalling
Cementitious
RP-TN-03
Edge
Mortar
Repair with
Spalling
Cementitious
RP-TN-03
Recesses
Mortar
Repair with
Voids or
Cementitious
RP-TN-04
Blowholes
Mortar
Repair with High
RP-TN-05
Strength Mortar
Document No.
[4] Chapter: Guildline For Repair, Page: 2
บริษัท ชิน ไทย เช่นจีเนีย ง แอนด์ คอนสต วัดอื่น จํากัด (มหาช
Project: SEWERAGE TUNNEL BUNG NONG BON
STECON
SINO THAI ENGINE HUING & CONSTRUCTION PUBLIC COMAPARY FISHITED
TO CHAOPHRAYA RIVER
การซ่อมแซมความเสียหายที่เกิดขึ้นกับชิ้นงาน
ขอบเขตของงาน (Scope of Work)
วิธีการซ่อมแซมชิ้นส่วนอุโมงค์จัดทำขึ้น เพื่อใช้สำหรับการซ่อมผิวคอนกรีตของชิ้นส่วน
ผนังอุโมงค์ สำหรับโครงการก่อสร้างอุโมงค์ระบายน้ำจากบึงหนองบอนลงสู่แม่น้ำเจ้าพระยา
ซึ่งลักษณะความเสียหายหรือข้อบกพร่องอาจเกิดขึ้นจากกระบวนการผลิต การขนส่งและ
เคลื่อนย้าย หรือการเก็บรักษา ที่โรงงานผลิตชิ้นส่วนอุโมงค์ โดยที่ความเสียหายนี้ไม่มีผลกระทบ
ต่อโครงสร้างหลักของชิ้นส่วนผนังอุโมงค์ตามที่ออกแบบไว้ ทั้งนี้ทางฝ่ายผลิตและควบคุม
คุณภาพจะทำการบันทึกข้อมูลไว้ หากมีความเสียหายมากเกินข้อกำหนด จะต้องทำการ
ตรวจสอบและทบทวนเพื่อหาข้อบกพร่อง ดังนี้
1.) ความเสียหายจากการผลิต ไม่เกิน 5% ของจำนวน Rings ที่ผลิตได้
2.) ความเสียหายจากการขนส่งและการขนย้าย ไม่เกิน 2% ของจำนวน Rings ของการขนส่ง
ความเสียหายที่เกิดขึ้นกับชิ้นงานแบ่งได้เป็น 4 ลักษณะได้แก่
1.) รอยร้าว (Crack)
2.) แตกบินที่ขอบ (Spalling Edge)
3.) แตกบิ่นบริเวณ Gasket (Spalling Recesses)
4.) รูฟองอากาศ (Voids or Blowholes)
LE LE LE LE LL U1
Document No.",extractive-fallback,"TYPE OF DAEMAGE
Crack
Spalling Edge
REPAIR PROCEDURE
Reference Method:
Spalling Recesses
Other.
TYPE OF DAEMAGE
Crack
Spalling Edge
REPAIR PROCEDURE
Reference Method:
Repair by:
Spalling Recesses
Other
Voids or Blowholes
To be Executed at:
Precast Yard
After Erection
ACCEPTANCE
The repair is inspected and accepted:
Yes
No
Action:
0
Production Engineer
QC Engineer
Consultant
Date................
[1] Chapter: Guildline For Repair, Page: 5
STECON
นที ท ชิน-ไทย เ คีเนีย แลนด์ ทอน หรือ น จํากัด (มหาชน)
SINCE THEM ENGINEERING SECTANTRUCTION POBLE COMPARTY (IMETER
Project: SEWERAGE TUNNEL BUNG NONG BON
TO CHAOPHRAYA RIVER
• แตกบินบริเวณ Gasket (Spalling Recesses)
A
I
C
B
-
Table3 Guideline for Recesses Repair
Action
Reference Method
A(mm.)
B(mm.)
C(mm.)
1.No Repair
<2
<2
2.Repair with
Cementious
RP-TN-03
2-10
5-30
0-10
Mortar
3.Reject
>10
>30
>10
Document No.
[2] Chapter: Guildline For Repair, Page: 7
STECON
บวิชา โน-ไทย เ คีเนียชิ่ง แอนด์ คอนสตรัคชั่น จํากัด (มหาชน)
Project: SEWERAGE TUNNEL BUNG NONG BON
SING THAI ENGINEERING & CONSTRUCTION PUBLIC COMPANY LIMITED
TO CHAOPHRAYA RIVER
ตารางแสดงวัสดุที่ใช้ซ่อมแซมความเสียหายประเภทต่างๆ
ประเภทของวัสดุซ่อมแซม
ประเภท
วิธีการ
ความ
Method
Reference | ปูนฉาบ | ปูนฉาบ
ซ่อม
อพอก
อีพ็อกซี่
วัสดุ
ซ่อม
ซเรซน มอรตาร เชอม
เชื่อม
เสียหาย
ซ่อมแซม
กำลังอัด
ประสาน
สูง
คอนกรีต
Repair with
Cementitious
RP-TN-01
Crack
Mortar
Repair with
RE-TN-02
Epoxy Resin
Repair with
Spalling
Cementitious
RP-TN-03
Edge
Mortar
Repair with
Spalling
Cementitious
RP-TN-03
Recesses
Mortar
Repair with
Voids or
Cementitious
RP-TN-04
Blowholes
Mortar
Repair with High
RP-TN-05
Strength Mortar
Document No.
[4] Chapter: Guildline For Repair, Page: 2
บริษัท ชิน ไทย เช่นจีเนีย ง แอนด์ คอนสต วัดอื่น จํากัด (มหาช
Project: SEWERAGE TUNNEL BUNG NONG BON
STECON
SINO THAI ENGINE HUING & CONSTRUCTION PUBLIC COMAPARY FISHITED
TO CHAOPHRAYA RIVER
การซ่อมแซมความเสียหายที่เกิดขึ้นกับชิ้นงาน
ขอบเขตของงาน (Scope of Work)
วิธีการซ่อมแซมชิ้นส่วนอุโมงค์จัดทำขึ้น เพื่อใช้สำหรับการซ่อมผิวคอนกรีตของชิ้นส่วน
ผนังอุโมงค์ สำหรับโครงการก่อสร้างอุโมงค์ระบายน้ำจากบึงหนองบอนลงสู่แม่น้ำเจ้าพระยา
ซึ่งลักษณะความเสียหายหรือข้อบกพร่องอาจเกิดขึ้นจากกระบวนการผลิต การขนส่งและ
เคลื่อนย้าย หรือการเก็บรักษา ที่โรงงานผลิตชิ้นส่วนอุโมงค์ โดยที่ความเสียหายนี้ไม่มีผลกระทบ
ต่อโครงสร้างหลักของชิ้นส่วนผนังอุโมงค์ตามที่ออกแบบไว้ ทั้งนี้ทางฝ่ายผลิตและควบคุม
คุณภาพจะทำการบันทึกข้อมูลไว้ หากมีความเสียหายมากเกินข้อกำหนด จะต้องทำการ
ตรวจสอบและทบทวนเพื่อหาข้อบกพร่อง ดังนี้
1.) ความเสียหายจากการผลิต ไม่เกิน 5% ของจำนวน Rings ที่ผลิตได้
2.) ความเสียหายจากการขนส่งและการขนย้าย ไม่เกิน 2% ของจำนวน Rings ของการขนส่ง
ความเสียหายที่เกิดขึ้นกับชิ้นงานแบ่งได้เป็น 4 ลักษณะได้แก่
1.) รอยร้าว (Crack)
2.) แตกบินที่ขอบ (Spalling Edge)
3.) แตกบิ่นบริเวณ Gasket (Spalling Recesses)
4.) รูฟองอากาศ (Voids or Blowholes)
LE LE LE LE LL U1
Document No.",Construction-Related,Material,"TYPE OF DAEMAGE
Crack
Spalling Edge
REPAIR PROCEDURE
Reference Method:
Spalling Recesses
Other.
TYPE OF DAEMAGE
Crack
Spalling Edge
REPAIR PROCEDURE
Reference Method:
Repair by:
Spalling Recesses
Other
Voids or Blowholes
To be Executed at:
Precast Yard
After Erection
ACCEPTANCE
The repair is inspected and accepted:
Yes
No
Action:
0
Production Engineer
QC Engineer
Consultant
Date................
[1] Chapter: Guildline For Repair, Page: 5
STECON
นที ท ชิน-ไทย เ คีเนีย แลนด์ ทอน หรือ น จํากัด (มหาชน)
SINCE THEM ENGINEERING SECTANTRUCTION POBLE COMPARTY (IMETER
Project: SEWERAGE TUNNEL BUNG NONG BON
TO CHAOPHRAYA RIVER
• แตกบินบริเวณ Gasket (Spalling Recesses)
A
I
C
B
-
Table3 Guideline for Recesses Repair
Action
Reference Method
A(mm.)
B(mm.)
C(mm.)
1.No Repair
<2
<2
2.Repair with
Cementious
RP-TN-03
2-10
5-30
0-10
Mortar
3.Reject
>10
>30
>10
Document No.
[2] Chapter: Guildline For Repair, Page: 7
STECON
บวิชา โน-ไทย เ คีเนียชิ่ง แอนด์ คอนสตรัคชั่น จํากัด (มหาชน)
Project: SEWERAGE TUNNEL BUNG NONG BON
SING THAI ENGINEERING & CONSTRUCTION PUBLIC COMPANY LIMITED
TO CHAOPHRAYA RIVER
ตารางแสดงวัสดุที่ใช้ซ่อมแซมความเสียหายประเภทต่างๆ
ประเภทของวัสดุซ่อมแซม
ประเภท
วิธีการ
ความ
Method
Reference | ปูนฉาบ | ปูนฉาบ
ซ่อม
อพอก
อีพ็อกซี่
วัสดุ
ซ่อม
ซเรซน มอรตาร เชอม
เชื่อม
เสียหาย
ซ่อมแซม
กำลังอัด
ประสาน
สูง
คอนกรีต
Repair with
Cementitious
RP-TN-01
Crack
Mortar
Repair with
RE-TN-02
Epoxy Resin
Repair with
Spalling
Cementitious
RP-TN-03
Edge
Mortar
Repair with
Spalling
Cementitious
RP-TN-03
Recesses
Mortar
Repair with
Voids or
Cementitious
RP-TN-04
Blowholes
Mortar
Repair with High
RP-TN-05
Strength Mortar
Document No.
[4] Chapter: Guildline For Repair, Page: 2
บริษัท ชิน ไทย เช่นจีเนีย ง แอนด์ คอนสต วัดอื่น จํากัด (มหาช
Project: SEWERAGE TUNNEL BUNG NONG BON
STECON
SINO THAI ENGINE HUING & CONSTRUCTION PUBLIC COMAPARY FISHITED
TO CHAOPHRAYA RIVER
การซ่อมแซมความเสียหายที่เกิดขึ้นกับชิ้นงาน
ขอบเขตของงาน (Scope of Work)
วิธีการซ่อมแซมชิ้นส่วนอุโมงค์จัดทำขึ้น เพื่อใช้สำหรับการซ่อมผิวคอนกรีตของชิ้นส่วน
ผนังอุโมงค์ สำหรับโครงการก่อสร้างอุโมงค์ระบายน้ำจากบึงหนองบอนลงสู่แม่น้ำเจ้าพระยา
ซึ่งลักษณะความเสียหายหรือข้อบกพร่องอาจเกิดขึ้นจากกระบวนการผลิต การขนส่งและ
เคลื่อนย้าย หรือการเก็บรักษา ที่โรงงานผลิตชิ้นส่วนอุโมงค์ โดยที่ความเสียหายนี้ไม่มีผลกระทบ
ต่อโครงสร้างหลักของชิ้นส่วนผนังอุโมงค์ตามที่ออกแบบไว้ ทั้งนี้ทางฝ่ายผลิตและควบคุม
คุณภาพจะทำการบันทึกข้อมูลไว้ หากมีความเสียหายมากเกินข้อกำหนด จะต้องทำการ
ตรวจสอบและทบทวนเพื่อหาข้อบกพร่อง ดังนี้
1.) ความเสียหายจากการผลิต ไม่เกิน 5% ของจำนวน Rings ที่ผลิตได้
2.) ความเสียหายจากการขนส่งและการขนย้าย ไม่เกิน 2% ของจำนวน Rings ของการขนส่ง
ความเสียหายที่เกิดขึ้นกับชิ้นงานแบ่งได้เป็น 4 ลักษณะได้แก่
1.) รอยร้าว (Crack)
2.) แตกบินที่ขอบ (Spalling Edge)
3.) แตกบิ่นบริเวณ Gasket (Spalling Recesses)
4.) รูฟองอากาศ (Voids or Blowholes)
LE LE LE LE LL U1
Document No.","5
STECON
นที ท ชิน-ไทย เ คีเนีย แลนด์ ทอน หรือ น จํากัด (มหาชน)
SINCE THEM ENGINEERING SECTANTRUCTION POBLE COMPARTY (IMETER
Project: SEWERAGE TUNNEL BUNG NONG BON
TO CHAOPHRAYA RIVER
• แตกบินบริเวณ Gasket (Spalling Recesses)
A
I
C
B
-
Table3 Guideline for Recesses Repair
Action
Reference Method
A(mm.)
B(mm.)
C(mm.)
1.No Repair
<2
<2
2.Repair with
Cementious
RP-TN-03
2-10
5-30
0-10
Mortar
3.Reject
>10
>30
>10
Document No.
[2] Chapter: Guildline For Repair, Page: 7
STECON
บวิชา โน-ไทย เ คีเนียชิ่ง แอนด์ คอนสตรัคชั่น จํากัด (มหาชน)
Project: SEWERAGE TUNNEL BUNG NONG BON
SING THAI ENGINEERING & CONSTRUCTION PUBLIC COMPANY LIMITED
TO CHAOPHRAYA RIVER
ตารางแสดงวัสดุที่ใช้ซ่อมแซมความเสียหายประเภทต่างๆ
ประเภทของวัสดุซ่อมแซม
ประเภท
วิธีการ
ความ
Method
Reference | ปูนฉาบ | ปูนฉาบ
ซ่อม
อพอก
อีพ็อกซี่
วัสดุ
ซ่อม
ซเรซน มอรตาร เชอม
เชื่อม
เสียหาย
ซ่อมแซม
กำลังอัด
ประสาน
สูง
คอนกรีต
Repair with
Cementitious
RP-TN-01
Crack
Mortar
Repair with
RE-TN-02
Epoxy Resin
Repair with
Spalling
Cementitious
RP-TN-03
Edge
Mortar
Repair with
Spalling
Cementitious
RP-TN-03
Recesses
Mortar
Repair with
Voids or
Cementitious
RP-TN-04
Blowholes
Mortar
Repair with High
RP-TN-05
Strength Mortar
Document No.
[4] Chapter: Guildline For Repair, Page: 2
บริษัท ชิน ไทย เช่นจีเนีย ง แอนด์ คอนสต วัดอื่น จํากัด (มหาช
Project: SEWERAGE TUNNEL BUNG NONG BON
STECON
SINO THAI ENGINE HUING & CONSTRUCTION PUBLIC COMAPARY FISHITED
TO CHAOPHRAYA RIVER
การซ่อมแซมความเสียหายที่เกิดขึ้นกับชิ้นงาน
ขอบเขตของงาน (Scope of Work)
วิธีการซ่อมแซมชิ้นส่วนอุโมงค์จัดทำขึ้น เพื่อใช้สำหรับการซ่อมผิวคอนกรีตของชิ้นส่วน
ผนังอุโมงค์ สำหรับโครงการก่อสร้างอุโมงค์ระบายน้ำจากบึงหนองบอนลงสู่แม่น้ำเจ้าพระยา
ซึ่งลักษณะความเสียหายหรือข้อบกพร่องอาจเกิดขึ้นจากกระบวนการผลิต การขนส่งและ
เคลื่อนย้าย หรือการเก็บรักษา ที่โรงงานผลิตชิ้นส่วนอุโมงค์ โดยที่ความเสียหายนี้ไม่มีผลกระทบ
ต่อโครงสร้างหลักของชิ้นส่วนผนังอุโมงค์ตามที่ออกแบบไว้ ทั้งนี้ทางฝ่ายผลิตและควบคุม
คุณภาพจะทำการบันทึกข้อมูลไว้ หากมีความเสียหายมากเกินข้อกำหนด จะต้องทำการ
ตรวจสอบและทบทวนเพื่อหาข้อบกพร่อง ดังนี้
1.) ความเสียหายจากการผลิต ไม่เกิน 5% ของจำนวน Rings ที่ผลิตได้
2.) ความเสียหายจากการขนส่งและการขนย้าย ไม่เกิน 2% ของจำนวน Rings ของการขนส่ง
ความเสียหายที่เกิดขึ้นกับชิ้นงานแบ่งได้เป็น 4 ลักษณะได้แก่
1.) รอยร้าว (Crack)
2.) แตกบินที่ขอบ (Spalling Edge)
3.) แตกบิ่นบริเวณ Gasket (Spalling Recesses)
4.) รูฟองอากาศ (Voids or Blowholes)
LE LE LE LE LL U1
Document No.",extractive-fallback,"TYPE OF DAEMAGE
Crack
Spalling Edge
REPAIR PROCEDURE
Reference Method:
Spalling Recesses
Other.
TYPE OF DAEMAGE
Crack
Spalling Edge
REPAIR PROCEDURE
Reference Method:
Repair by:
Spalling Recesses
Other
Voids or Blowholes
To be Executed at:
Precast Yard
After Erection
ACCEPTANCE
The repair is inspected and accepted:
Yes
No
Action:
0
Production Engineer
QC Engineer
Consultant
Date................
[1] Chapter: Guildline For Repair, Page: 5
STECON
นที ท ชิน-ไทย เ คีเนีย แลนด์ ทอน หรือ น จํากัด (มหาชน)
SINCE THEM ENGINEERING SECTANTRUCTION POBLE COMPARTY (IMETER
Project: SEWERAGE TUNNEL BUNG NONG BON
TO CHAOPHRAYA RIVER
• แตกบินบริเวณ Gasket (Spalling Recesses)
A
I
C
B
-
Table3 Guideline for Recesses Repair
Action
Reference Method
A(mm.)
B(mm.)
C(mm.)
1.No Repair
<2
<2
2.Repair with
Cementious
RP-TN-03
2-10
5-30
0-10
Mortar
3.Reject
>10
>30
>10
Document No.
[2] Chapter: Guildline For Repair, Page: 7
STECON
บวิชา โน-ไทย เ คีเนียชิ่ง แอนด์ คอนสตรัคชั่น จํากัด (มหาชน)
Project: SEWERAGE TUNNEL BUNG NONG BON
SING THAI ENGINEERING & CONSTRUCTION PUBLIC COMPANY LIMITED
TO CHAOPHRAYA RIVER
ตารางแสดงวัสดุที่ใช้ซ่อมแซมความเสียหายประเภทต่างๆ
ประเภทของวัสดุซ่อมแซม
ประเภท
วิธีการ
ความ
Method
Reference | ปูนฉาบ | ปูนฉาบ
ซ่อม
อพอก
อีพ็อกซี่
วัสดุ
ซ่อม
ซเรซน มอรตาร เชอม
เชื่อม
เสียหาย
ซ่อมแซม
กำลังอัด
ประสาน
สูง
คอนกรีต
Repair with
Cementitious
RP-TN-01
Crack
Mortar
Repair with
RE-TN-02
Epoxy Resin
Repair with
Spalling
Cementitious
RP-TN-03
Edge
Mortar
Repair with
Spalling
Cementitious
RP-TN-03
Recesses
Mortar
Repair with
Voids or
Cementitious
RP-TN-04
Blowholes
Mortar
Repair with High
RP-TN-05
Strength Mortar
Document No.
[4] Chapter: Guildline For Repair, Page: 2
บริษัท ชิน ไทย เช่นจีเนีย ง แอนด์ คอนสต วัดอื่น จํากัด (มหาช
Project: SEWERAGE TUNNEL BUNG NONG BON
STECON
SINO THAI ENGINE HUING & CONSTRUCTION PUBLIC COMAPARY FISHITED
TO CHAOPHRAYA RIVER
การซ่อมแซมความเสียหายที่เกิดขึ้นกับชิ้นงาน
ขอบเขตของงาน (Scope of Work)
วิธีการซ่อมแซมชิ้นส่วนอุโมงค์จัดทำขึ้น เพื่อใช้สำหรับการซ่อมผิวคอนกรีตของชิ้นส่วน
ผนังอุโมงค์ สำหรับโครงการก่อสร้างอุโมงค์ระบายน้ำจากบึงหนองบอนลงสู่แม่น้ำเจ้าพระยา
ซึ่งลักษณะความเสียหายหรือข้อบกพร่องอาจเกิดขึ้นจากกระบวนการผลิต การขนส่งและ
เคลื่อนย้าย หรือการเก็บรักษา ที่โรงงานผลิตชิ้นส่วนอุโมงค์ โดยที่ความเสียหายนี้ไม่มีผลกระทบ
ต่อโครงสร้างหลักของชิ้นส่วนผนังอุโมงค์ตามที่ออกแบบไว้ ทั้งนี้ทางฝ่ายผลิตและควบคุม
คุณภาพจะทำการบันทึกข้อมูลไว้ หากมีความเสียหายมากเกินข้อกำหนด จะต้องทำการ
ตรวจสอบและทบทวนเพื่อหาข้อบกพร่อง ดังนี้
1.) ความเสียหายจากการผลิต ไม่เกิน 5% ของจำนวน Rings ที่ผลิตได้
2.) ความเสียหายจากการขนส่งและการขนย้าย ไม่เกิน 2% ของจำนวน Rings ของการขนส่ง
ความเสียหายที่เกิดขึ้นกับชิ้นงานแบ่งได้เป็น 4 ลักษณะได้แก่
1.) รอยร้าว (Crack)
2.) แตกบินที่ขอบ (Spalling Edge)
3.) แตกบิ่นบริเวณ Gasket (Spalling Recesses)
4.) รูฟองอากาศ (Voids or Blowholes)
LE LE LE LE LL U1
Document No.",Construction-Related,Material,"TYPE OF DAEMAGE
Crack
Spalling Edge
REPAIR PROCEDURE
Reference Method:
Spalling Recesses
Other.
TYPE OF DAEMAGE
Crack
Spalling Edge
REPAIR PROCEDURE
Reference Method:
Repair by:
Spalling Recesses
Other
Voids or Blowholes
To be Executed at:
Precast Yard
After Erection
ACCEPTANCE
The repair is inspected and accepted:
Yes
No
Action:
0
Production Engineer
QC Engineer
Consultant
Date................
[1] Chapter: Guildline For Repair, Page: 5
STECON
นที ท ชิน-ไทย เ คีเนีย แลนด์ ทอน หรือ น จํากัด (มหาชน)
SINCE THEM ENGINEERING SECTANTRUCTION POBLE COMPARTY (IMETER
Project: SEWERAGE TUNNEL BUNG NONG BON
TO CHAOPHRAYA RIVER
• แตกบินบริเวณ Gasket (Spalling Recesses)
A
I
C
B
-
Table3 Guideline for Recesses Repair
Action
Reference Method
A(mm.)
B(mm.)
C(mm.)
1.No Repair
<2
<2
2.Repair with
Cementious
RP-TN-03
2-10
5-30
0-10
Mortar
3.Reject
>10
>30
>10
Document No.
[2] Chapter: Guildline For Repair, Page: 7
STECON
บวิชา โน-ไทย เ คีเนียชิ่ง แอนด์ คอนสตรัคชั่น จํากัด (มหาชน)
Project: SEWERAGE TUNNEL BUNG NONG BON
SING THAI ENGINEERING & CONSTRUCTION PUBLIC COMPANY LIMITED
TO CHAOPHRAYA RIVER
ตารางแสดงวัสดุที่ใช้ซ่อมแซมความเสียหายประเภทต่างๆ
ประเภทของวัสดุซ่อมแซม
ประเภท
วิธีการ
ความ
Method
Reference | ปูนฉาบ | ปูนฉาบ
ซ่อม
อพอก
อีพ็อกซี่
วัสดุ
ซ่อม
ซเรซน มอรตาร เชอม
เชื่อม
เสียหาย
ซ่อมแซม
กำลังอัด
ประสาน
สูง
คอนกรีต
Repair with
Cementitious
RP-TN-01
Crack
Mortar
Repair with
RE-TN-02
Epoxy Resin
Repair with
Spalling
Cementitious
RP-TN-03
Edge
Mortar
Repair with
Spalling
Cementitious
RP-TN-03
Recesses
Mortar
Repair with
Voids or
Cementitious
RP-TN-04
Blowholes
Mortar
Repair with High
RP-TN-05
Strength Mortar
Document No.
[4] Chapter: Guildline For Repair, Page: 2
บริษัท ชิน ไทย เช่นจีเนีย ง แอนด์ คอนสต วัดอื่น จํากัด (มหาช
Project: SEWERAGE TUNNEL BUNG NONG BON
STECON
SINO THAI ENGINE HUING & CONSTRUCTION PUBLIC COMAPARY FISHITED
TO CHAOPHRAYA RIVER
การซ่อมแซมความเสียหายที่เกิดขึ้นกับชิ้นงาน
ขอบเขตของงาน (Scope of Work)
วิธีการซ่อมแซมชิ้นส่วนอุโมงค์จัดทำขึ้น เพื่อใช้สำหรับการซ่อมผิวคอนกรีตของชิ้นส่วน
ผนังอุโมงค์ สำหรับโครงการก่อสร้างอุโมงค์ระบายน้ำจากบึงหนองบอนลงสู่แม่น้ำเจ้าพระยา
ซึ่งลักษณะความเสียหายหรือข้อบกพร่องอาจเกิดขึ้นจากกระบวนการผลิต การขนส่งและ
เคลื่อนย้าย หรือการเก็บรักษา ที่โรงงานผลิตชิ้นส่วนอุโมงค์ โดยที่ความเสียหายนี้ไม่มีผลกระทบ
ต่อโครงสร้างหลักของชิ้นส่วนผนังอุโมงค์ตามที่ออกแบบไว้ ทั้งนี้ทางฝ่ายผลิตและควบคุม
คุณภาพจะทำการบันทึกข้อมูลไว้ หากมีความเสียหายมากเกินข้อกำหนด จะต้องทำการ
ตรวจสอบและทบทวนเพื่อหาข้อบกพร่อง ดังนี้
1.) ความเสียหายจากการผลิต ไม่เกิน 5% ของจำนวน Rings ที่ผลิตได้
2.) ความเสียหายจากการขนส่งและการขนย้าย ไม่เกิน 2% ของจำนวน Rings ของการขนส่ง
ความเสียหายที่เกิดขึ้นกับชิ้นงานแบ่งได้เป็น 4 ลักษณะได้แก่
1.) รอยร้าว (Crack)
2.) แตกบินที่ขอบ (Spalling Edge)
3.) แตกบิ่นบริเวณ Gasket (Spalling Recesses)
4.) รูฟองอากาศ (Voids or Blowholes)
LE LE LE LE LL U1
Document No.","5
STECON
นที ท ชิน-ไทย เ คีเนีย แลนด์ ทอน หรือ น จํากัด (มหาชน)
SINCE THEM ENGINEERING SECTANTRUCTION POBLE COMPARTY (IMETER
Project: SEWERAGE TUNNEL BUNG NONG BON
TO CHAOPHRAYA RIVER
• แตกบินบริเวณ Gasket (Spalling Recesses)
A
I
C
B
-
Table3 Guideline for Recesses Repair
Action
Reference Method
A(mm.)
B(mm.)
C(mm.)
1.No Repair
<2
<2
2.Repair with
Cementious
RP-TN-03
2-10
5-30
0-10
Mortar
3.Reject
>10
>30
>10
Document No.
[2] Chapter: Guildline For Repair, Page: 7
STECON
บวิชา โน-ไทย เ คีเนียชิ่ง แอนด์ คอนสตรัคชั่น จํากัด (มหาชน)
Project: SEWERAGE TUNNEL BUNG NONG BON
SING THAI ENGINEERING & CONSTRUCTION PUBLIC COMPANY LIMITED
TO CHAOPHRAYA RIVER
ตารางแสดงวัสดุที่ใช้ซ่อมแซมความเสียหายประเภทต่างๆ
ประเภทของวัสดุซ่อมแซม
ประเภท
วิธีการ
ความ
Method
Reference | ปูนฉาบ | ปูนฉาบ
ซ่อม
อพอก
อีพ็อกซี่
วัสดุ
ซ่อม
ซเรซน มอรตาร เชอม
เชื่อม
เสียหาย
ซ่อมแซม
กำลังอัด
ประสาน
สูง
คอนกรีต
Repair with
Cementitious
RP-TN-01
Crack
Mortar
Repair with
RE-TN-02
Epoxy Resin
Repair with
Spalling
Cementitious
RP-TN-03
Edge
Mortar
Repair with
Spalling
Cementitious
RP-TN-03
Recesses
Mortar
Repair with
Voids or
Cementitious
RP-TN-04
Blowholes
Mortar
Repair with High
RP-TN-05
Strength Mortar
Document No.
[4] Chapter: Guildline For Repair, Page: 2
บริษัท ชิน ไทย เช่นจีเนีย ง แอนด์ คอนสต วัดอื่น จํากัด (มหาช
Project: SEWERAGE TUNNEL BUNG NONG BON
STECON
SINO THAI ENGINE HUING & CONSTRUCTION PUBLIC COMAPARY FISHITED
TO CHAOPHRAYA RIVER
การซ่อมแซมความเสียหายที่เกิดขึ้นกับชิ้นงาน
ขอบเขตของงาน (Scope of Work)
วิธีการซ่อมแซมชิ้นส่วนอุโมงค์จัดทำขึ้น เพื่อใช้สำหรับการซ่อมผิวคอนกรีตของชิ้นส่วน
ผนังอุโมงค์ สำหรับโครงการก่อสร้างอุโมงค์ระบายน้ำจากบึงหนองบอนลงสู่แม่น้ำเจ้าพระยา
ซึ่งลักษณะความเสียหายหรือข้อบกพร่องอาจเกิดขึ้นจากกระบวนการผลิต การขนส่งและ
เคลื่อนย้าย หรือการเก็บรักษา ที่โรงงานผลิตชิ้นส่วนอุโมงค์ โดยที่ความเสียหายนี้ไม่มีผลกระทบ
ต่อโครงสร้างหลักของชิ้นส่วนผนังอุโมงค์ตามที่ออกแบบไว้ ทั้งนี้ทางฝ่ายผลิตและควบคุม
คุณภาพจะทำการบันทึกข้อมูลไว้ หากมีความเสียหายมากเกินข้อกำหนด จะต้องทำการ
ตรวจสอบและทบทวนเพื่อหาข้อบกพร่อง ดังนี้
1.) ความเสียหายจากการผลิต ไม่เกิน 5% ของจำนวน Rings ที่ผลิตได้
2.) ความเสียหายจากการขนส่งและการขนย้าย ไม่เกิน 2% ของจำนวน Rings ของการขนส่ง
ความเสียหายที่เกิดขึ้นกับชิ้นงานแบ่งได้เป็น 4 ลักษณะได้แก่
1.) รอยร้าว (Crack)
2.) แตกบินที่ขอบ (Spalling Edge)
3.) แตกบิ่นบริเวณ Gasket (Spalling Recesses)
4.) รูฟองอากาศ (Voids or Blowholes)
LE LE LE LE LL U1
Document No.",extractive-fallback,"TYPE OF DAEMAGE
Crack
Spalling Edge
REPAIR PROCEDURE
Reference Method:
Spalling Recesses
Other.
TYPE OF DAEMAGE
Crack
Spalling Edge
REPAIR PROCEDURE
Reference Method:
Repair by:
Spalling Recesses
Other
Voids or Blowholes
To be Executed at:
Precast Yard
After Erection
ACCEPTANCE
The repair is inspected and accepted:
Yes
No
Action:
0
Production Engineer
QC Engineer
Consultant
Date................
[1] Chapter: Guildline For Repair, Page: 5
STECON
นที ท ชิน-ไทย เ คีเนีย แลนด์ ทอน หรือ น จํากัด (มหาชน)
SINCE THEM ENGINEERING SECTANTRUCTION POBLE COMPARTY (IMETER
Project: SEWERAGE TUNNEL BUNG NONG BON
TO CHAOPHRAYA RIVER
• แตกบินบริเวณ Gasket (Spalling Recesses)
A
I
C
B
-
Table3 Guideline for Recesses Repair
Action
Reference Method
A(mm.)
B(mm.)
C(mm.)
1.No Repair
<2
<2
2.Repair with
Cementious
RP-TN-03
2-10
5-30
0-10
Mortar
3.Reject
>10
>30
>10
Document No.
[2] Chapter: Guildline For Repair, Page: 7
STECON
บวิชา โน-ไทย เ คีเนียชิ่ง แอนด์ คอนสตรัคชั่น จํากัด (มหาชน)
Project: SEWERAGE TUNNEL BUNG NONG BON
SING THAI ENGINEERING & CONSTRUCTION PUBLIC COMPANY LIMITED
TO CHAOPHRAYA RIVER
ตารางแสดงวัสดุที่ใช้ซ่อมแซมความเสียหายประเภทต่างๆ
ประเภทของวัสดุซ่อมแซม
ประเภท
วิธีการ
ความ
Method
Reference | ปูนฉาบ | ปูนฉาบ
ซ่อม
อพอก
อีพ็อกซี่
วัสดุ
ซ่อม
ซเรซน มอรตาร เชอม
เชื่อม
เสียหาย
ซ่อมแซม
กำลังอัด
ประสาน
สูง
คอนกรีต
Repair with
Cementitious
RP-TN-01
Crack
Mortar
Repair with
RE-TN-02
Epoxy Resin
Repair with
Spalling
Cementitious
RP-TN-03
Edge
Mortar
Repair with
Spalling
Cementitious
RP-TN-03
Recesses
Mortar
Repair with
Voids or
Cementitious
RP-TN-04
Blowholes
Mortar
Repair with High
RP-TN-05
Strength Mortar
Document No.
[4] Chapter: Guildline For Repair, Page: 2
บริษัท ชิน ไทย เช่นจีเนีย ง แอนด์ คอนสต วัดอื่น จํากัด (มหาช
Project: SEWERAGE TUNNEL BUNG NONG BON
STECON
SINO THAI ENGINE HUING & CONSTRUCTION PUBLIC COMAPARY FISHITED
TO CHAOPHRAYA RIVER
การซ่อมแซมความเสียหายที่เกิดขึ้นกับชิ้นงาน
ขอบเขตของงาน (Scope of Work)
วิธีการซ่อมแซมชิ้นส่วนอุโมงค์จัดทำขึ้น เพื่อใช้สำหรับการซ่อมผิวคอนกรีตของชิ้นส่วน
ผนังอุโมงค์ สำหรับโครงการก่อสร้างอุโมงค์ระบายน้ำจากบึงหนองบอนลงสู่แม่น้ำเจ้าพระยา
ซึ่งลักษณะความเสียหายหรือข้อบกพร่องอาจเกิดขึ้นจากกระบวนการผลิต การขนส่งและ
เคลื่อนย้าย หรือการเก็บรักษา ที่โรงงานผลิตชิ้นส่วนอุโมงค์ โดยที่ความเสียหายนี้ไม่มีผลกระทบ
ต่อโครงสร้างหลักของชิ้นส่วนผนังอุโมงค์ตามที่ออกแบบไว้ ทั้งนี้ทางฝ่ายผลิตและควบคุม
คุณภาพจะทำการบันทึกข้อมูลไว้ หากมีความเสียหายมากเกินข้อกำหนด จะต้องทำการ
ตรวจสอบและทบทวนเพื่อหาข้อบกพร่อง ดังนี้
1.) ความเสียหายจากการผลิต ไม่เกิน 5% ของจำนวน Rings ที่ผลิตได้
2.) ความเสียหายจากการขนส่งและการขนย้าย ไม่เกิน 2% ของจำนวน Rings ของการขนส่ง
ความเสียหายที่เกิดขึ้นกับชิ้นงานแบ่งได้เป็น 4 ลักษณะได้แก่
1.) รอยร้าว (Crack)
2.) แตกบินที่ขอบ (Spalling Edge)
3.) แตกบิ่นบริเวณ Gasket (Spalling Recesses)
4.) รูฟองอากาศ (Voids or Blowholes)
LE LE LE LE LL U1
Document No."
 ช่วงขนาดความเสียหายของ Spalling Recesses ที่สามารถซ่อมแซมได้คือเท่าใด,- ด้าน A: 2-10 มม.- ด้าน B: 5-30 มม.- ด้าน C: 0-10 มม.,5,Construction-Related,Material,"TYPE OF DAEMAGE
Crack
Spalling Edge
REPAIR PROCEDURE
Reference Method:
Spalling Recesses
Other.
TYPE OF DAEMAGE
Crack
Spalling Edge
REPAIR PROCEDURE
Reference Method:
Repair by:
Spalling Recesses
Other
Voids or Blowholes
To be Executed at:
Precast Yard
After Erection
ACCEPTANCE
The repair is inspected and accepted:
Yes
No
Action:
0
Production Engineer
QC Engineer
Consultant
Date................
[3] Chapter: Spalling Edge Repair, Page: 24
STECOM
บริษัท ชิโน-ไทย เอ็นจีเนียริ่ง แอนด์ คอนสตรัคชั่น จำกัด (มหาชน)
SINU THAI TNGINEERING & CONSTRUCTION PEBHC COMPAY TASHTEL
RP-TN-03
SPALLING EDGE REPAIR
PROJECT: SEWERAGE TUNNEL BUNG NONG BON TO
CHAOPHRAYA RIVER
24
[1] Chapter: Guildline For Repair, Page: 5
STECON
นที ท ชิน-ไทย เ คีเนีย แลนด์ ทอน หรือ น จํากัด (มหาชน)
SINCE THEM ENGINEERING SECTANTRUCTION POBLE COMPARTY (IMETER
Project: SEWERAGE TUNNEL BUNG NONG BON
TO CHAOPHRAYA RIVER
• แตกบินบริเวณ Gasket (Spalling Recesses)
A
I
C
B
-
Table3 Guideline for Recesses Repair
Action
Reference Method
A(mm.)
B(mm.)
C(mm.)
1.No Repair
<2
<2
2.Repair with
Cementious
RP-TN-03
2-10
5-30
0-10
Mortar
3.Reject
>10
>30
>10
Document No.
[4] Chapter: Guildline For Repair, Page: 7
STECON
บวิชา โน-ไทย เ คีเนียชิ่ง แอนด์ คอนสตรัคชั่น จํากัด (มหาชน)
Project: SEWERAGE TUNNEL BUNG NONG BON
SING THAI ENGINEERING & CONSTRUCTION PUBLIC COMPANY LIMITED
TO CHAOPHRAYA RIVER
ตารางแสดงวัสดุที่ใช้ซ่อมแซมความเสียหายประเภทต่างๆ
ประเภทของวัสดุซ่อมแซม
ประเภท
วิธีการ
ความ
Method
Reference | ปูนฉาบ | ปูนฉาบ
ซ่อม
อพอก
อีพ็อกซี่
วัสดุ
ซ่อม
ซเรซน มอรตาร เชอม
เชื่อม
เสียหาย
ซ่อมแซม
กำลังอัด
ประสาน
สูง
คอนกรีต
Repair with
Cementitious
RP-TN-01
Crack
Mortar
Repair with
RE-TN-02
Epoxy Resin
Repair with
Spalling
Cementitious
RP-TN-03
Edge
Mortar
Repair with
Spalling
Cementitious
RP-TN-03
Recesses
Mortar
Repair with
Voids or
Cementitious
RP-TN-04
Blowholes
Mortar
Repair with High
RP-TN-05
Strength Mortar
Document No.","24
STECOM
บริษัท ชิโน-ไทย เอ็นจีเนียริ่ง แอนด์ คอนสตรัคชั่น จำกัด (มหาชน)
SINU THAI TNGINEERING & CONSTRUCTION PEBHC COMPAY TASHTEL
RP-TN-03
SPALLING EDGE REPAIR
PROJECT: SEWERAGE TUNNEL BUNG NONG BON TO
CHAOPHRAYA RIVER
24
[1] Chapter: Guildline For Repair, Page: 5
STECON
นที ท ชิน-ไทย เ คีเนีย แลนด์ ทอน หรือ น จํากัด (มหาชน)
SINCE THEM ENGINEERING SECTANTRUCTION POBLE COMPARTY (IMETER
Project: SEWERAGE TUNNEL BUNG NONG BON
TO CHAOPHRAYA RIVER
• แตกบินบริเวณ Gasket (Spalling Recesses)
A
I
C
B
-
Table3 Guideline for Recesses Repair
Action
Reference Method
A(mm.)
B(mm.)
C(mm.)
1.No Repair
<2
<2
2.Repair with
Cementious
RP-TN-03
2-10
5-30
0-10
Mortar
3.Reject
>10
>30
>10
Document No.
[4] Chapter: Guildline For Repair, Page: 7
STECON
บวิชา โน-ไทย เ คีเนียชิ่ง แอนด์ คอนสตรัคชั่น จํากัด (มหาชน)
Project: SEWERAGE TUNNEL BUNG NONG BON
SING THAI ENGINEERING & CONSTRUCTION PUBLIC COMPANY LIMITED
TO CHAOPHRAYA RIVER
ตารางแสดงวัสดุที่ใช้ซ่อมแซมความเสียหายประเภทต่างๆ
ประเภทของวัสดุซ่อมแซม
ประเภท
วิธีการ
ความ
Method
Reference | ปูนฉาบ | ปูนฉาบ
ซ่อม
อพอก
อีพ็อกซี่
วัสดุ
ซ่อม
ซเรซน มอรตาร เชอม
เชื่อม
เสียหาย
ซ่อมแซม
กำลังอัด
ประสาน
สูง
คอนกรีต
Repair with
Cementitious
RP-TN-01
Crack
Mortar
Repair with
RE-TN-02
Epoxy Resin
Repair with
Spalling
Cementitious
RP-TN-03
Edge
Mortar
Repair with
Spalling
Cementitious
RP-TN-03
Recesses
Mortar
Repair with
Voids or
Cementitious
RP-TN-04
Blowholes
Mortar
Repair with High
RP-TN-05
Strength Mortar
Document No.",extractive-fallback,"TYPE OF DAEMAGE
Crack
Spalling Edge
REPAIR PROCEDURE
Reference Method:
Spalling Recesses
Other.
TYPE OF DAEMAGE
Crack
Spalling Edge
REPAIR PROCEDURE
Reference Method:
Repair by:
Spalling Recesses
Other
Voids or Blowholes
To be Executed at:
Precast Yard
After Erection
ACCEPTANCE
The repair is inspected and accepted:
Yes
No
Action:
0
Production Engineer
QC Engineer
Consultant
Date................
[3] Chapter: Spalling Edge Repair, Page: 24
STECOM
บริษัท ชิโน-ไทย เอ็นจีเนียริ่ง แอนด์ คอนสตรัคชั่น จำกัด (มหาชน)
SINU THAI TNGINEERING & CONSTRUCTION PEBHC COMPAY TASHTEL
RP-TN-03
SPALLING EDGE REPAIR
PROJECT: SEWERAGE TUNNEL BUNG NONG BON TO
CHAOPHRAYA RIVER
24
[1] Chapter: Guildline For Repair, Page: 5
STECON
นที ท ชิน-ไทย เ คีเนีย แลนด์ ทอน หรือ น จํากัด (มหาชน)
SINCE THEM ENGINEERING SECTANTRUCTION POBLE COMPARTY (IMETER
Project: SEWERAGE TUNNEL BUNG NONG BON
TO CHAOPHRAYA RIVER
• แตกบินบริเวณ Gasket (Spalling Recesses)
A
I
C
B
-
Table3 Guideline for Recesses Repair
Action
Reference Method
A(mm.)
B(mm.)
C(mm.)
1.No Repair
<2
<2
2.Repair with
Cementious
RP-TN-03
2-10
5-30
0-10
Mortar
3.Reject
>10
>30
>10
Document No.
[4] Chapter: Guildline For Repair, Page: 7
STECON
บวิชา โน-ไทย เ คีเนียชิ่ง แอนด์ คอนสตรัคชั่น จํากัด (มหาชน)
Project: SEWERAGE TUNNEL BUNG NONG BON
SING THAI ENGINEERING & CONSTRUCTION PUBLIC COMPANY LIMITED
TO CHAOPHRAYA RIVER
ตารางแสดงวัสดุที่ใช้ซ่อมแซมความเสียหายประเภทต่างๆ
ประเภทของวัสดุซ่อมแซม
ประเภท
วิธีการ
ความ
Method
Reference | ปูนฉาบ | ปูนฉาบ
ซ่อม
อพอก
อีพ็อกซี่
วัสดุ
ซ่อม
ซเรซน มอรตาร เชอม
เชื่อม
เสียหาย
ซ่อมแซม
กำลังอัด
ประสาน
สูง
คอนกรีต
Repair with
Cementitious
RP-TN-01
Crack
Mortar
Repair with
RE-TN-02
Epoxy Resin
Repair with
Spalling
Cementitious
RP-TN-03
Edge
Mortar
Repair with
Spalling
Cementitious
RP-TN-03
Recesses
Mortar
Repair with
Voids or
Cementitious
RP-TN-04
Blowholes
Mortar
Repair with High
RP-TN-05
Strength Mortar
Document No.",Construction-Related,Material,"TYPE OF DAEMAGE
Crack
Spalling Edge
REPAIR PROCEDURE
Reference Method:
Spalling Recesses
Other.
TYPE OF DAEMAGE
Crack
Spalling Edge
REPAIR PROCEDURE
Reference Method:
Repair by:
Spalling Recesses
Other
Voids or Blowholes
To be Executed at:
Precast Yard
After Erection
ACCEPTANCE
The repair is inspected and accepted:
Yes
No
Action:
0
Production Engineer
QC Engineer
Consultant
Date................
[3] Chapter: Spalling Edge Repair, Page: 24
STECOM
บริษัท ชิโน-ไทย เอ็นจีเนียริ่ง แอนด์ คอนสตรัคชั่น จำกัด (มหาชน)
SINU THAI TNGINEERING & CONSTRUCTION PEBHC COMPAY TASHTEL
RP-TN-03
SPALLING EDGE REPAIR
PROJECT: SEWERAGE TUNNEL BUNG NONG BON TO
CHAOPHRAYA RIVER
24
[1] Chapter: Guildline For Repair, Page: 5
STECON
นที ท ชิน-ไทย เ คีเนีย แลนด์ ทอน หรือ น จํากัด (มหาชน)
SINCE THEM ENGINEERING SECTANTRUCTION POBLE COMPARTY (IMETER
Project: SEWERAGE TUNNEL BUNG NONG BON
TO CHAOPHRAYA RIVER
• แตกบินบริเวณ Gasket (Spalling Recesses)
A
I
C
B
-
Table3 Guideline for Recesses Repair
Action
Reference Method
A(mm.)
B(mm.)
C(mm.)
1.No Repair
<2
<2
2.Repair with
Cementious
RP-TN-03
2-10
5-30
0-10
Mortar
3.Reject
>10
>30
>10
Document No.
[4] Chapter: Guildline For Repair, Page: 7
STECON
บวิชา โน-ไทย เ คีเนียชิ่ง แอนด์ คอนสตรัคชั่น จํากัด (มหาชน)
Project: SEWERAGE TUNNEL BUNG NONG BON
SING THAI ENGINEERING & CONSTRUCTION PUBLIC COMPANY LIMITED
TO CHAOPHRAYA RIVER
ตารางแสดงวัสดุที่ใช้ซ่อมแซมความเสียหายประเภทต่างๆ
ประเภทของวัสดุซ่อมแซม
ประเภท
วิธีการ
ความ
Method
Reference | ปูนฉาบ | ปูนฉาบ
ซ่อม
อพอก
อีพ็อกซี่
วัสดุ
ซ่อม
ซเรซน มอรตาร เชอม
เชื่อม
เสียหาย
ซ่อมแซม
กำลังอัด
ประสาน
สูง
คอนกรีต
Repair with
Cementitious
RP-TN-01
Crack
Mortar
Repair with
RE-TN-02
Epoxy Resin
Repair with
Spalling
Cementitious
RP-TN-03
Edge
Mortar
Repair with
Spalling
Cementitious
RP-TN-03
Recesses
Mortar
Repair with
Voids or
Cementitious
RP-TN-04
Blowholes
Mortar
Repair with High
RP-TN-05
Strength Mortar
Document No.","24
STECOM
บริษัท ชิโน-ไทย เอ็นจีเนียริ่ง แอนด์ คอนสตรัคชั่น จำกัด (มหาชน)
SINU THAI TNGINEERING & CONSTRUCTION PEBHC COMPAY TASHTEL
RP-TN-03
SPALLING EDGE REPAIR
PROJECT: SEWERAGE TUNNEL BUNG NONG BON TO
CHAOPHRAYA RIVER
24
[1] Chapter: Guildline For Repair, Page: 5
STECON
นที ท ชิน-ไทย เ คีเนีย แลนด์ ทอน หรือ น จํากัด (มหาชน)
SINCE THEM ENGINEERING SECTANTRUCTION POBLE COMPARTY (IMETER
Project: SEWERAGE TUNNEL BUNG NONG BON
TO CHAOPHRAYA RIVER
• แตกบินบริเวณ Gasket (Spalling Recesses)
A
I
C
B
-
Table3 Guideline for Recesses Repair
Action
Reference Method
A(mm.)
B(mm.)
C(mm.)
1.No Repair
<2
<2
2.Repair with
Cementious
RP-TN-03
2-10
5-30
0-10
Mortar
3.Reject
>10
>30
>10
Document No.
[4] Chapter: Guildline For Repair, Page: 7
STECON
บวิชา โน-ไทย เ คีเนียชิ่ง แอนด์ คอนสตรัคชั่น จํากัด (มหาชน)
Project: SEWERAGE TUNNEL BUNG NONG BON
SING THAI ENGINEERING & CONSTRUCTION PUBLIC COMPANY LIMITED
TO CHAOPHRAYA RIVER
ตารางแสดงวัสดุที่ใช้ซ่อมแซมความเสียหายประเภทต่างๆ
ประเภทของวัสดุซ่อมแซม
ประเภท
วิธีการ
ความ
Method
Reference | ปูนฉาบ | ปูนฉาบ
ซ่อม
อพอก
อีพ็อกซี่
วัสดุ
ซ่อม
ซเรซน มอรตาร เชอม
เชื่อม
เสียหาย
ซ่อมแซม
กำลังอัด
ประสาน
สูง
คอนกรีต
Repair with
Cementitious
RP-TN-01
Crack
Mortar
Repair with
RE-TN-02
Epoxy Resin
Repair with
Spalling
Cementitious
RP-TN-03
Edge
Mortar
Repair with
Spalling
Cementitious
RP-TN-03
Recesses
Mortar
Repair with
Voids or
Cementitious
RP-TN-04
Blowholes
Mortar
Repair with High
RP-TN-05
Strength Mortar
Document No.",extractive-fallback,"TYPE OF DAEMAGE
Crack
Spalling Edge
REPAIR PROCEDURE
Reference Method:
Spalling Recesses
Other.
TYPE OF DAEMAGE
Crack
Spalling Edge
REPAIR PROCEDURE
Reference Method:
Repair by:
Spalling Recesses
Other
Voids or Blowholes
To be Executed at:
Precast Yard
After Erection
ACCEPTANCE
The repair is inspected and accepted:
Yes
No
Action:
0
Production Engineer
QC Engineer
Consultant
Date................
[3] Chapter: Spalling Edge Repair, Page: 24
STECOM
บริษัท ชิโน-ไทย เอ็นจีเนียริ่ง แอนด์ คอนสตรัคชั่น จำกัด (มหาชน)
SINU THAI TNGINEERING & CONSTRUCTION PEBHC COMPAY TASHTEL
RP-TN-03
SPALLING EDGE REPAIR
PROJECT: SEWERAGE TUNNEL BUNG NONG BON TO
CHAOPHRAYA RIVER
24
[1] Chapter: Guildline For Repair, Page: 5
STECON
นที ท ชิน-ไทย เ คีเนีย แลนด์ ทอน หรือ น จํากัด (มหาชน)
SINCE THEM ENGINEERING SECTANTRUCTION POBLE COMPARTY (IMETER
Project: SEWERAGE TUNNEL BUNG NONG BON
TO CHAOPHRAYA RIVER
• แตกบินบริเวณ Gasket (Spalling Recesses)
A
I
C
B
-
Table3 Guideline for Recesses Repair
Action
Reference Method
A(mm.)
B(mm.)
C(mm.)
1.No Repair
<2
<2
2.Repair with
Cementious
RP-TN-03
2-10
5-30
0-10
Mortar
3.Reject
>10
>30
>10
Document No.
[4] Chapter: Guildline For Repair, Page: 7
STECON
บวิชา โน-ไทย เ คีเนียชิ่ง แอนด์ คอนสตรัคชั่น จํากัด (มหาชน)
Project: SEWERAGE TUNNEL BUNG NONG BON
SING THAI ENGINEERING & CONSTRUCTION PUBLIC COMPANY LIMITED
TO CHAOPHRAYA RIVER
ตารางแสดงวัสดุที่ใช้ซ่อมแซมความเสียหายประเภทต่างๆ
ประเภทของวัสดุซ่อมแซม
ประเภท
วิธีการ
ความ
Method
Reference | ปูนฉาบ | ปูนฉาบ
ซ่อม
อพอก
อีพ็อกซี่
วัสดุ
ซ่อม
ซเรซน มอรตาร เชอม
เชื่อม
เสียหาย
ซ่อมแซม
กำลังอัด
ประสาน
สูง
คอนกรีต
Repair with
Cementitious
RP-TN-01
Crack
Mortar
Repair with
RE-TN-02
Epoxy Resin
Repair with
Spalling
Cementitious
RP-TN-03
Edge
Mortar
Repair with
Spalling
Cementitious
RP-TN-03
Recesses
Mortar
Repair with
Voids or
Cementitious
RP-TN-04
Blowholes
Mortar
Repair with High
RP-TN-05
Strength Mortar
Document No.",Construction-Related,Material,"TYPE OF DAEMAGE
Crack
Spalling Edge
REPAIR PROCEDURE
Reference Method:
Spalling Recesses
Other.
TYPE OF DAEMAGE
Crack
Spalling Edge
REPAIR PROCEDURE
Reference Method:
Repair by:
Spalling Recesses
Other
Voids or Blowholes
To be Executed at:
Precast Yard
After Erection
ACCEPTANCE
The repair is inspected and accepted:
Yes
No
Action:
0
Production Engineer
QC Engineer
Consultant
Date................
[3] Chapter: Spalling Edge Repair, Page: 24
STECOM
บริษัท ชิโน-ไทย เอ็นจีเนียริ่ง แอนด์ คอนสตรัคชั่น จำกัด (มหาชน)
SINU THAI TNGINEERING & CONSTRUCTION PEBHC COMPAY TASHTEL
RP-TN-03
SPALLING EDGE REPAIR
PROJECT: SEWERAGE TUNNEL BUNG NONG BON TO
CHAOPHRAYA RIVER
24
[1] Chapter: Guildline For Repair, Page: 5
STECON
นที ท ชิน-ไทย เ คีเนีย แลนด์ ทอน หรือ น จํากัด (มหาชน)
SINCE THEM ENGINEERING SECTANTRUCTION POBLE COMPARTY (IMETER
Project: SEWERAGE TUNNEL BUNG NONG BON
TO CHAOPHRAYA RIVER
• แตกบินบริเวณ Gasket (Spalling Recesses)
A
I
C
B
-
Table3 Guideline for Recesses Repair
Action
Reference Method
A(mm.)
B(mm.)
C(mm.)
1.No Repair
<2
<2
2.Repair with
Cementious
RP-TN-03
2-10
5-30
0-10
Mortar
3.Reject
>10
>30
>10
Document No.
[4] Chapter: Guildline For Repair, Page: 7
STECON
บวิชา โน-ไทย เ คีเนียชิ่ง แอนด์ คอนสตรัคชั่น จํากัด (มหาชน)
Project: SEWERAGE TUNNEL BUNG NONG BON
SING THAI ENGINEERING & CONSTRUCTION PUBLIC COMPANY LIMITED
TO CHAOPHRAYA RIVER
ตารางแสดงวัสดุที่ใช้ซ่อมแซมความเสียหายประเภทต่างๆ
ประเภทของวัสดุซ่อมแซม
ประเภท
วิธีการ
ความ
Method
Reference | ปูนฉาบ | ปูนฉาบ
ซ่อม
อพอก
อีพ็อกซี่
วัสดุ
ซ่อม
ซเรซน มอรตาร เชอม
เชื่อม
เสียหาย
ซ่อมแซม
กำลังอัด
ประสาน
สูง
คอนกรีต
Repair with
Cementitious
RP-TN-01
Crack
Mortar
Repair with
RE-TN-02
Epoxy Resin
Repair with
Spalling
Cementitious
RP-TN-03
Edge
Mortar
Repair with
Spalling
Cementitious
RP-TN-03
Recesses
Mortar
Repair with
Voids or
Cementitious
RP-TN-04
Blowholes
Mortar
Repair with High
RP-TN-05
Strength Mortar
Document No.","24
STECOM
บริษัท ชิโน-ไทย เอ็นจีเนียริ่ง แอนด์ คอนสตรัคชั่น จำกัด (มหาชน)
SINU THAI TNGINEERING & CONSTRUCTION PEBHC COMPAY TASHTEL
RP-TN-03
SPALLING EDGE REPAIR
PROJECT: SEWERAGE TUNNEL BUNG NONG BON TO
CHAOPHRAYA RIVER
24
[1] Chapter: Guildline For Repair, Page: 5
STECON
นที ท ชิน-ไทย เ คีเนีย แลนด์ ทอน หรือ น จํากัด (มหาชน)
SINCE THEM ENGINEERING SECTANTRUCTION POBLE COMPARTY (IMETER
Project: SEWERAGE TUNNEL BUNG NONG BON
TO CHAOPHRAYA RIVER
• แตกบินบริเวณ Gasket (Spalling Recesses)
A
I
C
B
-
Table3 Guideline for Recesses Repair
Action
Reference Method
A(mm.)
B(mm.)
C(mm.)
1.No Repair
<2
<2
2.Repair with
Cementious
RP-TN-03
2-10
5-30
0-10
Mortar
3.Reject
>10
>30
>10
Document No.
[4] Chapter: Guildline For Repair, Page: 7
STECON
บวิชา โน-ไทย เ คีเนียชิ่ง แอนด์ คอนสตรัคชั่น จํากัด (มหาชน)
Project: SEWERAGE TUNNEL BUNG NONG BON
SING THAI ENGINEERING & CONSTRUCTION PUBLIC COMPANY LIMITED
TO CHAOPHRAYA RIVER
ตารางแสดงวัสดุที่ใช้ซ่อมแซมความเสียหายประเภทต่างๆ
ประเภทของวัสดุซ่อมแซม
ประเภท
วิธีการ
ความ
Method
Reference | ปูนฉาบ | ปูนฉาบ
ซ่อม
อพอก
อีพ็อกซี่
วัสดุ
ซ่อม
ซเรซน มอรตาร เชอม
เชื่อม
เสียหาย
ซ่อมแซม
กำลังอัด
ประสาน
สูง
คอนกรีต
Repair with
Cementitious
RP-TN-01
Crack
Mortar
Repair with
RE-TN-02
Epoxy Resin
Repair with
Spalling
Cementitious
RP-TN-03
Edge
Mortar
Repair with
Spalling
Cementitious
RP-TN-03
Recesses
Mortar
Repair with
Voids or
Cementitious
RP-TN-04
Blowholes
Mortar
Repair with High
RP-TN-05
Strength Mortar
Document No.",extractive-fallback,"TYPE OF DAEMAGE
Crack
Spalling Edge
REPAIR PROCEDURE
Reference Method:
Spalling Recesses
Other.
TYPE OF DAEMAGE
Crack
Spalling Edge
REPAIR PROCEDURE
Reference Method:
Repair by:
Spalling Recesses
Other
Voids or Blowholes
To be Executed at:
Precast Yard
After Erection
ACCEPTANCE
The repair is inspected and accepted:
Yes
No
Action:
0
Production Engineer
QC Engineer
Consultant
Date................
[3] Chapter: Spalling Edge Repair, Page: 24
STECOM
บริษัท ชิโน-ไทย เอ็นจีเนียริ่ง แอนด์ คอนสตรัคชั่น จำกัด (มหาชน)
SINU THAI TNGINEERING & CONSTRUCTION PEBHC COMPAY TASHTEL
RP-TN-03
SPALLING EDGE REPAIR
PROJECT: SEWERAGE TUNNEL BUNG NONG BON TO
CHAOPHRAYA RIVER
24
[1] Chapter: Guildline For Repair, Page: 5
STECON
นที ท ชิน-ไทย เ คีเนีย แลนด์ ทอน หรือ น จํากัด (มหาชน)
SINCE THEM ENGINEERING SECTANTRUCTION POBLE COMPARTY (IMETER
Project: SEWERAGE TUNNEL BUNG NONG BON
TO CHAOPHRAYA RIVER
• แตกบินบริเวณ Gasket (Spalling Recesses)
A
I
C
B
-
Table3 Guideline for Recesses Repair
Action
Reference Method
A(mm.)
B(mm.)
C(mm.)
1.No Repair
<2
<2
2.Repair with
Cementious
RP-TN-03
2-10
5-30
0-10
Mortar
3.Reject
>10
>30
>10
Document No.
[4] Chapter: Guildline For Repair, Page: 7
STECON
บวิชา โน-ไทย เ คีเนียชิ่ง แอนด์ คอนสตรัคชั่น จํากัด (มหาชน)
Project: SEWERAGE TUNNEL BUNG NONG BON
SING THAI ENGINEERING & CONSTRUCTION PUBLIC COMPANY LIMITED
TO CHAOPHRAYA RIVER
ตารางแสดงวัสดุที่ใช้ซ่อมแซมความเสียหายประเภทต่างๆ
ประเภทของวัสดุซ่อมแซม
ประเภท
วิธีการ
ความ
Method
Reference | ปูนฉาบ | ปูนฉาบ
ซ่อม
อพอก
อีพ็อกซี่
วัสดุ
ซ่อม
ซเรซน มอรตาร เชอม
เชื่อม
เสียหาย
ซ่อมแซม
กำลังอัด
ประสาน
สูง
คอนกรีต
Repair with
Cementitious
RP-TN-01
Crack
Mortar
Repair with
RE-TN-02
Epoxy Resin
Repair with
Spalling
Cementitious
RP-TN-03
Edge
Mortar
Repair with
Spalling
Cementitious
RP-TN-03
Recesses
Mortar
Repair with
Voids or
Cementitious
RP-TN-04
Blowholes
Mortar
Repair with High
RP-TN-05
Strength Mortar
Document No.",Construction-Related,Material,"TYPE OF DAEMAGE
Crack
Spalling Edge
REPAIR PROCEDURE
Reference Method:
Spalling Recesses
Other.
TYPE OF DAEMAGE
Crack
Spalling Edge
REPAIR PROCEDURE
Reference Method:
Repair by:
Spalling Recesses
Other
Voids or Blowholes
To be Executed at:
Precast Yard
After Erection
ACCEPTANCE
The repair is inspected and accepted:
Yes
No
Action:
0
Production Engineer
QC Engineer
Consultant
Date................
[3] Chapter: Spalling Edge Repair, Page: 24
STECOM
บริษัท ชิโน-ไทย เอ็นจีเนียริ่ง แอนด์ คอนสตรัคชั่น จำกัด (มหาชน)
SINU THAI TNGINEERING & CONSTRUCTION PEBHC COMPAY TASHTEL
RP-TN-03
SPALLING EDGE REPAIR
PROJECT: SEWERAGE TUNNEL BUNG NONG BON TO
CHAOPHRAYA RIVER
24
[1] Chapter: Guildline For Repair, Page: 5
STECON
นที ท ชิน-ไทย เ คีเนีย แลนด์ ทอน หรือ น จํากัด (มหาชน)
SINCE THEM ENGINEERING SECTANTRUCTION POBLE COMPARTY (IMETER
Project: SEWERAGE TUNNEL BUNG NONG BON
TO CHAOPHRAYA RIVER
• แตกบินบริเวณ Gasket (Spalling Recesses)
A
I
C
B
-
Table3 Guideline for Recesses Repair
Action
Reference Method
A(mm.)
B(mm.)
C(mm.)
1.No Repair
<2
<2
2.Repair with
Cementious
RP-TN-03
2-10
5-30
0-10
Mortar
3.Reject
>10
>30
>10
Document No.
[4] Chapter: Guildline For Repair, Page: 7
STECON
บวิชา โน-ไทย เ คีเนียชิ่ง แอนด์ คอนสตรัคชั่น จํากัด (มหาชน)
Project: SEWERAGE TUNNEL BUNG NONG BON
SING THAI ENGINEERING & CONSTRUCTION PUBLIC COMPANY LIMITED
TO CHAOPHRAYA RIVER
ตารางแสดงวัสดุที่ใช้ซ่อมแซมความเสียหายประเภทต่างๆ
ประเภทของวัสดุซ่อมแซม
ประเภท
วิธีการ
ความ
Method
Reference | ปูนฉาบ | ปูนฉาบ
ซ่อม
อพอก
อีพ็อกซี่
วัสดุ
ซ่อม
ซเรซน มอรตาร เชอม
เชื่อม
เสียหาย
ซ่อมแซม
กำลังอัด
ประสาน
สูง
คอนกรีต
Repair with
Cementitious
RP-TN-01
Crack
Mortar
Repair with
RE-TN-02
Epoxy Resin
Repair with
Spalling
Cementitious
RP-TN-03
Edge
Mortar
Repair with
Spalling
Cementitious
RP-TN-03
Recesses
Mortar
Repair with
Voids or
Cementitious
RP-TN-04
Blowholes
Mortar
Repair with High
RP-TN-05
Strength Mortar
Document No.","24
STECOM
บริษัท ชิโน-ไทย เอ็นจีเนียริ่ง แอนด์ คอนสตรัคชั่น จำกัด (มหาชน)
SINU THAI TNGINEERING & CONSTRUCTION PEBHC COMPAY TASHTEL
RP-TN-03
SPALLING EDGE REPAIR
PROJECT: SEWERAGE TUNNEL BUNG NONG BON TO
CHAOPHRAYA RIVER
24
[1] Chapter: Guildline For Repair, Page: 5
STECON
นที ท ชิน-ไทย เ คีเนีย แลนด์ ทอน หรือ น จํากัด (มหาชน)
SINCE THEM ENGINEERING SECTANTRUCTION POBLE COMPARTY (IMETER
Project: SEWERAGE TUNNEL BUNG NONG BON
TO CHAOPHRAYA RIVER
• แตกบินบริเวณ Gasket (Spalling Recesses)
A
I
C
B
-
Table3 Guideline for Recesses Repair
Action
Reference Method
A(mm.)
B(mm.)
C(mm.)
1.No Repair
<2
<2
2.Repair with
Cementious
RP-TN-03
2-10
5-30
0-10
Mortar
3.Reject
>10
>30
>10
Document No.
[4] Chapter: Guildline For Repair, Page: 7
STECON
บวิชา โน-ไทย เ คีเนียชิ่ง แอนด์ คอนสตรัคชั่น จํากัด (มหาชน)
Project: SEWERAGE TUNNEL BUNG NONG BON
SING THAI ENGINEERING & CONSTRUCTION PUBLIC COMPANY LIMITED
TO CHAOPHRAYA RIVER
ตารางแสดงวัสดุที่ใช้ซ่อมแซมความเสียหายประเภทต่างๆ
ประเภทของวัสดุซ่อมแซม
ประเภท
วิธีการ
ความ
Method
Reference | ปูนฉาบ | ปูนฉาบ
ซ่อม
อพอก
อีพ็อกซี่
วัสดุ
ซ่อม
ซเรซน มอรตาร เชอม
เชื่อม
เสียหาย
ซ่อมแซม
กำลังอัด
ประสาน
สูง
คอนกรีต
Repair with
Cementitious
RP-TN-01
Crack
Mortar
Repair with
RE-TN-02
Epoxy Resin
Repair with
Spalling
Cementitious
RP-TN-03
Edge
Mortar
Repair with
Spalling
Cementitious
RP-TN-03
Recesses
Mortar
Repair with
Voids or
Cementitious
RP-TN-04
Blowholes
Mortar
Repair with High
RP-TN-05
Strength Mortar
Document No.",extractive-fallback,"TYPE OF DAEMAGE
Crack
Spalling Edge
REPAIR PROCEDURE
Reference Method:
Spalling Recesses
Other.
TYPE OF DAEMAGE
Crack
Spalling Edge
REPAIR PROCEDURE
Reference Method:
Repair by:
Spalling Recesses
Other
Voids or Blowholes
To be Executed at:
Precast Yard
After Erection
ACCEPTANCE
The repair is inspected and accepted:
Yes
No
Action:
0
Production Engineer
QC Engineer
Consultant
Date................
[3] Chapter: Spalling Edge Repair, Page: 24
STECOM
บริษัท ชิโน-ไทย เอ็นจีเนียริ่ง แอนด์ คอนสตรัคชั่น จำกัด (มหาชน)
SINU THAI TNGINEERING & CONSTRUCTION PEBHC COMPAY TASHTEL
RP-TN-03
SPALLING EDGE REPAIR
PROJECT: SEWERAGE TUNNEL BUNG NONG BON TO
CHAOPHRAYA RIVER
24
[1] Chapter: Guildline For Repair, Page: 5
STECON
นที ท ชิน-ไทย เ คีเนีย แลนด์ ทอน หรือ น จํากัด (มหาชน)
SINCE THEM ENGINEERING SECTANTRUCTION POBLE COMPARTY (IMETER
Project: SEWERAGE TUNNEL BUNG NONG BON
TO CHAOPHRAYA RIVER
• แตกบินบริเวณ Gasket (Spalling Recesses)
A
I
C
B
-
Table3 Guideline for Recesses Repair
Action
Reference Method
A(mm.)
B(mm.)
C(mm.)
1.No Repair
<2
<2
2.Repair with
Cementious
RP-TN-03
2-10
5-30
0-10
Mortar
3.Reject
>10
>30
>10
Document No.
[4] Chapter: Guildline For Repair, Page: 7
STECON
บวิชา โน-ไทย เ คีเนียชิ่ง แอนด์ คอนสตรัคชั่น จํากัด (มหาชน)
Project: SEWERAGE TUNNEL BUNG NONG BON
SING THAI ENGINEERING & CONSTRUCTION PUBLIC COMPANY LIMITED
TO CHAOPHRAYA RIVER
ตารางแสดงวัสดุที่ใช้ซ่อมแซมความเสียหายประเภทต่างๆ
ประเภทของวัสดุซ่อมแซม
ประเภท
วิธีการ
ความ
Method
Reference | ปูนฉาบ | ปูนฉาบ
ซ่อม
อพอก
อีพ็อกซี่
วัสดุ
ซ่อม
ซเรซน มอรตาร เชอม
เชื่อม
เสียหาย
ซ่อมแซม
กำลังอัด
ประสาน
สูง
คอนกรีต
Repair with
Cementitious
RP-TN-01
Crack
Mortar
Repair with
RE-TN-02
Epoxy Resin
Repair with
Spalling
Cementitious
RP-TN-03
Edge
Mortar
Repair with
Spalling
Cementitious
RP-TN-03
Recesses
Mortar
Repair with
Voids or
Cementitious
RP-TN-04
Blowholes
Mortar
Repair with High
RP-TN-05
Strength Mortar
Document No."
 เกณฑ์การปฏิเสธชิ้นงาน (Reject) สำหรับความเสียหายประเภท Spalling Recesses คือเท่าใด, เมื่อขนาดความเสียหาย A > 10 มม. หรือ B > 30 มม. หรือ C > 10 มม.,5,Construction-Related,Material,"TYPE OF DAEMAGE
Crack
Spalling Edge
REPAIR PROCEDURE
Reference Method:
Spalling Recesses
Other.
Sharp Edge
A
c.At Corners
Table2 Guideline for Spalling Edge Repair
C
B
B
b.
[1] Chapter: Guildline For Repair, Page: 5
STECON
นที ท ชิน-ไทย เ คีเนีย แลนด์ ทอน หรือ น จํากัด (มหาชน)
SINCE THEM ENGINEERING SECTANTRUCTION POBLE COMPARTY (IMETER
Project: SEWERAGE TUNNEL BUNG NONG BON
TO CHAOPHRAYA RIVER
• แตกบินบริเวณ Gasket (Spalling Recesses)
A
I
C
B
-
Table3 Guideline for Recesses Repair
Action
Reference Method
A(mm.)
B(mm.)
C(mm.)
1.No Repair
<2
<2
2.Repair with
Cementious
RP-TN-03
2-10
5-30
0-10
Mortar
3.Reject
>10
>30
>10
Document No.
[5] Chapter: Guildline For Repair, Page: 7
STECON
บวิชา โน-ไทย เ คีเนียชิ่ง แอนด์ คอนสตรัคชั่น จํากัด (มหาชน)
Project: SEWERAGE TUNNEL BUNG NONG BON
SING THAI ENGINEERING & CONSTRUCTION PUBLIC COMPANY LIMITED
TO CHAOPHRAYA RIVER
ตารางแสดงวัสดุที่ใช้ซ่อมแซมความเสียหายประเภทต่างๆ
ประเภทของวัสดุซ่อมแซม
ประเภท
วิธีการ
ความ
Method
Reference | ปูนฉาบ | ปูนฉาบ
ซ่อม
อพอก
อีพ็อกซี่
วัสดุ
ซ่อม
ซเรซน มอรตาร เชอม
เชื่อม
เสียหาย
ซ่อมแซม
กำลังอัด
ประสาน
สูง
คอนกรีต
Repair with
Cementitious
RP-TN-01
Crack
Mortar
Repair with
RE-TN-02
Epoxy Resin
Repair with
Spalling
Cementitious
RP-TN-03
Edge
Mortar
Repair with
Spalling
Cementitious
RP-TN-03
Recesses
Mortar
Repair with
Voids or
Cementitious
RP-TN-04
Blowholes
Mortar
Repair with High
RP-TN-05
Strength Mortar
Document No.
Chamfered Edge
Action
Reference Method
1.No Repair
A(mm.)
B(mm.)
C(mm.)
<5
<5
<5
2.Repair with
Cementious
RP-TN-03
5-50
5-50
5-70
Mortar
3.Reject
>50
>50
>70
Or rebar exposed
Or rebar exposed
Or rebar exposed
Document No.","5
STECON
นที ท ชิน-ไทย เ คีเนีย แลนด์ ทอน หรือ น จํากัด (มหาชน)
SINCE THEM ENGINEERING SECTANTRUCTION POBLE COMPARTY (IMETER
Project: SEWERAGE TUNNEL BUNG NONG BON
TO CHAOPHRAYA RIVER
• แตกบินบริเวณ Gasket (Spalling Recesses)
A
I
C
B
-
Table3 Guideline for Recesses Repair
Action
Reference Method
A(mm.)
B(mm.)
C(mm.)
1.No Repair
<2
<2
2.Repair with
Cementious
RP-TN-03
2-10
5-30
0-10
Mortar
3.Reject
>10
>30
>10
Document No.
[5] Chapter: Guildline For Repair, Page: 7
STECON
บวิชา โน-ไทย เ คีเนียชิ่ง แอนด์ คอนสตรัคชั่น จํากัด (มหาชน)
Project: SEWERAGE TUNNEL BUNG NONG BON
SING THAI ENGINEERING & CONSTRUCTION PUBLIC COMPANY LIMITED
TO CHAOPHRAYA RIVER
ตารางแสดงวัสดุที่ใช้ซ่อมแซมความเสียหายประเภทต่างๆ
ประเภทของวัสดุซ่อมแซม
ประเภท
วิธีการ
ความ
Method
Reference | ปูนฉาบ | ปูนฉาบ
ซ่อม
อพอก
อีพ็อกซี่
วัสดุ
ซ่อม
ซเรซน มอรตาร เชอม
เชื่อม
เสียหาย
ซ่อมแซม
กำลังอัด
ประสาน
สูง
คอนกรีต
Repair with
Cementitious
RP-TN-01
Crack
Mortar
Repair with
RE-TN-02
Epoxy Resin
Repair with
Spalling
Cementitious
RP-TN-03
Edge
Mortar
Repair with
Spalling
Cementitious
RP-TN-03
Recesses
Mortar
Repair with
Voids or
Cementitious
RP-TN-04
Blowholes
Mortar
Repair with High
RP-TN-05
Strength Mortar
Document No.
Chamfered Edge
Action
Reference Method
1.No Repair
A(mm.)
B(mm.)
C(mm.)
<5
<5
<5
2.Repair with
Cementious
RP-TN-03
5-50
5-50
5-70
Mortar
3.Reject
>50
>50
>70
Or rebar exposed
Or rebar exposed
Or rebar exposed
Document No.",extractive-fallback,"TYPE OF DAEMAGE
Crack
Spalling Edge
REPAIR PROCEDURE
Reference Method:
Spalling Recesses
Other.
Sharp Edge
A
c.At Corners
Table2 Guideline for Spalling Edge Repair
C
B
B
b.
[1] Chapter: Guildline For Repair, Page: 5
STECON
นที ท ชิน-ไทย เ คีเนีย แลนด์ ทอน หรือ น จํากัด (มหาชน)
SINCE THEM ENGINEERING SECTANTRUCTION POBLE COMPARTY (IMETER
Project: SEWERAGE TUNNEL BUNG NONG BON
TO CHAOPHRAYA RIVER
• แตกบินบริเวณ Gasket (Spalling Recesses)
A
I
C
B
-
Table3 Guideline for Recesses Repair
Action
Reference Method
A(mm.)
B(mm.)
C(mm.)
1.No Repair
<2
<2
2.Repair with
Cementious
RP-TN-03
2-10
5-30
0-10
Mortar
3.Reject
>10
>30
>10
Document No.
[5] Chapter: Guildline For Repair, Page: 7
STECON
บวิชา โน-ไทย เ คีเนียชิ่ง แอนด์ คอนสตรัคชั่น จํากัด (มหาชน)
Project: SEWERAGE TUNNEL BUNG NONG BON
SING THAI ENGINEERING & CONSTRUCTION PUBLIC COMPANY LIMITED
TO CHAOPHRAYA RIVER
ตารางแสดงวัสดุที่ใช้ซ่อมแซมความเสียหายประเภทต่างๆ
ประเภทของวัสดุซ่อมแซม
ประเภท
วิธีการ
ความ
Method
Reference | ปูนฉาบ | ปูนฉาบ
ซ่อม
อพอก
อีพ็อกซี่
วัสดุ
ซ่อม
ซเรซน มอรตาร เชอม
เชื่อม
เสียหาย
ซ่อมแซม
กำลังอัด
ประสาน
สูง
คอนกรีต
Repair with
Cementitious
RP-TN-01
Crack
Mortar
Repair with
RE-TN-02
Epoxy Resin
Repair with
Spalling
Cementitious
RP-TN-03
Edge
Mortar
Repair with
Spalling
Cementitious
RP-TN-03
Recesses
Mortar
Repair with
Voids or
Cementitious
RP-TN-04
Blowholes
Mortar
Repair with High
RP-TN-05
Strength Mortar
Document No.
Chamfered Edge
Action
Reference Method
1.No Repair
A(mm.)
B(mm.)
C(mm.)
<5
<5
<5
2.Repair with
Cementious
RP-TN-03
5-50
5-50
5-70
Mortar
3.Reject
>50
>50
>70
Or rebar exposed
Or rebar exposed
Or rebar exposed
Document No.",Construction-Related,Material,"TYPE OF DAEMAGE
Crack
Spalling Edge
REPAIR PROCEDURE
Reference Method:
Spalling Recesses
Other.
Sharp Edge
A
c.At Corners
Table2 Guideline for Spalling Edge Repair
C
B
B
b.
[1] Chapter: Guildline For Repair, Page: 5
STECON
นที ท ชิน-ไทย เ คีเนีย แลนด์ ทอน หรือ น จํากัด (มหาชน)
SINCE THEM ENGINEERING SECTANTRUCTION POBLE COMPARTY (IMETER
Project: SEWERAGE TUNNEL BUNG NONG BON
TO CHAOPHRAYA RIVER
• แตกบินบริเวณ Gasket (Spalling Recesses)
A
I
C
B
-
Table3 Guideline for Recesses Repair
Action
Reference Method
A(mm.)
B(mm.)
C(mm.)
1.No Repair
<2
<2
2.Repair with
Cementious
RP-TN-03
2-10
5-30
0-10
Mortar
3.Reject
>10
>30
>10
Document No.
[5] Chapter: Guildline For Repair, Page: 7
STECON
บวิชา โน-ไทย เ คีเนียชิ่ง แอนด์ คอนสตรัคชั่น จํากัด (มหาชน)
Project: SEWERAGE TUNNEL BUNG NONG BON
SING THAI ENGINEERING & CONSTRUCTION PUBLIC COMPANY LIMITED
TO CHAOPHRAYA RIVER
ตารางแสดงวัสดุที่ใช้ซ่อมแซมความเสียหายประเภทต่างๆ
ประเภทของวัสดุซ่อมแซม
ประเภท
วิธีการ
ความ
Method
Reference | ปูนฉาบ | ปูนฉาบ
ซ่อม
อพอก
อีพ็อกซี่
วัสดุ
ซ่อม
ซเรซน มอรตาร เชอม
เชื่อม
เสียหาย
ซ่อมแซม
กำลังอัด
ประสาน
สูง
คอนกรีต
Repair with
Cementitious
RP-TN-01
Crack
Mortar
Repair with
RE-TN-02
Epoxy Resin
Repair with
Spalling
Cementitious
RP-TN-03
Edge
Mortar
Repair with
Spalling
Cementitious
RP-TN-03
Recesses
Mortar
Repair with
Voids or
Cementitious
RP-TN-04
Blowholes
Mortar
Repair with High
RP-TN-05
Strength Mortar
Document No.
Chamfered Edge
Action
Reference Method
1.No Repair
A(mm.)
B(mm.)
C(mm.)
<5
<5
<5
2.Repair with
Cementious
RP-TN-03
5-50
5-50
5-70
Mortar
3.Reject
>50
>50
>70
Or rebar exposed
Or rebar exposed
Or rebar exposed
Document No.","5
STECON
นที ท ชิน-ไทย เ คีเนีย แลนด์ ทอน หรือ น จํากัด (มหาชน)
SINCE THEM ENGINEERING SECTANTRUCTION POBLE COMPARTY (IMETER
Project: SEWERAGE TUNNEL BUNG NONG BON
TO CHAOPHRAYA RIVER
• แตกบินบริเวณ Gasket (Spalling Recesses)
A
I
C
B
-
Table3 Guideline for Recesses Repair
Action
Reference Method
A(mm.)
B(mm.)
C(mm.)
1.No Repair
<2
<2
2.Repair with
Cementious
RP-TN-03
2-10
5-30
0-10
Mortar
3.Reject
>10
>30
>10
Document No.
[5] Chapter: Guildline For Repair, Page: 7
STECON
บวิชา โน-ไทย เ คีเนียชิ่ง แอนด์ คอนสตรัคชั่น จํากัด (มหาชน)
Project: SEWERAGE TUNNEL BUNG NONG BON
SING THAI ENGINEERING & CONSTRUCTION PUBLIC COMPANY LIMITED
TO CHAOPHRAYA RIVER
ตารางแสดงวัสดุที่ใช้ซ่อมแซมความเสียหายประเภทต่างๆ
ประเภทของวัสดุซ่อมแซม
ประเภท
วิธีการ
ความ
Method
Reference | ปูนฉาบ | ปูนฉาบ
ซ่อม
อพอก
อีพ็อกซี่
วัสดุ
ซ่อม
ซเรซน มอรตาร เชอม
เชื่อม
เสียหาย
ซ่อมแซม
กำลังอัด
ประสาน
สูง
คอนกรีต
Repair with
Cementitious
RP-TN-01
Crack
Mortar
Repair with
RE-TN-02
Epoxy Resin
Repair with
Spalling
Cementitious
RP-TN-03
Edge
Mortar
Repair with
Spalling
Cementitious
RP-TN-03
Recesses
Mortar
Repair with
Voids or
Cementitious
RP-TN-04
Blowholes
Mortar
Repair with High
RP-TN-05
Strength Mortar
Document No.
Chamfered Edge
Action
Reference Method
1.No Repair
A(mm.)
B(mm.)
C(mm.)
<5
<5
<5
2.Repair with
Cementious
RP-TN-03
5-50
5-50
5-70
Mortar
3.Reject
>50
>50
>70
Or rebar exposed
Or rebar exposed
Or rebar exposed
Document No.",extractive-fallback,"TYPE OF DAEMAGE
Crack
Spalling Edge
REPAIR PROCEDURE
Reference Method:
Spalling Recesses
Other.
Sharp Edge
A
c.At Corners
Table2 Guideline for Spalling Edge Repair
C
B
B
b.
[1] Chapter: Guildline For Repair, Page: 5
STECON
นที ท ชิน-ไทย เ คีเนีย แลนด์ ทอน หรือ น จํากัด (มหาชน)
SINCE THEM ENGINEERING SECTANTRUCTION POBLE COMPARTY (IMETER
Project: SEWERAGE TUNNEL BUNG NONG BON
TO CHAOPHRAYA RIVER
• แตกบินบริเวณ Gasket (Spalling Recesses)
A
I
C
B
-
Table3 Guideline for Recesses Repair
Action
Reference Method
A(mm.)
B(mm.)
C(mm.)
1.No Repair
<2
<2
2.Repair with
Cementious
RP-TN-03
2-10
5-30
0-10
Mortar
3.Reject
>10
>30
>10
Document No.
[5] Chapter: Guildline For Repair, Page: 7
STECON
บวิชา โน-ไทย เ คีเนียชิ่ง แอนด์ คอนสตรัคชั่น จํากัด (มหาชน)
Project: SEWERAGE TUNNEL BUNG NONG BON
SING THAI ENGINEERING & CONSTRUCTION PUBLIC COMPANY LIMITED
TO CHAOPHRAYA RIVER
ตารางแสดงวัสดุที่ใช้ซ่อมแซมความเสียหายประเภทต่างๆ
ประเภทของวัสดุซ่อมแซม
ประเภท
วิธีการ
ความ
Method
Reference | ปูนฉาบ | ปูนฉาบ
ซ่อม
อพอก
อีพ็อกซี่
วัสดุ
ซ่อม
ซเรซน มอรตาร เชอม
เชื่อม
เสียหาย
ซ่อมแซม
กำลังอัด
ประสาน
สูง
คอนกรีต
Repair with
Cementitious
RP-TN-01
Crack
Mortar
Repair with
RE-TN-02
Epoxy Resin
Repair with
Spalling
Cementitious
RP-TN-03
Edge
Mortar
Repair with
Spalling
Cementitious
RP-TN-03
Recesses
Mortar
Repair with
Voids or
Cementitious
RP-TN-04
Blowholes
Mortar
Repair with High
RP-TN-05
Strength Mortar
Document No.
Chamfered Edge
Action
Reference Method
1.No Repair
A(mm.)
B(mm.)
C(mm.)
<5
<5
<5
2.Repair with
Cementious
RP-TN-03
5-50
5-50
5-70
Mortar
3.Reject
>50
>50
>70
Or rebar exposed
Or rebar exposed
Or rebar exposed
Document No.",Construction-Related,Material,"TYPE OF DAEMAGE
Crack
Spalling Edge
REPAIR PROCEDURE
Reference Method:
Spalling Recesses
Other.
Sharp Edge
A
c.At Corners
Table2 Guideline for Spalling Edge Repair
C
B
B
b.
[1] Chapter: Guildline For Repair, Page: 5
STECON
นที ท ชิน-ไทย เ คีเนีย แลนด์ ทอน หรือ น จํากัด (มหาชน)
SINCE THEM ENGINEERING SECTANTRUCTION POBLE COMPARTY (IMETER
Project: SEWERAGE TUNNEL BUNG NONG BON
TO CHAOPHRAYA RIVER
• แตกบินบริเวณ Gasket (Spalling Recesses)
A
I
C
B
-
Table3 Guideline for Recesses Repair
Action
Reference Method
A(mm.)
B(mm.)
C(mm.)
1.No Repair
<2
<2
2.Repair with
Cementious
RP-TN-03
2-10
5-30
0-10
Mortar
3.Reject
>10
>30
>10
Document No.
[5] Chapter: Guildline For Repair, Page: 7
STECON
บวิชา โน-ไทย เ คีเนียชิ่ง แอนด์ คอนสตรัคชั่น จํากัด (มหาชน)
Project: SEWERAGE TUNNEL BUNG NONG BON
SING THAI ENGINEERING & CONSTRUCTION PUBLIC COMPANY LIMITED
TO CHAOPHRAYA RIVER
ตารางแสดงวัสดุที่ใช้ซ่อมแซมความเสียหายประเภทต่างๆ
ประเภทของวัสดุซ่อมแซม
ประเภท
วิธีการ
ความ
Method
Reference | ปูนฉาบ | ปูนฉาบ
ซ่อม
อพอก
อีพ็อกซี่
วัสดุ
ซ่อม
ซเรซน มอรตาร เชอม
เชื่อม
เสียหาย
ซ่อมแซม
กำลังอัด
ประสาน
สูง
คอนกรีต
Repair with
Cementitious
RP-TN-01
Crack
Mortar
Repair with
RE-TN-02
Epoxy Resin
Repair with
Spalling
Cementitious
RP-TN-03
Edge
Mortar
Repair with
Spalling
Cementitious
RP-TN-03
Recesses
Mortar
Repair with
Voids or
Cementitious
RP-TN-04
Blowholes
Mortar
Repair with High
RP-TN-05
Strength Mortar
Document No.
Chamfered Edge
Action
Reference Method
1.No Repair
A(mm.)
B(mm.)
C(mm.)
<5
<5
<5
2.Repair with
Cementious
RP-TN-03
5-50
5-50
5-70
Mortar
3.Reject
>50
>50
>70
Or rebar exposed
Or rebar exposed
Or rebar exposed
Document No.","5
STECON
นที ท ชิน-ไทย เ คีเนีย แลนด์ ทอน หรือ น จํากัด (มหาชน)
SINCE THEM ENGINEERING SECTANTRUCTION POBLE COMPARTY (IMETER
Project: SEWERAGE TUNNEL BUNG NONG BON
TO CHAOPHRAYA RIVER
• แตกบินบริเวณ Gasket (Spalling Recesses)
A
I
C
B
-
Table3 Guideline for Recesses Repair
Action
Reference Method
A(mm.)
B(mm.)
C(mm.)
1.No Repair
<2
<2
2.Repair with
Cementious
RP-TN-03
2-10
5-30
0-10
Mortar
3.Reject
>10
>30
>10
Document No.
[5] Chapter: Guildline For Repair, Page: 7
STECON
บวิชา โน-ไทย เ คีเนียชิ่ง แอนด์ คอนสตรัคชั่น จํากัด (มหาชน)
Project: SEWERAGE TUNNEL BUNG NONG BON
SING THAI ENGINEERING & CONSTRUCTION PUBLIC COMPANY LIMITED
TO CHAOPHRAYA RIVER
ตารางแสดงวัสดุที่ใช้ซ่อมแซมความเสียหายประเภทต่างๆ
ประเภทของวัสดุซ่อมแซม
ประเภท
วิธีการ
ความ
Method
Reference | ปูนฉาบ | ปูนฉาบ
ซ่อม
อพอก
อีพ็อกซี่
วัสดุ
ซ่อม
ซเรซน มอรตาร เชอม
เชื่อม
เสียหาย
ซ่อมแซม
กำลังอัด
ประสาน
สูง
คอนกรีต
Repair with
Cementitious
RP-TN-01
Crack
Mortar
Repair with
RE-TN-02
Epoxy Resin
Repair with
Spalling
Cementitious
RP-TN-03
Edge
Mortar
Repair with
Spalling
Cementitious
RP-TN-03
Recesses
Mortar
Repair with
Voids or
Cementitious
RP-TN-04
Blowholes
Mortar
Repair with High
RP-TN-05
Strength Mortar
Document No.
Chamfered Edge
Action
Reference Method
1.No Repair
A(mm.)
B(mm.)
C(mm.)
<5
<5
<5
2.Repair with
Cementious
RP-TN-03
5-50
5-50
5-70
Mortar
3.Reject
>50
>50
>70
Or rebar exposed
Or rebar exposed
Or rebar exposed
Document No.",extractive-fallback,"TYPE OF DAEMAGE
Crack
Spalling Edge
REPAIR PROCEDURE
Reference Method:
Spalling Recesses
Other.
Sharp Edge
A
c.At Corners
Table2 Guideline for Spalling Edge Repair
C
B
B
b.
[1] Chapter: Guildline For Repair, Page: 5
STECON
นที ท ชิน-ไทย เ คีเนีย แลนด์ ทอน หรือ น จํากัด (มหาชน)
SINCE THEM ENGINEERING SECTANTRUCTION POBLE COMPARTY (IMETER
Project: SEWERAGE TUNNEL BUNG NONG BON
TO CHAOPHRAYA RIVER
• แตกบินบริเวณ Gasket (Spalling Recesses)
A
I
C
B
-
Table3 Guideline for Recesses Repair
Action
Reference Method
A(mm.)
B(mm.)
C(mm.)
1.No Repair
<2
<2
2.Repair with
Cementious
RP-TN-03
2-10
5-30
0-10
Mortar
3.Reject
>10
>30
>10
Document No.
[5] Chapter: Guildline For Repair, Page: 7
STECON
บวิชา โน-ไทย เ คีเนียชิ่ง แอนด์ คอนสตรัคชั่น จํากัด (มหาชน)
Project: SEWERAGE TUNNEL BUNG NONG BON
SING THAI ENGINEERING & CONSTRUCTION PUBLIC COMPANY LIMITED
TO CHAOPHRAYA RIVER
ตารางแสดงวัสดุที่ใช้ซ่อมแซมความเสียหายประเภทต่างๆ
ประเภทของวัสดุซ่อมแซม
ประเภท
วิธีการ
ความ
Method
Reference | ปูนฉาบ | ปูนฉาบ
ซ่อม
อพอก
อีพ็อกซี่
วัสดุ
ซ่อม
ซเรซน มอรตาร เชอม
เชื่อม
เสียหาย
ซ่อมแซม
กำลังอัด
ประสาน
สูง
คอนกรีต
Repair with
Cementitious
RP-TN-01
Crack
Mortar
Repair with
RE-TN-02
Epoxy Resin
Repair with
Spalling
Cementitious
RP-TN-03
Edge
Mortar
Repair with
Spalling
Cementitious
RP-TN-03
Recesses
Mortar
Repair with
Voids or
Cementitious
RP-TN-04
Blowholes
Mortar
Repair with High
RP-TN-05
Strength Mortar
Document No.
Chamfered Edge
Action
Reference Method
1.No Repair
A(mm.)
B(mm.)
C(mm.)
<5
<5
<5
2.Repair with
Cementious
RP-TN-03
5-50
5-50
5-70
Mortar
3.Reject
>50
>50
>70
Or rebar exposed
Or rebar exposed
Or rebar exposed
Document No.",Construction-Related,Material,"TYPE OF DAEMAGE
Crack
Spalling Edge
REPAIR PROCEDURE
Reference Method:
Spalling Recesses
Other.
Sharp Edge
A
c.At Corners
Table2 Guideline for Spalling Edge Repair
C
B
B
b.
[1] Chapter: Guildline For Repair, Page: 5
STECON
นที ท ชิน-ไทย เ คีเนีย แลนด์ ทอน หรือ น จํากัด (มหาชน)
SINCE THEM ENGINEERING SECTANTRUCTION POBLE COMPARTY (IMETER
Project: SEWERAGE TUNNEL BUNG NONG BON
TO CHAOPHRAYA RIVER
• แตกบินบริเวณ Gasket (Spalling Recesses)
A
I
C
B
-
Table3 Guideline for Recesses Repair
Action
Reference Method
A(mm.)
B(mm.)
C(mm.)
1.No Repair
<2
<2
2.Repair with
Cementious
RP-TN-03
2-10
5-30
0-10
Mortar
3.Reject
>10
>30
>10
Document No.
[5] Chapter: Guildline For Repair, Page: 7
STECON
บวิชา โน-ไทย เ คีเนียชิ่ง แอนด์ คอนสตรัคชั่น จํากัด (มหาชน)
Project: SEWERAGE TUNNEL BUNG NONG BON
SING THAI ENGINEERING & CONSTRUCTION PUBLIC COMPANY LIMITED
TO CHAOPHRAYA RIVER
ตารางแสดงวัสดุที่ใช้ซ่อมแซมความเสียหายประเภทต่างๆ
ประเภทของวัสดุซ่อมแซม
ประเภท
วิธีการ
ความ
Method
Reference | ปูนฉาบ | ปูนฉาบ
ซ่อม
อพอก
อีพ็อกซี่
วัสดุ
ซ่อม
ซเรซน มอรตาร เชอม
เชื่อม
เสียหาย
ซ่อมแซม
กำลังอัด
ประสาน
สูง
คอนกรีต
Repair with
Cementitious
RP-TN-01
Crack
Mortar
Repair with
RE-TN-02
Epoxy Resin
Repair with
Spalling
Cementitious
RP-TN-03
Edge
Mortar
Repair with
Spalling
Cementitious
RP-TN-03
Recesses
Mortar
Repair with
Voids or
Cementitious
RP-TN-04
Blowholes
Mortar
Repair with High
RP-TN-05
Strength Mortar
Document No.
Chamfered Edge
Action
Reference Method
1.No Repair
A(mm.)
B(mm.)
C(mm.)
<5
<5
<5
2.Repair with
Cementious
RP-TN-03
5-50
5-50
5-70
Mortar
3.Reject
>50
>50
>70
Or rebar exposed
Or rebar exposed
Or rebar exposed
Document No.","5
STECON
นที ท ชิน-ไทย เ คีเนีย แลนด์ ทอน หรือ น จํากัด (มหาชน)
SINCE THEM ENGINEERING SECTANTRUCTION POBLE COMPARTY (IMETER
Project: SEWERAGE TUNNEL BUNG NONG BON
TO CHAOPHRAYA RIVER
• แตกบินบริเวณ Gasket (Spalling Recesses)
A
I
C
B
-
Table3 Guideline for Recesses Repair
Action
Reference Method
A(mm.)
B(mm.)
C(mm.)
1.No Repair
<2
<2
2.Repair with
Cementious
RP-TN-03
2-10
5-30
0-10
Mortar
3.Reject
>10
>30
>10
Document No.
[5] Chapter: Guildline For Repair, Page: 7
STECON
บวิชา โน-ไทย เ คีเนียชิ่ง แอนด์ คอนสตรัคชั่น จํากัด (มหาชน)
Project: SEWERAGE TUNNEL BUNG NONG BON
SING THAI ENGINEERING & CONSTRUCTION PUBLIC COMPANY LIMITED
TO CHAOPHRAYA RIVER
ตารางแสดงวัสดุที่ใช้ซ่อมแซมความเสียหายประเภทต่างๆ
ประเภทของวัสดุซ่อมแซม
ประเภท
วิธีการ
ความ
Method
Reference | ปูนฉาบ | ปูนฉาบ
ซ่อม
อพอก
อีพ็อกซี่
วัสดุ
ซ่อม
ซเรซน มอรตาร เชอม
เชื่อม
เสียหาย
ซ่อมแซม
กำลังอัด
ประสาน
สูง
คอนกรีต
Repair with
Cementitious
RP-TN-01
Crack
Mortar
Repair with
RE-TN-02
Epoxy Resin
Repair with
Spalling
Cementitious
RP-TN-03
Edge
Mortar
Repair with
Spalling
Cementitious
RP-TN-03
Recesses
Mortar
Repair with
Voids or
Cementitious
RP-TN-04
Blowholes
Mortar
Repair with High
RP-TN-05
Strength Mortar
Document No.
Chamfered Edge
Action
Reference Method
1.No Repair
A(mm.)
B(mm.)
C(mm.)
<5
<5
<5
2.Repair with
Cementious
RP-TN-03
5-50
5-50
5-70
Mortar
3.Reject
>50
>50
>70
Or rebar exposed
Or rebar exposed
Or rebar exposed
Document No.",extractive-fallback,"TYPE OF DAEMAGE
Crack
Spalling Edge
REPAIR PROCEDURE
Reference Method:
Spalling Recesses
Other.
Sharp Edge
A
c.At Corners
Table2 Guideline for Spalling Edge Repair
C
B
B
b.
[1] Chapter: Guildline For Repair, Page: 5
STECON
นที ท ชิน-ไทย เ คีเนีย แลนด์ ทอน หรือ น จํากัด (มหาชน)
SINCE THEM ENGINEERING SECTANTRUCTION POBLE COMPARTY (IMETER
Project: SEWERAGE TUNNEL BUNG NONG BON
TO CHAOPHRAYA RIVER
• แตกบินบริเวณ Gasket (Spalling Recesses)
A
I
C
B
-
Table3 Guideline for Recesses Repair
Action
Reference Method
A(mm.)
B(mm.)
C(mm.)
1.No Repair
<2
<2
2.Repair with
Cementious
RP-TN-03
2-10
5-30
0-10
Mortar
3.Reject
>10
>30
>10
Document No.
[5] Chapter: Guildline For Repair, Page: 7
STECON
บวิชา โน-ไทย เ คีเนียชิ่ง แอนด์ คอนสตรัคชั่น จํากัด (มหาชน)
Project: SEWERAGE TUNNEL BUNG NONG BON
SING THAI ENGINEERING & CONSTRUCTION PUBLIC COMPANY LIMITED
TO CHAOPHRAYA RIVER
ตารางแสดงวัสดุที่ใช้ซ่อมแซมความเสียหายประเภทต่างๆ
ประเภทของวัสดุซ่อมแซม
ประเภท
วิธีการ
ความ
Method
Reference | ปูนฉาบ | ปูนฉาบ
ซ่อม
อพอก
อีพ็อกซี่
วัสดุ
ซ่อม
ซเรซน มอรตาร เชอม
เชื่อม
เสียหาย
ซ่อมแซม
กำลังอัด
ประสาน
สูง
คอนกรีต
Repair with
Cementitious
RP-TN-01
Crack
Mortar
Repair with
RE-TN-02
Epoxy Resin
Repair with
Spalling
Cementitious
RP-TN-03
Edge
Mortar
Repair with
Spalling
Cementitious
RP-TN-03
Recesses
Mortar
Repair with
Voids or
Cementitious
RP-TN-04
Blowholes
Mortar
Repair with High
RP-TN-05
Strength Mortar
Document No.
Chamfered Edge
Action
Reference Method
1.No Repair
A(mm.)
B(mm.)
C(mm.)
<5
<5
<5
2.Repair with
Cementious
RP-TN-03
5-50
5-50
5-70
Mortar
3.Reject
>50
>50
>70
Or rebar exposed
Or rebar exposed
Or rebar exposed
Document No."
 การตรวจสอบรูฟองอากาศ (Voids or Blowholes) แบ่งตำแหน่งการตรวจสอบเป็นกี่จุด อะไรบ้าง, แบ่งเป็น 3 จุด ได้แก่:A. Outside Surface (ผิวด้านนอก)B. Inside Surface (ผิวด้านใน)C. Gasket Surface (ผิวบริเวณ Gasket),6,Construction-Related,Repair Method,"[1] Chapter: Voids And Blowholes Repair, Page: 32
[
STECON
- ()
SING THEM EIGINIERING & CORRUCAPANY LIMITED
RP-TN-04
VOIDS AND BLOWHOLES REPAIR
PROJECT: SEWERAGE TUNNEL BUNG NONG BON TO
CHAOPHRAYA RIVER
32
Voids or Blowholes
Repair by:
To be Executed at:
Precast Yard
After Erection
ACCEPTANCE
The repair is inspected and accepted:
Yes
No
Action:
Production Engineer
QC Engineer
Consultant
Date.../........
[2] Chapter: Voids And Blowholes Repair With High Strength Mortar, Page: 38
STECON
บริษัท ซิโน-ไทย เอ็น เนียริ่ง แอนด์ คอนสตรัคชั่น จํากัด (มหาชน)
SING THAI ENGINEERING & CONSTRUCTION PUBLIC COMPANY LIMITED
RP-TN-05
VOIDS AND BLOWHOLES REPAIR
(WITH HIGH STRENGTH MORTAR)
PROJECT : SEWERAGE TUNNEL BUNG NONG BON TO
CHAOPHRAYA RIVER
38
[3] Chapter: Guildline For Repair, Page: 6
STECON
บริษัท ชิโน-ไทย เ รี ย ง แอนด์ คอนสตรัคชั่น จำกัด (มหาชน)
SINO-THA ENGINEERING & CONSTRUCTION PUBLIC COMPANY LIMITED
Project: SEWERAGE TUNNEL BUNG NONG BON
TO CHAOPHRAYA RIVER
[
• รูฟองอากาศ (Voids or Blowholes)
[
[
[
A.Outside Surface
B.Inside Surface
[
[
[
C.Gasket Surface
Table4 Guideline for Voids or Blowholes Repair
[
Action
1.No Repair
Reference Method
[
2.Repair with
Cementitious
Mortar
A(mm.)
B(mm.)
C(mm.)
Wide: <2
RP-TN-04
Wide: A≤10
Depth: A≤10
Wide: 2<B≤10
Depth: B≤10
Wide: C≤10
Depth: C≤10
3.Repair with
High Strength
RP-TN-05
Mortar
Wide: A>10
Depth: A>10
Wide: A>10
Depth: A>10
Wide A 10
Depth: A>10
Rebar exposed
Rebar exposed
Rebar exposed
[
[
4.Reject
Document No.","32
[
STECON
- ()
SING THEM EIGINIERING & CORRUCAPANY LIMITED
RP-TN-04
VOIDS AND BLOWHOLES REPAIR
PROJECT: SEWERAGE TUNNEL BUNG NONG BON TO
CHAOPHRAYA RIVER
32
Voids or Blowholes
Repair by:
To be Executed at:
Precast Yard
After Erection
ACCEPTANCE
The repair is inspected and accepted:
Yes
No
Action:
Production Engineer
QC Engineer
Consultant
Date.../........
[2] Chapter: Voids And Blowholes Repair With High Strength Mortar, Page: 38
STECON
บริษัท ซิโน-ไทย เอ็น เนียริ่ง แอนด์ คอนสตรัคชั่น จํากัด (มหาชน)
SING THAI ENGINEERING & CONSTRUCTION PUBLIC COMPANY LIMITED
RP-TN-05
VOIDS AND BLOWHOLES REPAIR
(WITH HIGH STRENGTH MORTAR)
PROJECT : SEWERAGE TUNNEL BUNG NONG BON TO
CHAOPHRAYA RIVER
38
[3] Chapter: Guildline For Repair, Page: 6
STECON
บริษัท ชิโน-ไทย เ รี ย ง แอนด์ คอนสตรัคชั่น จำกัด (มหาชน)
SINO-THA ENGINEERING & CONSTRUCTION PUBLIC COMPANY LIMITED
Project: SEWERAGE TUNNEL BUNG NONG BON
TO CHAOPHRAYA RIVER
[
• รูฟองอากาศ (Voids or Blowholes)
[
[
[
A.Outside Surface
B.Inside Surface
[
[
[
C.Gasket Surface
Table4 Guideline for Voids or Blowholes Repair
[
Action
1.No Repair
Reference Method
[
2.Repair with
Cementitious
Mortar
A(mm.)
B(mm.)
C(mm.)
Wide: <2
RP-TN-04
Wide: A≤10
Depth: A≤10
Wide: 2<B≤10
Depth: B≤10
Wide: C≤10
Depth: C≤10
3.Repair with
High Strength
RP-TN-05
Mortar
Wide: A>10
Depth: A>10
Wide: A>10
Depth: A>10
Wide A 10
Depth: A>10
Rebar exposed
Rebar exposed
Rebar exposed
[
[
4.Reject
Document No.",extractive-fallback,"[1] Chapter: Voids And Blowholes Repair, Page: 32
[
STECON
- ()
SING THEM EIGINIERING & CORRUCAPANY LIMITED
RP-TN-04
VOIDS AND BLOWHOLES REPAIR
PROJECT: SEWERAGE TUNNEL BUNG NONG BON TO
CHAOPHRAYA RIVER
32
Voids or Blowholes
Repair by:
To be Executed at:
Precast Yard
After Erection
ACCEPTANCE
The repair is inspected and accepted:
Yes
No
Action:
Production Engineer
QC Engineer
Consultant
Date.../........
[2] Chapter: Voids And Blowholes Repair With High Strength Mortar, Page: 38
STECON
บริษัท ซิโน-ไทย เอ็น เนียริ่ง แอนด์ คอนสตรัคชั่น จํากัด (มหาชน)
SING THAI ENGINEERING & CONSTRUCTION PUBLIC COMPANY LIMITED
RP-TN-05
VOIDS AND BLOWHOLES REPAIR
(WITH HIGH STRENGTH MORTAR)
PROJECT : SEWERAGE TUNNEL BUNG NONG BON TO
CHAOPHRAYA RIVER
38
[3] Chapter: Guildline For Repair, Page: 6
STECON
บริษัท ชิโน-ไทย เ รี ย ง แอนด์ คอนสตรัคชั่น จำกัด (มหาชน)
SINO-THA ENGINEERING & CONSTRUCTION PUBLIC COMPANY LIMITED
Project: SEWERAGE TUNNEL BUNG NONG BON
TO CHAOPHRAYA RIVER
[
• รูฟองอากาศ (Voids or Blowholes)
[
[
[
A.Outside Surface
B.Inside Surface
[
[
[
C.Gasket Surface
Table4 Guideline for Voids or Blowholes Repair
[
Action
1.No Repair
Reference Method
[
2.Repair with
Cementitious
Mortar
A(mm.)
B(mm.)
C(mm.)
Wide: <2
RP-TN-04
Wide: A≤10
Depth: A≤10
Wide: 2<B≤10
Depth: B≤10
Wide: C≤10
Depth: C≤10
3.Repair with
High Strength
RP-TN-05
Mortar
Wide: A>10
Depth: A>10
Wide: A>10
Depth: A>10
Wide A 10
Depth: A>10
Rebar exposed
Rebar exposed
Rebar exposed
[
[
4.Reject
Document No.",Construction-Related,Repair Method,"[1] Chapter: Voids And Blowholes Repair, Page: 32
[
STECON
- ()
SING THEM EIGINIERING & CORRUCAPANY LIMITED
RP-TN-04
VOIDS AND BLOWHOLES REPAIR
PROJECT: SEWERAGE TUNNEL BUNG NONG BON TO
CHAOPHRAYA RIVER
32
Voids or Blowholes
Repair by:
To be Executed at:
Precast Yard
After Erection
ACCEPTANCE
The repair is inspected and accepted:
Yes
No
Action:
Production Engineer
QC Engineer
Consultant
Date.../........
[2] Chapter: Voids And Blowholes Repair With High Strength Mortar, Page: 38
STECON
บริษัท ซิโน-ไทย เอ็น เนียริ่ง แอนด์ คอนสตรัคชั่น จํากัด (มหาชน)
SING THAI ENGINEERING & CONSTRUCTION PUBLIC COMPANY LIMITED
RP-TN-05
VOIDS AND BLOWHOLES REPAIR
(WITH HIGH STRENGTH MORTAR)
PROJECT : SEWERAGE TUNNEL BUNG NONG BON TO
CHAOPHRAYA RIVER
38
[3] Chapter: Guildline For Repair, Page: 6
STECON
บริษัท ชิโน-ไทย เ รี ย ง แอนด์ คอนสตรัคชั่น จำกัด (มหาชน)
SINO-THA ENGINEERING & CONSTRUCTION PUBLIC COMPANY LIMITED
Project: SEWERAGE TUNNEL BUNG NONG BON
TO CHAOPHRAYA RIVER
[
• รูฟองอากาศ (Voids or Blowholes)
[
[
[
A.Outside Surface
B.Inside Surface
[
[
[
C.Gasket Surface
Table4 Guideline for Voids or Blowholes Repair
[
Action
1.No Repair
Reference Method
[
2.Repair with
Cementitious
Mortar
A(mm.)
B(mm.)
C(mm.)
Wide: <2
RP-TN-04
Wide: A≤10
Depth: A≤10
Wide: 2<B≤10
Depth: B≤10
Wide: C≤10
Depth: C≤10
3.Repair with
High Strength
RP-TN-05
Mortar
Wide: A>10
Depth: A>10
Wide: A>10
Depth: A>10
Wide A 10
Depth: A>10
Rebar exposed
Rebar exposed
Rebar exposed
[
[
4.Reject
Document No.","32
[
STECON
- ()
SING THEM EIGINIERING & CORRUCAPANY LIMITED
RP-TN-04
VOIDS AND BLOWHOLES REPAIR
PROJECT: SEWERAGE TUNNEL BUNG NONG BON TO
CHAOPHRAYA RIVER
32
Voids or Blowholes
Repair by:
To be Executed at:
Precast Yard
After Erection
ACCEPTANCE
The repair is inspected and accepted:
Yes
No
Action:
Production Engineer
QC Engineer
Consultant
Date.../........
[2] Chapter: Voids And Blowholes Repair With High Strength Mortar, Page: 38
STECON
บริษัท ซิโน-ไทย เอ็น เนียริ่ง แอนด์ คอนสตรัคชั่น จํากัด (มหาชน)
SING THAI ENGINEERING & CONSTRUCTION PUBLIC COMPANY LIMITED
RP-TN-05
VOIDS AND BLOWHOLES REPAIR
(WITH HIGH STRENGTH MORTAR)
PROJECT : SEWERAGE TUNNEL BUNG NONG BON TO
CHAOPHRAYA RIVER
38
[3] Chapter: Guildline For Repair, Page: 6
STECON
บริษัท ชิโน-ไทย เ รี ย ง แอนด์ คอนสตรัคชั่น จำกัด (มหาชน)
SINO-THA ENGINEERING & CONSTRUCTION PUBLIC COMPANY LIMITED
Project: SEWERAGE TUNNEL BUNG NONG BON
TO CHAOPHRAYA RIVER
[
• รูฟองอากาศ (Voids or Blowholes)
[
[
[
A.Outside Surface
B.Inside Surface
[
[
[
C.Gasket Surface
Table4 Guideline for Voids or Blowholes Repair
[
Action
1.No Repair
Reference Method
[
2.Repair with
Cementitious
Mortar
A(mm.)
B(mm.)
C(mm.)
Wide: <2
RP-TN-04
Wide: A≤10
Depth: A≤10
Wide: 2<B≤10
Depth: B≤10
Wide: C≤10
Depth: C≤10
3.Repair with
High Strength
RP-TN-05
Mortar
Wide: A>10
Depth: A>10
Wide: A>10
Depth: A>10
Wide A 10
Depth: A>10
Rebar exposed
Rebar exposed
Rebar exposed
[
[
4.Reject
Document No.",extractive-fallback,"[1] Chapter: Voids And Blowholes Repair, Page: 32
[
STECON
- ()
SING THEM EIGINIERING & CORRUCAPANY LIMITED
RP-TN-04
VOIDS AND BLOWHOLES REPAIR
PROJECT: SEWERAGE TUNNEL BUNG NONG BON TO
CHAOPHRAYA RIVER
32
Voids or Blowholes
Repair by:
To be Executed at:
Precast Yard
After Erection
ACCEPTANCE
The repair is inspected and accepted:
Yes
No
Action:
Production Engineer
QC Engineer
Consultant
Date.../........
[2] Chapter: Voids And Blowholes Repair With High Strength Mortar, Page: 38
STECON
บริษัท ซิโน-ไทย เอ็น เนียริ่ง แอนด์ คอนสตรัคชั่น จํากัด (มหาชน)
SING THAI ENGINEERING & CONSTRUCTION PUBLIC COMPANY LIMITED
RP-TN-05
VOIDS AND BLOWHOLES REPAIR
(WITH HIGH STRENGTH MORTAR)
PROJECT : SEWERAGE TUNNEL BUNG NONG BON TO
CHAOPHRAYA RIVER
38
[3] Chapter: Guildline For Repair, Page: 6
STECON
บริษัท ชิโน-ไทย เ รี ย ง แอนด์ คอนสตรัคชั่น จำกัด (มหาชน)
SINO-THA ENGINEERING & CONSTRUCTION PUBLIC COMPANY LIMITED
Project: SEWERAGE TUNNEL BUNG NONG BON
TO CHAOPHRAYA RIVER
[
• รูฟองอากาศ (Voids or Blowholes)
[
[
[
A.Outside Surface
B.Inside Surface
[
[
[
C.Gasket Surface
Table4 Guideline for Voids or Blowholes Repair
[
Action
1.No Repair
Reference Method
[
2.Repair with
Cementitious
Mortar
A(mm.)
B(mm.)
C(mm.)
Wide: <2
RP-TN-04
Wide: A≤10
Depth: A≤10
Wide: 2<B≤10
Depth: B≤10
Wide: C≤10
Depth: C≤10
3.Repair with
High Strength
RP-TN-05
Mortar
Wide: A>10
Depth: A>10
Wide: A>10
Depth: A>10
Wide A 10
Depth: A>10
Rebar exposed
Rebar exposed
Rebar exposed
[
[
4.Reject
Document No.",Construction-Related,Repair Method,"[1] Chapter: Voids And Blowholes Repair, Page: 32
[
STECON
- ()
SING THEM EIGINIERING & CORRUCAPANY LIMITED
RP-TN-04
VOIDS AND BLOWHOLES REPAIR
PROJECT: SEWERAGE TUNNEL BUNG NONG BON TO
CHAOPHRAYA RIVER
32
Voids or Blowholes
Repair by:
To be Executed at:
Precast Yard
After Erection
ACCEPTANCE
The repair is inspected and accepted:
Yes
No
Action:
Production Engineer
QC Engineer
Consultant
Date.../........
[2] Chapter: Voids And Blowholes Repair With High Strength Mortar, Page: 38
STECON
บริษัท ซิโน-ไทย เอ็น เนียริ่ง แอนด์ คอนสตรัคชั่น จํากัด (มหาชน)
SING THAI ENGINEERING & CONSTRUCTION PUBLIC COMPANY LIMITED
RP-TN-05
VOIDS AND BLOWHOLES REPAIR
(WITH HIGH STRENGTH MORTAR)
PROJECT : SEWERAGE TUNNEL BUNG NONG BON TO
CHAOPHRAYA RIVER
38
[3] Chapter: Guildline For Repair, Page: 6
STECON
บริษัท ชิโน-ไทย เ รี ย ง แอนด์ คอนสตรัคชั่น จำกัด (มหาชน)
SINO-THA ENGINEERING & CONSTRUCTION PUBLIC COMPANY LIMITED
Project: SEWERAGE TUNNEL BUNG NONG BON
TO CHAOPHRAYA RIVER
[
• รูฟองอากาศ (Voids or Blowholes)
[
[
[
A.Outside Surface
B.Inside Surface
[
[
[
C.Gasket Surface
Table4 Guideline for Voids or Blowholes Repair
[
Action
1.No Repair
Reference Method
[
2.Repair with
Cementitious
Mortar
A(mm.)
B(mm.)
C(mm.)
Wide: <2
RP-TN-04
Wide: A≤10
Depth: A≤10
Wide: 2<B≤10
Depth: B≤10
Wide: C≤10
Depth: C≤10
3.Repair with
High Strength
RP-TN-05
Mortar
Wide: A>10
Depth: A>10
Wide: A>10
Depth: A>10
Wide A 10
Depth: A>10
Rebar exposed
Rebar exposed
Rebar exposed
[
[
4.Reject
Document No.","32
[
STECON
- ()
SING THEM EIGINIERING & CORRUCAPANY LIMITED
RP-TN-04
VOIDS AND BLOWHOLES REPAIR
PROJECT: SEWERAGE TUNNEL BUNG NONG BON TO
CHAOPHRAYA RIVER
32
Voids or Blowholes
Repair by:
To be Executed at:
Precast Yard
After Erection
ACCEPTANCE
The repair is inspected and accepted:
Yes
No
Action:
Production Engineer
QC Engineer
Consultant
Date.../........
[2] Chapter: Voids And Blowholes Repair With High Strength Mortar, Page: 38
STECON
บริษัท ซิโน-ไทย เอ็น เนียริ่ง แอนด์ คอนสตรัคชั่น จํากัด (มหาชน)
SING THAI ENGINEERING & CONSTRUCTION PUBLIC COMPANY LIMITED
RP-TN-05
VOIDS AND BLOWHOLES REPAIR
(WITH HIGH STRENGTH MORTAR)
PROJECT : SEWERAGE TUNNEL BUNG NONG BON TO
CHAOPHRAYA RIVER
38
[3] Chapter: Guildline For Repair, Page: 6
STECON
บริษัท ชิโน-ไทย เ รี ย ง แอนด์ คอนสตรัคชั่น จำกัด (มหาชน)
SINO-THA ENGINEERING & CONSTRUCTION PUBLIC COMPANY LIMITED
Project: SEWERAGE TUNNEL BUNG NONG BON
TO CHAOPHRAYA RIVER
[
• รูฟองอากาศ (Voids or Blowholes)
[
[
[
A.Outside Surface
B.Inside Surface
[
[
[
C.Gasket Surface
Table4 Guideline for Voids or Blowholes Repair
[
Action
1.No Repair
Reference Method
[
2.Repair with
Cementitious
Mortar
A(mm.)
B(mm.)
C(mm.)
Wide: <2
RP-TN-04
Wide: A≤10
Depth: A≤10
Wide: 2<B≤10
Depth: B≤10
Wide: C≤10
Depth: C≤10
3.Repair with
High Strength
RP-TN-05
Mortar
Wide: A>10
Depth: A>10
Wide: A>10
Depth: A>10
Wide A 10
Depth: A>10
Rebar exposed
Rebar exposed
Rebar exposed
[
[
4.Reject
Document No.",extractive-fallback,"[1] Chapter: Voids And Blowholes Repair, Page: 32
[
STECON
- ()
SING THEM EIGINIERING & CORRUCAPANY LIMITED
RP-TN-04
VOIDS AND BLOWHOLES REPAIR
PROJECT: SEWERAGE TUNNEL BUNG NONG BON TO
CHAOPHRAYA RIVER
32
Voids or Blowholes
Repair by:
To be Executed at:
Precast Yard
After Erection
ACCEPTANCE
The repair is inspected and accepted:
Yes
No
Action:
Production Engineer
QC Engineer
Consultant
Date.../........
[2] Chapter: Voids And Blowholes Repair With High Strength Mortar, Page: 38
STECON
บริษัท ซิโน-ไทย เอ็น เนียริ่ง แอนด์ คอนสตรัคชั่น จํากัด (มหาชน)
SING THAI ENGINEERING & CONSTRUCTION PUBLIC COMPANY LIMITED
RP-TN-05
VOIDS AND BLOWHOLES REPAIR
(WITH HIGH STRENGTH MORTAR)
PROJECT : SEWERAGE TUNNEL BUNG NONG BON TO
CHAOPHRAYA RIVER
38
[3] Chapter: Guildline For Repair, Page: 6
STECON
บริษัท ชิโน-ไทย เ รี ย ง แอนด์ คอนสตรัคชั่น จำกัด (มหาชน)
SINO-THA ENGINEERING & CONSTRUCTION PUBLIC COMPANY LIMITED
Project: SEWERAGE TUNNEL BUNG NONG BON
TO CHAOPHRAYA RIVER
[
• รูฟองอากาศ (Voids or Blowholes)
[
[
[
A.Outside Surface
B.Inside Surface
[
[
[
C.Gasket Surface
Table4 Guideline for Voids or Blowholes Repair
[
Action
1.No Repair
Reference Method
[
2.Repair with
Cementitious
Mortar
A(mm.)
B(mm.)
C(mm.)
Wide: <2
RP-TN-04
Wide: A≤10
Depth: A≤10
Wide: 2<B≤10
Depth: B≤10
Wide: C≤10
Depth: C≤10
3.Repair with
High Strength
RP-TN-05
Mortar
Wide: A>10
Depth: A>10
Wide: A>10
Depth: A>10
Wide A 10
Depth: A>10
Rebar exposed
Rebar exposed
Rebar exposed
[
[
4.Reject
Document No.",Construction-Related,Repair Method,"[1] Chapter: Voids And Blowholes Repair, Page: 32
[
STECON
- ()
SING THEM EIGINIERING & CORRUCAPANY LIMITED
RP-TN-04
VOIDS AND BLOWHOLES REPAIR
PROJECT: SEWERAGE TUNNEL BUNG NONG BON TO
CHAOPHRAYA RIVER
32
Voids or Blowholes
Repair by:
To be Executed at:
Precast Yard
After Erection
ACCEPTANCE
The repair is inspected and accepted:
Yes
No
Action:
Production Engineer
QC Engineer
Consultant
Date.../........
[2] Chapter: Voids And Blowholes Repair With High Strength Mortar, Page: 38
STECON
บริษัท ซิโน-ไทย เอ็น เนียริ่ง แอนด์ คอนสตรัคชั่น จํากัด (มหาชน)
SING THAI ENGINEERING & CONSTRUCTION PUBLIC COMPANY LIMITED
RP-TN-05
VOIDS AND BLOWHOLES REPAIR
(WITH HIGH STRENGTH MORTAR)
PROJECT : SEWERAGE TUNNEL BUNG NONG BON TO
CHAOPHRAYA RIVER
38
[3] Chapter: Guildline For Repair, Page: 6
STECON
บริษัท ชิโน-ไทย เ รี ย ง แอนด์ คอนสตรัคชั่น จำกัด (มหาชน)
SINO-THA ENGINEERING & CONSTRUCTION PUBLIC COMPANY LIMITED
Project: SEWERAGE TUNNEL BUNG NONG BON
TO CHAOPHRAYA RIVER
[
• รูฟองอากาศ (Voids or Blowholes)
[
[
[
A.Outside Surface
B.Inside Surface
[
[
[
C.Gasket Surface
Table4 Guideline for Voids or Blowholes Repair
[
Action
1.No Repair
Reference Method
[
2.Repair with
Cementitious
Mortar
A(mm.)
B(mm.)
C(mm.)
Wide: <2
RP-TN-04
Wide: A≤10
Depth: A≤10
Wide: 2<B≤10
Depth: B≤10
Wide: C≤10
Depth: C≤10
3.Repair with
High Strength
RP-TN-05
Mortar
Wide: A>10
Depth: A>10
Wide: A>10
Depth: A>10
Wide A 10
Depth: A>10
Rebar exposed
Rebar exposed
Rebar exposed
[
[
4.Reject
Document No.","32
[
STECON
- ()
SING THEM EIGINIERING & CORRUCAPANY LIMITED
RP-TN-04
VOIDS AND BLOWHOLES REPAIR
PROJECT: SEWERAGE TUNNEL BUNG NONG BON TO
CHAOPHRAYA RIVER
32
Voids or Blowholes
Repair by:
To be Executed at:
Precast Yard
After Erection
ACCEPTANCE
The repair is inspected and accepted:
Yes
No
Action:
Production Engineer
QC Engineer
Consultant
Date.../........
[2] Chapter: Voids And Blowholes Repair With High Strength Mortar, Page: 38
STECON
บริษัท ซิโน-ไทย เอ็น เนียริ่ง แอนด์ คอนสตรัคชั่น จํากัด (มหาชน)
SING THAI ENGINEERING & CONSTRUCTION PUBLIC COMPANY LIMITED
RP-TN-05
VOIDS AND BLOWHOLES REPAIR
(WITH HIGH STRENGTH MORTAR)
PROJECT : SEWERAGE TUNNEL BUNG NONG BON TO
CHAOPHRAYA RIVER
38
[3] Chapter: Guildline For Repair, Page: 6
STECON
บริษัท ชิโน-ไทย เ รี ย ง แอนด์ คอนสตรัคชั่น จำกัด (มหาชน)
SINO-THA ENGINEERING & CONSTRUCTION PUBLIC COMPANY LIMITED
Project: SEWERAGE TUNNEL BUNG NONG BON
TO CHAOPHRAYA RIVER
[
• รูฟองอากาศ (Voids or Blowholes)
[
[
[
A.Outside Surface
B.Inside Surface
[
[
[
C.Gasket Surface
Table4 Guideline for Voids or Blowholes Repair
[
Action
1.No Repair
Reference Method
[
2.Repair with
Cementitious
Mortar
A(mm.)
B(mm.)
C(mm.)
Wide: <2
RP-TN-04
Wide: A≤10
Depth: A≤10
Wide: 2<B≤10
Depth: B≤10
Wide: C≤10
Depth: C≤10
3.Repair with
High Strength
RP-TN-05
Mortar
Wide: A>10
Depth: A>10
Wide: A>10
Depth: A>10
Wide A 10
Depth: A>10
Rebar exposed
Rebar exposed
Rebar exposed
[
[
4.Reject
Document No.",extractive-fallback,"[1] Chapter: Voids And Blowholes Repair, Page: 32
[
STECON
- ()
SING THEM EIGINIERING & CORRUCAPANY LIMITED
RP-TN-04
VOIDS AND BLOWHOLES REPAIR
PROJECT: SEWERAGE TUNNEL BUNG NONG BON TO
CHAOPHRAYA RIVER
32
Voids or Blowholes
Repair by:
To be Executed at:
Precast Yard
After Erection
ACCEPTANCE
The repair is inspected and accepted:
Yes
No
Action:
Production Engineer
QC Engineer
Consultant
Date.../........
[2] Chapter: Voids And Blowholes Repair With High Strength Mortar, Page: 38
STECON
บริษัท ซิโน-ไทย เอ็น เนียริ่ง แอนด์ คอนสตรัคชั่น จํากัด (มหาชน)
SING THAI ENGINEERING & CONSTRUCTION PUBLIC COMPANY LIMITED
RP-TN-05
VOIDS AND BLOWHOLES REPAIR
(WITH HIGH STRENGTH MORTAR)
PROJECT : SEWERAGE TUNNEL BUNG NONG BON TO
CHAOPHRAYA RIVER
38
[3] Chapter: Guildline For Repair, Page: 6
STECON
บริษัท ชิโน-ไทย เ รี ย ง แอนด์ คอนสตรัคชั่น จำกัด (มหาชน)
SINO-THA ENGINEERING & CONSTRUCTION PUBLIC COMPANY LIMITED
Project: SEWERAGE TUNNEL BUNG NONG BON
TO CHAOPHRAYA RIVER
[
• รูฟองอากาศ (Voids or Blowholes)
[
[
[
A.Outside Surface
B.Inside Surface
[
[
[
C.Gasket Surface
Table4 Guideline for Voids or Blowholes Repair
[
Action
1.No Repair
Reference Method
[
2.Repair with
Cementitious
Mortar
A(mm.)
B(mm.)
C(mm.)
Wide: <2
RP-TN-04
Wide: A≤10
Depth: A≤10
Wide: 2<B≤10
Depth: B≤10
Wide: C≤10
Depth: C≤10
3.Repair with
High Strength
RP-TN-05
Mortar
Wide: A>10
Depth: A>10
Wide: A>10
Depth: A>10
Wide A 10
Depth: A>10
Rebar exposed
Rebar exposed
Rebar exposed
[
[
4.Reject
Document No."
" เกณฑ์ ""ไม่ต้องซ่อมแซม"" สำหรับรูฟองอากาศบริเวณ Outside Surface และ Inside Surface คืออะไร"," ไม่มีการกำหนดขนาดสำหรับการ ""ไม่ซ่อมแซม"" ที่ผิว Outside และ Inside (ในตารางระบุ No Repair เฉพาะบริเวณ Gasket Surface ที่กว้าง < 2 มม. หรืออาจอนุมานว่าหากน้อยกว่าเกณฑ์ซ่อมก็ไม่ต้องซ่อม แต่ตามตารางระบุค่า Wide < 2 mm. ในช่อง C เท่านั้น) *หมายเหตุ: ตารางระบุ No Repair โดยมีเงื่อนไข Wide: <2 ในคอลัมน์ C เท่านั้น*",6,Construction-Related,Repair Method,"Bring it back to a sound surface.
The surface to be treated must be
structurally sound, free from standing water, oil, grease & surface contaminants.
Use to repair surface damage from
1-2 mm deep.
The substrate surface (all types) must be clean, dry and free from contaminants
such as dirt, oil, grease, existing surface treatments and coatings etc..
The substrate surface (all types) must be clean, dry and free from contaminants
such as dirt, oil, grease, existing surface treatments and coatings etc.",6,extractive-fallback,"Bring it back to a sound surface.
The surface to be treated must be
structurally sound, free from standing water, oil, grease & surface contaminants.
Use to repair surface damage from
1-2 mm deep.
The substrate surface (all types) must be clean, dry and free from contaminants
such as dirt, oil, grease, existing surface treatments and coatings etc..
The substrate surface (all types) must be clean, dry and free from contaminants
such as dirt, oil, grease, existing surface treatments and coatings etc.",Construction-Related,Repair Method,"Bring it back to a sound surface.
The surface to be treated must be
structurally sound, free from standing water, oil, grease & surface contaminants.
Use to repair surface damage from
1-2 mm deep.
The substrate surface (all types) must be clean, dry and free from contaminants
such as dirt, oil, grease, existing surface treatments and coatings etc..
The substrate surface (all types) must be clean, dry and free from contaminants
such as dirt, oil, grease, existing surface treatments and coatings etc.",6,extractive-fallback,"Bring it back to a sound surface.
The surface to be treated must be
structurally sound, free from standing water, oil, grease & surface contaminants.
Use to repair surface damage from
1-2 mm deep.
The substrate surface (all types) must be clean, dry and free from contaminants
such as dirt, oil, grease, existing surface treatments and coatings etc..
The substrate surface (all types) must be clean, dry and free from contaminants
such as dirt, oil, grease, existing surface treatments and coatings etc.",Construction-Related,Repair Method,"Bring it back to a sound surface.
The surface to be treated must be
structurally sound, free from standing water, oil, grease & surface contaminants.
Use to repair surface damage from
1-2 mm deep.
The substrate surface (all types) must be clean, dry and free from contaminants
such as dirt, oil, grease, existing surface treatments and coatings etc..
The substrate surface (all types) must be clean, dry and free from contaminants
such as dirt, oil, grease, existing surface treatments and coatings etc.",6,extractive-fallback,"Bring it back to a sound surface.
The surface to be treated must be
structurally sound, free from standing water, oil, grease & surface contaminants.
Use to repair surface damage from
1-2 mm deep.
The substrate surface (all types) must be clean, dry and free from contaminants
such as dirt, oil, grease, existing surface treatments and coatings etc..
The substrate surface (all types) must be clean, dry and free from contaminants
such as dirt, oil, grease, existing surface treatments and coatings etc.",Construction-Related,Repair Method,"Bring it back to a sound surface.
The surface to be treated must be
structurally sound, free from standing water, oil, grease & surface contaminants.
Use to repair surface damage from
1-2 mm deep.
The substrate surface (all types) must be clean, dry and free from contaminants
such as dirt, oil, grease, existing surface treatments and coatings etc..
The substrate surface (all types) must be clean, dry and free from contaminants
such as dirt, oil, grease, existing surface treatments and coatings etc.",6,extractive-fallback,"Bring it back to a sound surface.
The surface to be treated must be
structurally sound, free from standing water, oil, grease & surface contaminants.
Use to repair surface damage from
1-2 mm deep.
The substrate surface (all types) must be clean, dry and free from contaminants
such as dirt, oil, grease, existing surface treatments and coatings etc..
The substrate surface (all types) must be clean, dry and free from contaminants
such as dirt, oil, grease, existing surface treatments and coatings etc."
 หากพบรูฟองอากาศ (Voids) กว้างไม่เกิน 10 มม. และลึกไม่เกิน 10 มม. ควรซ่อมแซมด้วยวิธีใด, ซ่อมแซมด้วย Cementitious Mortar (วิธีการอ้างอิง RP-TN-04),6,Construction-Related,Repair Method,"ถ้าต้องการความหนาเกิน 2 มม.
(คอนกรีตแตกก่อน)
ต่อเหล็ก 10-15 นิวตัน / ตร.มม.
ควรฉาบหรือรีดทีละชั้นๆ ละไม่เกิน 2 มม.
ขั้นตอนการทำงาน
1.เตรียมพื้นผิวที่จะทำการซ่อม โดยการสกัดผิวหน้าออก
หรือพ่นทราย เพื่อให้คอนกรีตที่ไม่ดีออกอย่างน้อย 10 มม.
[1] Chapter: Guildline For Repair, Page: 6
STECON
บริษัท ชิโน-ไทย เ รี ย ง แอนด์ คอนสตรัคชั่น จำกัด (มหาชน)
SINO-THA ENGINEERING & CONSTRUCTION PUBLIC COMPANY LIMITED
Project: SEWERAGE TUNNEL BUNG NONG BON
TO CHAOPHRAYA RIVER
[
• รูฟองอากาศ (Voids or Blowholes)
[
[
[
A.Outside Surface
B.Inside Surface
[
[
[
C.Gasket Surface
Table4 Guideline for Voids or Blowholes Repair
[
Action
1.No Repair
Reference Method
[
2.Repair with
Cementitious
Mortar
A(mm.)
B(mm.)
C(mm.)
Wide: <2
RP-TN-04
Wide: A≤10
Depth: A≤10
Wide: 2<B≤10
Depth: B≤10
Wide: C≤10
Depth: C≤10
3.Repair with
High Strength
RP-TN-05
Mortar
Wide: A>10
Depth: A>10
Wide: A>10
Depth: A>10
Wide A 10
Depth: A>10
Rebar exposed
Rebar exposed
Rebar exposed
[
[
4.Reject
Document No.","6
STECON
บริษัท ชิโน-ไทย เ รี ย ง แอนด์ คอนสตรัคชั่น จำกัด (มหาชน)
SINO-THA ENGINEERING & CONSTRUCTION PUBLIC COMPANY LIMITED
Project: SEWERAGE TUNNEL BUNG NONG BON
TO CHAOPHRAYA RIVER
[
• รูฟองอากาศ (Voids or Blowholes)
[
[
[
A.Outside Surface
B.Inside Surface
[
[
[
C.Gasket Surface
Table4 Guideline for Voids or Blowholes Repair
[
Action
1.No Repair
Reference Method
[
2.Repair with
Cementitious
Mortar
A(mm.)
B(mm.)
C(mm.)
Wide: <2
RP-TN-04
Wide: A≤10
Depth: A≤10
Wide: 2<B≤10
Depth: B≤10
Wide: C≤10
Depth: C≤10
3.Repair with
High Strength
RP-TN-05
Mortar
Wide: A>10
Depth: A>10
Wide: A>10
Depth: A>10
Wide A 10
Depth: A>10
Rebar exposed
Rebar exposed
Rebar exposed
[
[
4.Reject
Document No.",extractive-fallback,"ถ้าต้องการความหนาเกิน 2 มม.
(คอนกรีตแตกก่อน)
ต่อเหล็ก 10-15 นิวตัน / ตร.มม.
ควรฉาบหรือรีดทีละชั้นๆ ละไม่เกิน 2 มม.
ขั้นตอนการทำงาน
1.เตรียมพื้นผิวที่จะทำการซ่อม โดยการสกัดผิวหน้าออก
หรือพ่นทราย เพื่อให้คอนกรีตที่ไม่ดีออกอย่างน้อย 10 มม.
[1] Chapter: Guildline For Repair, Page: 6
STECON
บริษัท ชิโน-ไทย เ รี ย ง แอนด์ คอนสตรัคชั่น จำกัด (มหาชน)
SINO-THA ENGINEERING & CONSTRUCTION PUBLIC COMPANY LIMITED
Project: SEWERAGE TUNNEL BUNG NONG BON
TO CHAOPHRAYA RIVER
[
• รูฟองอากาศ (Voids or Blowholes)
[
[
[
A.Outside Surface
B.Inside Surface
[
[
[
C.Gasket Surface
Table4 Guideline for Voids or Blowholes Repair
[
Action
1.No Repair
Reference Method
[
2.Repair with
Cementitious
Mortar
A(mm.)
B(mm.)
C(mm.)
Wide: <2
RP-TN-04
Wide: A≤10
Depth: A≤10
Wide: 2<B≤10
Depth: B≤10
Wide: C≤10
Depth: C≤10
3.Repair with
High Strength
RP-TN-05
Mortar
Wide: A>10
Depth: A>10
Wide: A>10
Depth: A>10
Wide A 10
Depth: A>10
Rebar exposed
Rebar exposed
Rebar exposed
[
[
4.Reject
Document No.",Construction-Related,Repair Method,"ถ้าต้องการความหนาเกิน 2 มม.
(คอนกรีตแตกก่อน)
ต่อเหล็ก 10-15 นิวตัน / ตร.มม.
ควรฉาบหรือรีดทีละชั้นๆ ละไม่เกิน 2 มม.
ขั้นตอนการทำงาน
1.เตรียมพื้นผิวที่จะทำการซ่อม โดยการสกัดผิวหน้าออก
หรือพ่นทราย เพื่อให้คอนกรีตที่ไม่ดีออกอย่างน้อย 10 มม.
[1] Chapter: Guildline For Repair, Page: 6
STECON
บริษัท ชิโน-ไทย เ รี ย ง แอนด์ คอนสตรัคชั่น จำกัด (มหาชน)
SINO-THA ENGINEERING & CONSTRUCTION PUBLIC COMPANY LIMITED
Project: SEWERAGE TUNNEL BUNG NONG BON
TO CHAOPHRAYA RIVER
[
• รูฟองอากาศ (Voids or Blowholes)
[
[
[
A.Outside Surface
B.Inside Surface
[
[
[
C.Gasket Surface
Table4 Guideline for Voids or Blowholes Repair
[
Action
1.No Repair
Reference Method
[
2.Repair with
Cementitious
Mortar
A(mm.)
B(mm.)
C(mm.)
Wide: <2
RP-TN-04
Wide: A≤10
Depth: A≤10
Wide: 2<B≤10
Depth: B≤10
Wide: C≤10
Depth: C≤10
3.Repair with
High Strength
RP-TN-05
Mortar
Wide: A>10
Depth: A>10
Wide: A>10
Depth: A>10
Wide A 10
Depth: A>10
Rebar exposed
Rebar exposed
Rebar exposed
[
[
4.Reject
Document No.","6
STECON
บริษัท ชิโน-ไทย เ รี ย ง แอนด์ คอนสตรัคชั่น จำกัด (มหาชน)
SINO-THA ENGINEERING & CONSTRUCTION PUBLIC COMPANY LIMITED
Project: SEWERAGE TUNNEL BUNG NONG BON
TO CHAOPHRAYA RIVER
[
• รูฟองอากาศ (Voids or Blowholes)
[
[
[
A.Outside Surface
B.Inside Surface
[
[
[
C.Gasket Surface
Table4 Guideline for Voids or Blowholes Repair
[
Action
1.No Repair
Reference Method
[
2.Repair with
Cementitious
Mortar
A(mm.)
B(mm.)
C(mm.)
Wide: <2
RP-TN-04
Wide: A≤10
Depth: A≤10
Wide: 2<B≤10
Depth: B≤10
Wide: C≤10
Depth: C≤10
3.Repair with
High Strength
RP-TN-05
Mortar
Wide: A>10
Depth: A>10
Wide: A>10
Depth: A>10
Wide A 10
Depth: A>10
Rebar exposed
Rebar exposed
Rebar exposed
[
[
4.Reject
Document No.",extractive-fallback,"ถ้าต้องการความหนาเกิน 2 มม.
(คอนกรีตแตกก่อน)
ต่อเหล็ก 10-15 นิวตัน / ตร.มม.
ควรฉาบหรือรีดทีละชั้นๆ ละไม่เกิน 2 มม.
ขั้นตอนการทำงาน
1.เตรียมพื้นผิวที่จะทำการซ่อม โดยการสกัดผิวหน้าออก
หรือพ่นทราย เพื่อให้คอนกรีตที่ไม่ดีออกอย่างน้อย 10 มม.
[1] Chapter: Guildline For Repair, Page: 6
STECON
บริษัท ชิโน-ไทย เ รี ย ง แอนด์ คอนสตรัคชั่น จำกัด (มหาชน)
SINO-THA ENGINEERING & CONSTRUCTION PUBLIC COMPANY LIMITED
Project: SEWERAGE TUNNEL BUNG NONG BON
TO CHAOPHRAYA RIVER
[
• รูฟองอากาศ (Voids or Blowholes)
[
[
[
A.Outside Surface
B.Inside Surface
[
[
[
C.Gasket Surface
Table4 Guideline for Voids or Blowholes Repair
[
Action
1.No Repair
Reference Method
[
2.Repair with
Cementitious
Mortar
A(mm.)
B(mm.)
C(mm.)
Wide: <2
RP-TN-04
Wide: A≤10
Depth: A≤10
Wide: 2<B≤10
Depth: B≤10
Wide: C≤10
Depth: C≤10
3.Repair with
High Strength
RP-TN-05
Mortar
Wide: A>10
Depth: A>10
Wide: A>10
Depth: A>10
Wide A 10
Depth: A>10
Rebar exposed
Rebar exposed
Rebar exposed
[
[
4.Reject
Document No.",Construction-Related,Repair Method,"ถ้าต้องการความหนาเกิน 2 มม.
(คอนกรีตแตกก่อน)
ต่อเหล็ก 10-15 นิวตัน / ตร.มม.
ควรฉาบหรือรีดทีละชั้นๆ ละไม่เกิน 2 มม.
ขั้นตอนการทำงาน
1.เตรียมพื้นผิวที่จะทำการซ่อม โดยการสกัดผิวหน้าออก
หรือพ่นทราย เพื่อให้คอนกรีตที่ไม่ดีออกอย่างน้อย 10 มม.
[1] Chapter: Guildline For Repair, Page: 6
STECON
บริษัท ชิโน-ไทย เ รี ย ง แอนด์ คอนสตรัคชั่น จำกัด (มหาชน)
SINO-THA ENGINEERING & CONSTRUCTION PUBLIC COMPANY LIMITED
Project: SEWERAGE TUNNEL BUNG NONG BON
TO CHAOPHRAYA RIVER
[
• รูฟองอากาศ (Voids or Blowholes)
[
[
[
A.Outside Surface
B.Inside Surface
[
[
[
C.Gasket Surface
Table4 Guideline for Voids or Blowholes Repair
[
Action
1.No Repair
Reference Method
[
2.Repair with
Cementitious
Mortar
A(mm.)
B(mm.)
C(mm.)
Wide: <2
RP-TN-04
Wide: A≤10
Depth: A≤10
Wide: 2<B≤10
Depth: B≤10
Wide: C≤10
Depth: C≤10
3.Repair with
High Strength
RP-TN-05
Mortar
Wide: A>10
Depth: A>10
Wide: A>10
Depth: A>10
Wide A 10
Depth: A>10
Rebar exposed
Rebar exposed
Rebar exposed
[
[
4.Reject
Document No.","6
STECON
บริษัท ชิโน-ไทย เ รี ย ง แอนด์ คอนสตรัคชั่น จำกัด (มหาชน)
SINO-THA ENGINEERING & CONSTRUCTION PUBLIC COMPANY LIMITED
Project: SEWERAGE TUNNEL BUNG NONG BON
TO CHAOPHRAYA RIVER
[
• รูฟองอากาศ (Voids or Blowholes)
[
[
[
A.Outside Surface
B.Inside Surface
[
[
[
C.Gasket Surface
Table4 Guideline for Voids or Blowholes Repair
[
Action
1.No Repair
Reference Method
[
2.Repair with
Cementitious
Mortar
A(mm.)
B(mm.)
C(mm.)
Wide: <2
RP-TN-04
Wide: A≤10
Depth: A≤10
Wide: 2<B≤10
Depth: B≤10
Wide: C≤10
Depth: C≤10
3.Repair with
High Strength
RP-TN-05
Mortar
Wide: A>10
Depth: A>10
Wide: A>10
Depth: A>10
Wide A 10
Depth: A>10
Rebar exposed
Rebar exposed
Rebar exposed
[
[
4.Reject
Document No.",extractive-fallback,"ถ้าต้องการความหนาเกิน 2 มม.
(คอนกรีตแตกก่อน)
ต่อเหล็ก 10-15 นิวตัน / ตร.มม.
ควรฉาบหรือรีดทีละชั้นๆ ละไม่เกิน 2 มม.
ขั้นตอนการทำงาน
1.เตรียมพื้นผิวที่จะทำการซ่อม โดยการสกัดผิวหน้าออก
หรือพ่นทราย เพื่อให้คอนกรีตที่ไม่ดีออกอย่างน้อย 10 มม.
[1] Chapter: Guildline For Repair, Page: 6
STECON
บริษัท ชิโน-ไทย เ รี ย ง แอนด์ คอนสตรัคชั่น จำกัด (มหาชน)
SINO-THA ENGINEERING & CONSTRUCTION PUBLIC COMPANY LIMITED
Project: SEWERAGE TUNNEL BUNG NONG BON
TO CHAOPHRAYA RIVER
[
• รูฟองอากาศ (Voids or Blowholes)
[
[
[
A.Outside Surface
B.Inside Surface
[
[
[
C.Gasket Surface
Table4 Guideline for Voids or Blowholes Repair
[
Action
1.No Repair
Reference Method
[
2.Repair with
Cementitious
Mortar
A(mm.)
B(mm.)
C(mm.)
Wide: <2
RP-TN-04
Wide: A≤10
Depth: A≤10
Wide: 2<B≤10
Depth: B≤10
Wide: C≤10
Depth: C≤10
3.Repair with
High Strength
RP-TN-05
Mortar
Wide: A>10
Depth: A>10
Wide: A>10
Depth: A>10
Wide A 10
Depth: A>10
Rebar exposed
Rebar exposed
Rebar exposed
[
[
4.Reject
Document No.",Construction-Related,Repair Method,"ถ้าต้องการความหนาเกิน 2 มม.
(คอนกรีตแตกก่อน)
ต่อเหล็ก 10-15 นิวตัน / ตร.มม.
ควรฉาบหรือรีดทีละชั้นๆ ละไม่เกิน 2 มม.
ขั้นตอนการทำงาน
1.เตรียมพื้นผิวที่จะทำการซ่อม โดยการสกัดผิวหน้าออก
หรือพ่นทราย เพื่อให้คอนกรีตที่ไม่ดีออกอย่างน้อย 10 มม.
[1] Chapter: Guildline For Repair, Page: 6
STECON
บริษัท ชิโน-ไทย เ รี ย ง แอนด์ คอนสตรัคชั่น จำกัด (มหาชน)
SINO-THA ENGINEERING & CONSTRUCTION PUBLIC COMPANY LIMITED
Project: SEWERAGE TUNNEL BUNG NONG BON
TO CHAOPHRAYA RIVER
[
• รูฟองอากาศ (Voids or Blowholes)
[
[
[
A.Outside Surface
B.Inside Surface
[
[
[
C.Gasket Surface
Table4 Guideline for Voids or Blowholes Repair
[
Action
1.No Repair
Reference Method
[
2.Repair with
Cementitious
Mortar
A(mm.)
B(mm.)
C(mm.)
Wide: <2
RP-TN-04
Wide: A≤10
Depth: A≤10
Wide: 2<B≤10
Depth: B≤10
Wide: C≤10
Depth: C≤10
3.Repair with
High Strength
RP-TN-05
Mortar
Wide: A>10
Depth: A>10
Wide: A>10
Depth: A>10
Wide A 10
Depth: A>10
Rebar exposed
Rebar exposed
Rebar exposed
[
[
4.Reject
Document No.","6
STECON
บริษัท ชิโน-ไทย เ รี ย ง แอนด์ คอนสตรัคชั่น จำกัด (มหาชน)
SINO-THA ENGINEERING & CONSTRUCTION PUBLIC COMPANY LIMITED
Project: SEWERAGE TUNNEL BUNG NONG BON
TO CHAOPHRAYA RIVER
[
• รูฟองอากาศ (Voids or Blowholes)
[
[
[
A.Outside Surface
B.Inside Surface
[
[
[
C.Gasket Surface
Table4 Guideline for Voids or Blowholes Repair
[
Action
1.No Repair
Reference Method
[
2.Repair with
Cementitious
Mortar
A(mm.)
B(mm.)
C(mm.)
Wide: <2
RP-TN-04
Wide: A≤10
Depth: A≤10
Wide: 2<B≤10
Depth: B≤10
Wide: C≤10
Depth: C≤10
3.Repair with
High Strength
RP-TN-05
Mortar
Wide: A>10
Depth: A>10
Wide: A>10
Depth: A>10
Wide A 10
Depth: A>10
Rebar exposed
Rebar exposed
Rebar exposed
[
[
4.Reject
Document No.",extractive-fallback,"ถ้าต้องการความหนาเกิน 2 มม.
(คอนกรีตแตกก่อน)
ต่อเหล็ก 10-15 นิวตัน / ตร.มม.
ควรฉาบหรือรีดทีละชั้นๆ ละไม่เกิน 2 มม.
ขั้นตอนการทำงาน
1.เตรียมพื้นผิวที่จะทำการซ่อม โดยการสกัดผิวหน้าออก
หรือพ่นทราย เพื่อให้คอนกรีตที่ไม่ดีออกอย่างน้อย 10 มม.
[1] Chapter: Guildline For Repair, Page: 6
STECON
บริษัท ชิโน-ไทย เ รี ย ง แอนด์ คอนสตรัคชั่น จำกัด (มหาชน)
SINO-THA ENGINEERING & CONSTRUCTION PUBLIC COMPANY LIMITED
Project: SEWERAGE TUNNEL BUNG NONG BON
TO CHAOPHRAYA RIVER
[
• รูฟองอากาศ (Voids or Blowholes)
[
[
[
A.Outside Surface
B.Inside Surface
[
[
[
C.Gasket Surface
Table4 Guideline for Voids or Blowholes Repair
[
Action
1.No Repair
Reference Method
[
2.Repair with
Cementitious
Mortar
A(mm.)
B(mm.)
C(mm.)
Wide: <2
RP-TN-04
Wide: A≤10
Depth: A≤10
Wide: 2<B≤10
Depth: B≤10
Wide: C≤10
Depth: C≤10
3.Repair with
High Strength
RP-TN-05
Mortar
Wide: A>10
Depth: A>10
Wide: A>10
Depth: A>10
Wide A 10
Depth: A>10
Rebar exposed
Rebar exposed
Rebar exposed
[
[
4.Reject
Document No."
 หากพบรูฟองอากาศ (Voids) ที่มีความกว้างมากกว่า 10 มม. หรือความลึกมากกว่า 10 มม. ควรซ่อมแซมด้วยวิธีใด, ซ่อมแซมด้วย High Strength Mortar (วิธีการอ้างอิง RP-TN-05),6,Construction-Related,Repair Method,"ถ้าต้องการความหนาเกิน 2 มม.
(คอนกรีตแตกก่อน)
ต่อเหล็ก 10-15 นิวตัน / ตร.มม.
ควรฉาบหรือรีดทีละชั้นๆ ละไม่เกิน 2 มม.
ขั้นตอนการทำงาน
1.เตรียมพื้นผิวที่จะทำการซ่อม โดยการสกัดผิวหน้าออก
หรือพ่นทราย เพื่อให้คอนกรีตที่ไม่ดีออกอย่างน้อย 10 มม.
[1] Chapter: Guildline For Repair, Page: 6
STECON
บริษัท ชิโน-ไทย เ รี ย ง แอนด์ คอนสตรัคชั่น จำกัด (มหาชน)
SINO-THA ENGINEERING & CONSTRUCTION PUBLIC COMPANY LIMITED
Project: SEWERAGE TUNNEL BUNG NONG BON
TO CHAOPHRAYA RIVER
[
• รูฟองอากาศ (Voids or Blowholes)
[
[
[
A.Outside Surface
B.Inside Surface
[
[
[
C.Gasket Surface
Table4 Guideline for Voids or Blowholes Repair
[
Action
1.No Repair
Reference Method
[
2.Repair with
Cementitious
Mortar
A(mm.)
B(mm.)
C(mm.)
Wide: <2
RP-TN-04
Wide: A≤10
Depth: A≤10
Wide: 2<B≤10
Depth: B≤10
Wide: C≤10
Depth: C≤10
3.Repair with
High Strength
RP-TN-05
Mortar
Wide: A>10
Depth: A>10
Wide: A>10
Depth: A>10
Wide A 10
Depth: A>10
Rebar exposed
Rebar exposed
Rebar exposed
[
[
4.Reject
Document No.","6
STECON
บริษัท ชิโน-ไทย เ รี ย ง แอนด์ คอนสตรัคชั่น จำกัด (มหาชน)
SINO-THA ENGINEERING & CONSTRUCTION PUBLIC COMPANY LIMITED
Project: SEWERAGE TUNNEL BUNG NONG BON
TO CHAOPHRAYA RIVER
[
• รูฟองอากาศ (Voids or Blowholes)
[
[
[
A.Outside Surface
B.Inside Surface
[
[
[
C.Gasket Surface
Table4 Guideline for Voids or Blowholes Repair
[
Action
1.No Repair
Reference Method
[
2.Repair with
Cementitious
Mortar
A(mm.)
B(mm.)
C(mm.)
Wide: <2
RP-TN-04
Wide: A≤10
Depth: A≤10
Wide: 2<B≤10
Depth: B≤10
Wide: C≤10
Depth: C≤10
3.Repair with
High Strength
RP-TN-05
Mortar
Wide: A>10
Depth: A>10
Wide: A>10
Depth: A>10
Wide A 10
Depth: A>10
Rebar exposed
Rebar exposed
Rebar exposed
[
[
4.Reject
Document No.",extractive-fallback,"ถ้าต้องการความหนาเกิน 2 มม.
(คอนกรีตแตกก่อน)
ต่อเหล็ก 10-15 นิวตัน / ตร.มม.
ควรฉาบหรือรีดทีละชั้นๆ ละไม่เกิน 2 มม.
ขั้นตอนการทำงาน
1.เตรียมพื้นผิวที่จะทำการซ่อม โดยการสกัดผิวหน้าออก
หรือพ่นทราย เพื่อให้คอนกรีตที่ไม่ดีออกอย่างน้อย 10 มม.
[1] Chapter: Guildline For Repair, Page: 6
STECON
บริษัท ชิโน-ไทย เ รี ย ง แอนด์ คอนสตรัคชั่น จำกัด (มหาชน)
SINO-THA ENGINEERING & CONSTRUCTION PUBLIC COMPANY LIMITED
Project: SEWERAGE TUNNEL BUNG NONG BON
TO CHAOPHRAYA RIVER
[
• รูฟองอากาศ (Voids or Blowholes)
[
[
[
A.Outside Surface
B.Inside Surface
[
[
[
C.Gasket Surface
Table4 Guideline for Voids or Blowholes Repair
[
Action
1.No Repair
Reference Method
[
2.Repair with
Cementitious
Mortar
A(mm.)
B(mm.)
C(mm.)
Wide: <2
RP-TN-04
Wide: A≤10
Depth: A≤10
Wide: 2<B≤10
Depth: B≤10
Wide: C≤10
Depth: C≤10
3.Repair with
High Strength
RP-TN-05
Mortar
Wide: A>10
Depth: A>10
Wide: A>10
Depth: A>10
Wide A 10
Depth: A>10
Rebar exposed
Rebar exposed
Rebar exposed
[
[
4.Reject
Document No.",Construction-Related,Repair Method,"ถ้าต้องการความหนาเกิน 2 มม.
(คอนกรีตแตกก่อน)
ต่อเหล็ก 10-15 นิวตัน / ตร.มม.
ควรฉาบหรือรีดทีละชั้นๆ ละไม่เกิน 2 มม.
ขั้นตอนการทำงาน
1.เตรียมพื้นผิวที่จะทำการซ่อม โดยการสกัดผิวหน้าออก
หรือพ่นทราย เพื่อให้คอนกรีตที่ไม่ดีออกอย่างน้อย 10 มม.
[1] Chapter: Guildline For Repair, Page: 6
STECON
บริษัท ชิโน-ไทย เ รี ย ง แอนด์ คอนสตรัคชั่น จำกัด (มหาชน)
SINO-THA ENGINEERING & CONSTRUCTION PUBLIC COMPANY LIMITED
Project: SEWERAGE TUNNEL BUNG NONG BON
TO CHAOPHRAYA RIVER
[
• รูฟองอากาศ (Voids or Blowholes)
[
[
[
A.Outside Surface
B.Inside Surface
[
[
[
C.Gasket Surface
Table4 Guideline for Voids or Blowholes Repair
[
Action
1.No Repair
Reference Method
[
2.Repair with
Cementitious
Mortar
A(mm.)
B(mm.)
C(mm.)
Wide: <2
RP-TN-04
Wide: A≤10
Depth: A≤10
Wide: 2<B≤10
Depth: B≤10
Wide: C≤10
Depth: C≤10
3.Repair with
High Strength
RP-TN-05
Mortar
Wide: A>10
Depth: A>10
Wide: A>10
Depth: A>10
Wide A 10
Depth: A>10
Rebar exposed
Rebar exposed
Rebar exposed
[
[
4.Reject
Document No.","6
STECON
บริษัท ชิโน-ไทย เ รี ย ง แอนด์ คอนสตรัคชั่น จำกัด (มหาชน)
SINO-THA ENGINEERING & CONSTRUCTION PUBLIC COMPANY LIMITED
Project: SEWERAGE TUNNEL BUNG NONG BON
TO CHAOPHRAYA RIVER
[
• รูฟองอากาศ (Voids or Blowholes)
[
[
[
A.Outside Surface
B.Inside Surface
[
[
[
C.Gasket Surface
Table4 Guideline for Voids or Blowholes Repair
[
Action
1.No Repair
Reference Method
[
2.Repair with
Cementitious
Mortar
A(mm.)
B(mm.)
C(mm.)
Wide: <2
RP-TN-04
Wide: A≤10
Depth: A≤10
Wide: 2<B≤10
Depth: B≤10
Wide: C≤10
Depth: C≤10
3.Repair with
High Strength
RP-TN-05
Mortar
Wide: A>10
Depth: A>10
Wide: A>10
Depth: A>10
Wide A 10
Depth: A>10
Rebar exposed
Rebar exposed
Rebar exposed
[
[
4.Reject
Document No.",extractive-fallback,"ถ้าต้องการความหนาเกิน 2 มม.
(คอนกรีตแตกก่อน)
ต่อเหล็ก 10-15 นิวตัน / ตร.มม.
ควรฉาบหรือรีดทีละชั้นๆ ละไม่เกิน 2 มม.
ขั้นตอนการทำงาน
1.เตรียมพื้นผิวที่จะทำการซ่อม โดยการสกัดผิวหน้าออก
หรือพ่นทราย เพื่อให้คอนกรีตที่ไม่ดีออกอย่างน้อย 10 มม.
[1] Chapter: Guildline For Repair, Page: 6
STECON
บริษัท ชิโน-ไทย เ รี ย ง แอนด์ คอนสตรัคชั่น จำกัด (มหาชน)
SINO-THA ENGINEERING & CONSTRUCTION PUBLIC COMPANY LIMITED
Project: SEWERAGE TUNNEL BUNG NONG BON
TO CHAOPHRAYA RIVER
[
• รูฟองอากาศ (Voids or Blowholes)
[
[
[
A.Outside Surface
B.Inside Surface
[
[
[
C.Gasket Surface
Table4 Guideline for Voids or Blowholes Repair
[
Action
1.No Repair
Reference Method
[
2.Repair with
Cementitious
Mortar
A(mm.)
B(mm.)
C(mm.)
Wide: <2
RP-TN-04
Wide: A≤10
Depth: A≤10
Wide: 2<B≤10
Depth: B≤10
Wide: C≤10
Depth: C≤10
3.Repair with
High Strength
RP-TN-05
Mortar
Wide: A>10
Depth: A>10
Wide: A>10
Depth: A>10
Wide A 10
Depth: A>10
Rebar exposed
Rebar exposed
Rebar exposed
[
[
4.Reject
Document No.",Construction-Related,Repair Method,"ถ้าต้องการความหนาเกิน 2 มม.
(คอนกรีตแตกก่อน)
ต่อเหล็ก 10-15 นิวตัน / ตร.มม.
ควรฉาบหรือรีดทีละชั้นๆ ละไม่เกิน 2 มม.
ขั้นตอนการทำงาน
1.เตรียมพื้นผิวที่จะทำการซ่อม โดยการสกัดผิวหน้าออก
หรือพ่นทราย เพื่อให้คอนกรีตที่ไม่ดีออกอย่างน้อย 10 มม.
[1] Chapter: Guildline For Repair, Page: 6
STECON
บริษัท ชิโน-ไทย เ รี ย ง แอนด์ คอนสตรัคชั่น จำกัด (มหาชน)
SINO-THA ENGINEERING & CONSTRUCTION PUBLIC COMPANY LIMITED
Project: SEWERAGE TUNNEL BUNG NONG BON
TO CHAOPHRAYA RIVER
[
• รูฟองอากาศ (Voids or Blowholes)
[
[
[
A.Outside Surface
B.Inside Surface
[
[
[
C.Gasket Surface
Table4 Guideline for Voids or Blowholes Repair
[
Action
1.No Repair
Reference Method
[
2.Repair with
Cementitious
Mortar
A(mm.)
B(mm.)
C(mm.)
Wide: <2
RP-TN-04
Wide: A≤10
Depth: A≤10
Wide: 2<B≤10
Depth: B≤10
Wide: C≤10
Depth: C≤10
3.Repair with
High Strength
RP-TN-05
Mortar
Wide: A>10
Depth: A>10
Wide: A>10
Depth: A>10
Wide A 10
Depth: A>10
Rebar exposed
Rebar exposed
Rebar exposed
[
[
4.Reject
Document No.","6
STECON
บริษัท ชิโน-ไทย เ รี ย ง แอนด์ คอนสตรัคชั่น จำกัด (มหาชน)
SINO-THA ENGINEERING & CONSTRUCTION PUBLIC COMPANY LIMITED
Project: SEWERAGE TUNNEL BUNG NONG BON
TO CHAOPHRAYA RIVER
[
• รูฟองอากาศ (Voids or Blowholes)
[
[
[
A.Outside Surface
B.Inside Surface
[
[
[
C.Gasket Surface
Table4 Guideline for Voids or Blowholes Repair
[
Action
1.No Repair
Reference Method
[
2.Repair with
Cementitious
Mortar
A(mm.)
B(mm.)
C(mm.)
Wide: <2
RP-TN-04
Wide: A≤10
Depth: A≤10
Wide: 2<B≤10
Depth: B≤10
Wide: C≤10
Depth: C≤10
3.Repair with
High Strength
RP-TN-05
Mortar
Wide: A>10
Depth: A>10
Wide: A>10
Depth: A>10
Wide A 10
Depth: A>10
Rebar exposed
Rebar exposed
Rebar exposed
[
[
4.Reject
Document No.",extractive-fallback,"ถ้าต้องการความหนาเกิน 2 มม.
(คอนกรีตแตกก่อน)
ต่อเหล็ก 10-15 นิวตัน / ตร.มม.
ควรฉาบหรือรีดทีละชั้นๆ ละไม่เกิน 2 มม.
ขั้นตอนการทำงาน
1.เตรียมพื้นผิวที่จะทำการซ่อม โดยการสกัดผิวหน้าออก
หรือพ่นทราย เพื่อให้คอนกรีตที่ไม่ดีออกอย่างน้อย 10 มม.
[1] Chapter: Guildline For Repair, Page: 6
STECON
บริษัท ชิโน-ไทย เ รี ย ง แอนด์ คอนสตรัคชั่น จำกัด (มหาชน)
SINO-THA ENGINEERING & CONSTRUCTION PUBLIC COMPANY LIMITED
Project: SEWERAGE TUNNEL BUNG NONG BON
TO CHAOPHRAYA RIVER
[
• รูฟองอากาศ (Voids or Blowholes)
[
[
[
A.Outside Surface
B.Inside Surface
[
[
[
C.Gasket Surface
Table4 Guideline for Voids or Blowholes Repair
[
Action
1.No Repair
Reference Method
[
2.Repair with
Cementitious
Mortar
A(mm.)
B(mm.)
C(mm.)
Wide: <2
RP-TN-04
Wide: A≤10
Depth: A≤10
Wide: 2<B≤10
Depth: B≤10
Wide: C≤10
Depth: C≤10
3.Repair with
High Strength
RP-TN-05
Mortar
Wide: A>10
Depth: A>10
Wide: A>10
Depth: A>10
Wide A 10
Depth: A>10
Rebar exposed
Rebar exposed
Rebar exposed
[
[
4.Reject
Document No.",Construction-Related,Repair Method,"ถ้าต้องการความหนาเกิน 2 มม.
(คอนกรีตแตกก่อน)
ต่อเหล็ก 10-15 นิวตัน / ตร.มม.
ควรฉาบหรือรีดทีละชั้นๆ ละไม่เกิน 2 มม.
ขั้นตอนการทำงาน
1.เตรียมพื้นผิวที่จะทำการซ่อม โดยการสกัดผิวหน้าออก
หรือพ่นทราย เพื่อให้คอนกรีตที่ไม่ดีออกอย่างน้อย 10 มม.
[1] Chapter: Guildline For Repair, Page: 6
STECON
บริษัท ชิโน-ไทย เ รี ย ง แอนด์ คอนสตรัคชั่น จำกัด (มหาชน)
SINO-THA ENGINEERING & CONSTRUCTION PUBLIC COMPANY LIMITED
Project: SEWERAGE TUNNEL BUNG NONG BON
TO CHAOPHRAYA RIVER
[
• รูฟองอากาศ (Voids or Blowholes)
[
[
[
A.Outside Surface
B.Inside Surface
[
[
[
C.Gasket Surface
Table4 Guideline for Voids or Blowholes Repair
[
Action
1.No Repair
Reference Method
[
2.Repair with
Cementitious
Mortar
A(mm.)
B(mm.)
C(mm.)
Wide: <2
RP-TN-04
Wide: A≤10
Depth: A≤10
Wide: 2<B≤10
Depth: B≤10
Wide: C≤10
Depth: C≤10
3.Repair with
High Strength
RP-TN-05
Mortar
Wide: A>10
Depth: A>10
Wide: A>10
Depth: A>10
Wide A 10
Depth: A>10
Rebar exposed
Rebar exposed
Rebar exposed
[
[
4.Reject
Document No.","6
STECON
บริษัท ชิโน-ไทย เ รี ย ง แอนด์ คอนสตรัคชั่น จำกัด (มหาชน)
SINO-THA ENGINEERING & CONSTRUCTION PUBLIC COMPANY LIMITED
Project: SEWERAGE TUNNEL BUNG NONG BON
TO CHAOPHRAYA RIVER
[
• รูฟองอากาศ (Voids or Blowholes)
[
[
[
A.Outside Surface
B.Inside Surface
[
[
[
C.Gasket Surface
Table4 Guideline for Voids or Blowholes Repair
[
Action
1.No Repair
Reference Method
[
2.Repair with
Cementitious
Mortar
A(mm.)
B(mm.)
C(mm.)
Wide: <2
RP-TN-04
Wide: A≤10
Depth: A≤10
Wide: 2<B≤10
Depth: B≤10
Wide: C≤10
Depth: C≤10
3.Repair with
High Strength
RP-TN-05
Mortar
Wide: A>10
Depth: A>10
Wide: A>10
Depth: A>10
Wide A 10
Depth: A>10
Rebar exposed
Rebar exposed
Rebar exposed
[
[
4.Reject
Document No.",extractive-fallback,"ถ้าต้องการความหนาเกิน 2 มม.
(คอนกรีตแตกก่อน)
ต่อเหล็ก 10-15 นิวตัน / ตร.มม.
ควรฉาบหรือรีดทีละชั้นๆ ละไม่เกิน 2 มม.
ขั้นตอนการทำงาน
1.เตรียมพื้นผิวที่จะทำการซ่อม โดยการสกัดผิวหน้าออก
หรือพ่นทราย เพื่อให้คอนกรีตที่ไม่ดีออกอย่างน้อย 10 มม.
[1] Chapter: Guildline For Repair, Page: 6
STECON
บริษัท ชิโน-ไทย เ รี ย ง แอนด์ คอนสตรัคชั่น จำกัด (มหาชน)
SINO-THA ENGINEERING & CONSTRUCTION PUBLIC COMPANY LIMITED
Project: SEWERAGE TUNNEL BUNG NONG BON
TO CHAOPHRAYA RIVER
[
• รูฟองอากาศ (Voids or Blowholes)
[
[
[
A.Outside Surface
B.Inside Surface
[
[
[
C.Gasket Surface
Table4 Guideline for Voids or Blowholes Repair
[
Action
1.No Repair
Reference Method
[
2.Repair with
Cementitious
Mortar
A(mm.)
B(mm.)
C(mm.)
Wide: <2
RP-TN-04
Wide: A≤10
Depth: A≤10
Wide: 2<B≤10
Depth: B≤10
Wide: C≤10
Depth: C≤10
3.Repair with
High Strength
RP-TN-05
Mortar
Wide: A>10
Depth: A>10
Wide: A>10
Depth: A>10
Wide A 10
Depth: A>10
Rebar exposed
Rebar exposed
Rebar exposed
[
[
4.Reject
Document No."
 เกณฑ์การปฏิเสธชิ้นงาน (Reject) สำหรับความเสียหายประเภทรูฟองอากาศ (Voids or Blowholes) คืออะไร, เมื่อเหล็กเสริมโผล่ (Rebar exposed),6,Construction-Related,Repair Method,"[1] Chapter: Voids And Blowholes Repair, Page: 32
[
STECON
- ()
SING THEM EIGINIERING & CORRUCAPANY LIMITED
RP-TN-04
VOIDS AND BLOWHOLES REPAIR
PROJECT: SEWERAGE TUNNEL BUNG NONG BON TO
CHAOPHRAYA RIVER
32
[3] Chapter: Voids And Blowholes Repair With High Strength Mortar, Page: 38
STECON
บริษัท ซิโน-ไทย เอ็น เนียริ่ง แอนด์ คอนสตรัคชั่น จํากัด (มหาชน)
SING THAI ENGINEERING & CONSTRUCTION PUBLIC COMPANY LIMITED
RP-TN-05
VOIDS AND BLOWHOLES REPAIR
(WITH HIGH STRENGTH MORTAR)
PROJECT : SEWERAGE TUNNEL BUNG NONG BON TO
CHAOPHRAYA RIVER
38
[2] Chapter: Guildline For Repair, Page: 6
STECON
บริษัท ชิโน-ไทย เ รี ย ง แอนด์ คอนสตรัคชั่น จำกัด (มหาชน)
SINO-THA ENGINEERING & CONSTRUCTION PUBLIC COMPANY LIMITED
Project: SEWERAGE TUNNEL BUNG NONG BON
TO CHAOPHRAYA RIVER
[
• รูฟองอากาศ (Voids or Blowholes)
[
[
[
A.Outside Surface
B.Inside Surface
[
[
[
C.Gasket Surface
Table4 Guideline for Voids or Blowholes Repair
[
Action
1.No Repair
Reference Method
[
2.Repair with
Cementitious
Mortar
A(mm.)
B(mm.)
C(mm.)
Wide: <2
RP-TN-04
Wide: A≤10
Depth: A≤10
Wide: 2<B≤10
Depth: B≤10
Wide: C≤10
Depth: C≤10
3.Repair with
High Strength
RP-TN-05
Mortar
Wide: A>10
Depth: A>10
Wide: A>10
Depth: A>10
Wide A 10
Depth: A>10
Rebar exposed
Rebar exposed
Rebar exposed
[
[
4.Reject
Document No.
[4] Chapter: Guildline For Repair, Page: 2
บริษัท ชิน ไทย เช่นจีเนีย ง แอนด์ คอนสต วัดอื่น จํากัด (มหาช
Project: SEWERAGE TUNNEL BUNG NONG BON
STECON
SINO THAI ENGINE HUING & CONSTRUCTION PUBLIC COMAPARY FISHITED
TO CHAOPHRAYA RIVER
การซ่อมแซมความเสียหายที่เกิดขึ้นกับชิ้นงาน
ขอบเขตของงาน (Scope of Work)
วิธีการซ่อมแซมชิ้นส่วนอุโมงค์จัดทำขึ้น เพื่อใช้สำหรับการซ่อมผิวคอนกรีตของชิ้นส่วน
ผนังอุโมงค์ สำหรับโครงการก่อสร้างอุโมงค์ระบายน้ำจากบึงหนองบอนลงสู่แม่น้ำเจ้าพระยา
ซึ่งลักษณะความเสียหายหรือข้อบกพร่องอาจเกิดขึ้นจากกระบวนการผลิต การขนส่งและ
เคลื่อนย้าย หรือการเก็บรักษา ที่โรงงานผลิตชิ้นส่วนอุโมงค์ โดยที่ความเสียหายนี้ไม่มีผลกระทบ
ต่อโครงสร้างหลักของชิ้นส่วนผนังอุโมงค์ตามที่ออกแบบไว้ ทั้งนี้ทางฝ่ายผลิตและควบคุม
คุณภาพจะทำการบันทึกข้อมูลไว้ หากมีความเสียหายมากเกินข้อกำหนด จะต้องทำการ
ตรวจสอบและทบทวนเพื่อหาข้อบกพร่อง ดังนี้
1.) ความเสียหายจากการผลิต ไม่เกิน 5% ของจำนวน Rings ที่ผลิตได้
2.) ความเสียหายจากการขนส่งและการขนย้าย ไม่เกิน 2% ของจำนวน Rings ของการขนส่ง
ความเสียหายที่เกิดขึ้นกับชิ้นงานแบ่งได้เป็น 4 ลักษณะได้แก่
1.) รอยร้าว (Crack)
2.) แตกบินที่ขอบ (Spalling Edge)
3.) แตกบิ่นบริเวณ Gasket (Spalling Recesses)
4.) รูฟองอากาศ (Voids or Blowholes)
LE LE LE LE LL U1
Document No.","32
[
STECON
- ()
SING THEM EIGINIERING & CORRUCAPANY LIMITED
RP-TN-04
VOIDS AND BLOWHOLES REPAIR
PROJECT: SEWERAGE TUNNEL BUNG NONG BON TO
CHAOPHRAYA RIVER
32
[3] Chapter: Voids And Blowholes Repair With High Strength Mortar, Page: 38
STECON
บริษัท ซิโน-ไทย เอ็น เนียริ่ง แอนด์ คอนสตรัคชั่น จํากัด (มหาชน)
SING THAI ENGINEERING & CONSTRUCTION PUBLIC COMPANY LIMITED
RP-TN-05
VOIDS AND BLOWHOLES REPAIR
(WITH HIGH STRENGTH MORTAR)
PROJECT : SEWERAGE TUNNEL BUNG NONG BON TO
CHAOPHRAYA RIVER
38
[2] Chapter: Guildline For Repair, Page: 6
STECON
บริษัท ชิโน-ไทย เ รี ย ง แอนด์ คอนสตรัคชั่น จำกัด (มหาชน)
SINO-THA ENGINEERING & CONSTRUCTION PUBLIC COMPANY LIMITED
Project: SEWERAGE TUNNEL BUNG NONG BON
TO CHAOPHRAYA RIVER
[
• รูฟองอากาศ (Voids or Blowholes)
[
[
[
A.Outside Surface
B.Inside Surface
[
[
[
C.Gasket Surface
Table4 Guideline for Voids or Blowholes Repair
[
Action
1.No Repair
Reference Method
[
2.Repair with
Cementitious
Mortar
A(mm.)
B(mm.)
C(mm.)
Wide: <2
RP-TN-04
Wide: A≤10
Depth: A≤10
Wide: 2<B≤10
Depth: B≤10
Wide: C≤10
Depth: C≤10
3.Repair with
High Strength
RP-TN-05
Mortar
Wide: A>10
Depth: A>10
Wide: A>10
Depth: A>10
Wide A 10
Depth: A>10
Rebar exposed
Rebar exposed
Rebar exposed
[
[
4.Reject
Document No.
[4] Chapter: Guildline For Repair, Page: 2
บริษัท ชิน ไทย เช่นจีเนีย ง แอนด์ คอนสต วัดอื่น จํากัด (มหาช
Project: SEWERAGE TUNNEL BUNG NONG BON
STECON
SINO THAI ENGINE HUING & CONSTRUCTION PUBLIC COMAPARY FISHITED
TO CHAOPHRAYA RIVER
การซ่อมแซมความเสียหายที่เกิดขึ้นกับชิ้นงาน
ขอบเขตของงาน (Scope of Work)
วิธีการซ่อมแซมชิ้นส่วนอุโมงค์จัดทำขึ้น เพื่อใช้สำหรับการซ่อมผิวคอนกรีตของชิ้นส่วน
ผนังอุโมงค์ สำหรับโครงการก่อสร้างอุโมงค์ระบายน้ำจากบึงหนองบอนลงสู่แม่น้ำเจ้าพระยา
ซึ่งลักษณะความเสียหายหรือข้อบกพร่องอาจเกิดขึ้นจากกระบวนการผลิต การขนส่งและ
เคลื่อนย้าย หรือการเก็บรักษา ที่โรงงานผลิตชิ้นส่วนอุโมงค์ โดยที่ความเสียหายนี้ไม่มีผลกระทบ
ต่อโครงสร้างหลักของชิ้นส่วนผนังอุโมงค์ตามที่ออกแบบไว้ ทั้งนี้ทางฝ่ายผลิตและควบคุม
คุณภาพจะทำการบันทึกข้อมูลไว้ หากมีความเสียหายมากเกินข้อกำหนด จะต้องทำการ
ตรวจสอบและทบทวนเพื่อหาข้อบกพร่อง ดังนี้
1.) ความเสียหายจากการผลิต ไม่เกิน 5% ของจำนวน Rings ที่ผลิตได้
2.) ความเสียหายจากการขนส่งและการขนย้าย ไม่เกิน 2% ของจำนวน Rings ของการขนส่ง
ความเสียหายที่เกิดขึ้นกับชิ้นงานแบ่งได้เป็น 4 ลักษณะได้แก่
1.) รอยร้าว (Crack)
2.) แตกบินที่ขอบ (Spalling Edge)
3.) แตกบิ่นบริเวณ Gasket (Spalling Recesses)
4.) รูฟองอากาศ (Voids or Blowholes)
LE LE LE LE LL U1
Document No.",extractive-fallback,"[1] Chapter: Voids And Blowholes Repair, Page: 32
[
STECON
- ()
SING THEM EIGINIERING & CORRUCAPANY LIMITED
RP-TN-04
VOIDS AND BLOWHOLES REPAIR
PROJECT: SEWERAGE TUNNEL BUNG NONG BON TO
CHAOPHRAYA RIVER
32
[3] Chapter: Voids And Blowholes Repair With High Strength Mortar, Page: 38
STECON
บริษัท ซิโน-ไทย เอ็น เนียริ่ง แอนด์ คอนสตรัคชั่น จํากัด (มหาชน)
SING THAI ENGINEERING & CONSTRUCTION PUBLIC COMPANY LIMITED
RP-TN-05
VOIDS AND BLOWHOLES REPAIR
(WITH HIGH STRENGTH MORTAR)
PROJECT : SEWERAGE TUNNEL BUNG NONG BON TO
CHAOPHRAYA RIVER
38
[2] Chapter: Guildline For Repair, Page: 6
STECON
บริษัท ชิโน-ไทย เ รี ย ง แอนด์ คอนสตรัคชั่น จำกัด (มหาชน)
SINO-THA ENGINEERING & CONSTRUCTION PUBLIC COMPANY LIMITED
Project: SEWERAGE TUNNEL BUNG NONG BON
TO CHAOPHRAYA RIVER
[
• รูฟองอากาศ (Voids or Blowholes)
[
[
[
A.Outside Surface
B.Inside Surface
[
[
[
C.Gasket Surface
Table4 Guideline for Voids or Blowholes Repair
[
Action
1.No Repair
Reference Method
[
2.Repair with
Cementitious
Mortar
A(mm.)
B(mm.)
C(mm.)
Wide: <2
RP-TN-04
Wide: A≤10
Depth: A≤10
Wide: 2<B≤10
Depth: B≤10
Wide: C≤10
Depth: C≤10
3.Repair with
High Strength
RP-TN-05
Mortar
Wide: A>10
Depth: A>10
Wide: A>10
Depth: A>10
Wide A 10
Depth: A>10
Rebar exposed
Rebar exposed
Rebar exposed
[
[
4.Reject
Document No.
[4] Chapter: Guildline For Repair, Page: 2
บริษัท ชิน ไทย เช่นจีเนีย ง แอนด์ คอนสต วัดอื่น จํากัด (มหาช
Project: SEWERAGE TUNNEL BUNG NONG BON
STECON
SINO THAI ENGINE HUING & CONSTRUCTION PUBLIC COMAPARY FISHITED
TO CHAOPHRAYA RIVER
การซ่อมแซมความเสียหายที่เกิดขึ้นกับชิ้นงาน
ขอบเขตของงาน (Scope of Work)
วิธีการซ่อมแซมชิ้นส่วนอุโมงค์จัดทำขึ้น เพื่อใช้สำหรับการซ่อมผิวคอนกรีตของชิ้นส่วน
ผนังอุโมงค์ สำหรับโครงการก่อสร้างอุโมงค์ระบายน้ำจากบึงหนองบอนลงสู่แม่น้ำเจ้าพระยา
ซึ่งลักษณะความเสียหายหรือข้อบกพร่องอาจเกิดขึ้นจากกระบวนการผลิต การขนส่งและ
เคลื่อนย้าย หรือการเก็บรักษา ที่โรงงานผลิตชิ้นส่วนอุโมงค์ โดยที่ความเสียหายนี้ไม่มีผลกระทบ
ต่อโครงสร้างหลักของชิ้นส่วนผนังอุโมงค์ตามที่ออกแบบไว้ ทั้งนี้ทางฝ่ายผลิตและควบคุม
คุณภาพจะทำการบันทึกข้อมูลไว้ หากมีความเสียหายมากเกินข้อกำหนด จะต้องทำการ
ตรวจสอบและทบทวนเพื่อหาข้อบกพร่อง ดังนี้
1.) ความเสียหายจากการผลิต ไม่เกิน 5% ของจำนวน Rings ที่ผลิตได้
2.) ความเสียหายจากการขนส่งและการขนย้าย ไม่เกิน 2% ของจำนวน Rings ของการขนส่ง
ความเสียหายที่เกิดขึ้นกับชิ้นงานแบ่งได้เป็น 4 ลักษณะได้แก่
1.) รอยร้าว (Crack)
2.) แตกบินที่ขอบ (Spalling Edge)
3.) แตกบิ่นบริเวณ Gasket (Spalling Recesses)
4.) รูฟองอากาศ (Voids or Blowholes)
LE LE LE LE LL U1
Document No.",Construction-Related,Repair Method,"[1] Chapter: Voids And Blowholes Repair, Page: 32
[
STECON
- ()
SING THEM EIGINIERING & CORRUCAPANY LIMITED
RP-TN-04
VOIDS AND BLOWHOLES REPAIR
PROJECT: SEWERAGE TUNNEL BUNG NONG BON TO
CHAOPHRAYA RIVER
32
[3] Chapter: Voids And Blowholes Repair With High Strength Mortar, Page: 38
STECON
บริษัท ซิโน-ไทย เอ็น เนียริ่ง แอนด์ คอนสตรัคชั่น จํากัด (มหาชน)
SING THAI ENGINEERING & CONSTRUCTION PUBLIC COMPANY LIMITED
RP-TN-05
VOIDS AND BLOWHOLES REPAIR
(WITH HIGH STRENGTH MORTAR)
PROJECT : SEWERAGE TUNNEL BUNG NONG BON TO
CHAOPHRAYA RIVER
38
[2] Chapter: Guildline For Repair, Page: 6
STECON
บริษัท ชิโน-ไทย เ รี ย ง แอนด์ คอนสตรัคชั่น จำกัด (มหาชน)
SINO-THA ENGINEERING & CONSTRUCTION PUBLIC COMPANY LIMITED
Project: SEWERAGE TUNNEL BUNG NONG BON
TO CHAOPHRAYA RIVER
[
• รูฟองอากาศ (Voids or Blowholes)
[
[
[
A.Outside Surface
B.Inside Surface
[
[
[
C.Gasket Surface
Table4 Guideline for Voids or Blowholes Repair
[
Action
1.No Repair
Reference Method
[
2.Repair with
Cementitious
Mortar
A(mm.)
B(mm.)
C(mm.)
Wide: <2
RP-TN-04
Wide: A≤10
Depth: A≤10
Wide: 2<B≤10
Depth: B≤10
Wide: C≤10
Depth: C≤10
3.Repair with
High Strength
RP-TN-05
Mortar
Wide: A>10
Depth: A>10
Wide: A>10
Depth: A>10
Wide A 10
Depth: A>10
Rebar exposed
Rebar exposed
Rebar exposed
[
[
4.Reject
Document No.
[4] Chapter: Guildline For Repair, Page: 2
บริษัท ชิน ไทย เช่นจีเนีย ง แอนด์ คอนสต วัดอื่น จํากัด (มหาช
Project: SEWERAGE TUNNEL BUNG NONG BON
STECON
SINO THAI ENGINE HUING & CONSTRUCTION PUBLIC COMAPARY FISHITED
TO CHAOPHRAYA RIVER
การซ่อมแซมความเสียหายที่เกิดขึ้นกับชิ้นงาน
ขอบเขตของงาน (Scope of Work)
วิธีการซ่อมแซมชิ้นส่วนอุโมงค์จัดทำขึ้น เพื่อใช้สำหรับการซ่อมผิวคอนกรีตของชิ้นส่วน
ผนังอุโมงค์ สำหรับโครงการก่อสร้างอุโมงค์ระบายน้ำจากบึงหนองบอนลงสู่แม่น้ำเจ้าพระยา
ซึ่งลักษณะความเสียหายหรือข้อบกพร่องอาจเกิดขึ้นจากกระบวนการผลิต การขนส่งและ
เคลื่อนย้าย หรือการเก็บรักษา ที่โรงงานผลิตชิ้นส่วนอุโมงค์ โดยที่ความเสียหายนี้ไม่มีผลกระทบ
ต่อโครงสร้างหลักของชิ้นส่วนผนังอุโมงค์ตามที่ออกแบบไว้ ทั้งนี้ทางฝ่ายผลิตและควบคุม
คุณภาพจะทำการบันทึกข้อมูลไว้ หากมีความเสียหายมากเกินข้อกำหนด จะต้องทำการ
ตรวจสอบและทบทวนเพื่อหาข้อบกพร่อง ดังนี้
1.) ความเสียหายจากการผลิต ไม่เกิน 5% ของจำนวน Rings ที่ผลิตได้
2.) ความเสียหายจากการขนส่งและการขนย้าย ไม่เกิน 2% ของจำนวน Rings ของการขนส่ง
ความเสียหายที่เกิดขึ้นกับชิ้นงานแบ่งได้เป็น 4 ลักษณะได้แก่
1.) รอยร้าว (Crack)
2.) แตกบินที่ขอบ (Spalling Edge)
3.) แตกบิ่นบริเวณ Gasket (Spalling Recesses)
4.) รูฟองอากาศ (Voids or Blowholes)
LE LE LE LE LL U1
Document No.","32
[
STECON
- ()
SING THEM EIGINIERING & CORRUCAPANY LIMITED
RP-TN-04
VOIDS AND BLOWHOLES REPAIR
PROJECT: SEWERAGE TUNNEL BUNG NONG BON TO
CHAOPHRAYA RIVER
32
[3] Chapter: Voids And Blowholes Repair With High Strength Mortar, Page: 38
STECON
บริษัท ซิโน-ไทย เอ็น เนียริ่ง แอนด์ คอนสตรัคชั่น จํากัด (มหาชน)
SING THAI ENGINEERING & CONSTRUCTION PUBLIC COMPANY LIMITED
RP-TN-05
VOIDS AND BLOWHOLES REPAIR
(WITH HIGH STRENGTH MORTAR)
PROJECT : SEWERAGE TUNNEL BUNG NONG BON TO
CHAOPHRAYA RIVER
38
[2] Chapter: Guildline For Repair, Page: 6
STECON
บริษัท ชิโน-ไทย เ รี ย ง แอนด์ คอนสตรัคชั่น จำกัด (มหาชน)
SINO-THA ENGINEERING & CONSTRUCTION PUBLIC COMPANY LIMITED
Project: SEWERAGE TUNNEL BUNG NONG BON
TO CHAOPHRAYA RIVER
[
• รูฟองอากาศ (Voids or Blowholes)
[
[
[
A.Outside Surface
B.Inside Surface
[
[
[
C.Gasket Surface
Table4 Guideline for Voids or Blowholes Repair
[
Action
1.No Repair
Reference Method
[
2.Repair with
Cementitious
Mortar
A(mm.)
B(mm.)
C(mm.)
Wide: <2
RP-TN-04
Wide: A≤10
Depth: A≤10
Wide: 2<B≤10
Depth: B≤10
Wide: C≤10
Depth: C≤10
3.Repair with
High Strength
RP-TN-05
Mortar
Wide: A>10
Depth: A>10
Wide: A>10
Depth: A>10
Wide A 10
Depth: A>10
Rebar exposed
Rebar exposed
Rebar exposed
[
[
4.Reject
Document No.
[4] Chapter: Guildline For Repair, Page: 2
บริษัท ชิน ไทย เช่นจีเนีย ง แอนด์ คอนสต วัดอื่น จํากัด (มหาช
Project: SEWERAGE TUNNEL BUNG NONG BON
STECON
SINO THAI ENGINE HUING & CONSTRUCTION PUBLIC COMAPARY FISHITED
TO CHAOPHRAYA RIVER
การซ่อมแซมความเสียหายที่เกิดขึ้นกับชิ้นงาน
ขอบเขตของงาน (Scope of Work)
วิธีการซ่อมแซมชิ้นส่วนอุโมงค์จัดทำขึ้น เพื่อใช้สำหรับการซ่อมผิวคอนกรีตของชิ้นส่วน
ผนังอุโมงค์ สำหรับโครงการก่อสร้างอุโมงค์ระบายน้ำจากบึงหนองบอนลงสู่แม่น้ำเจ้าพระยา
ซึ่งลักษณะความเสียหายหรือข้อบกพร่องอาจเกิดขึ้นจากกระบวนการผลิต การขนส่งและ
เคลื่อนย้าย หรือการเก็บรักษา ที่โรงงานผลิตชิ้นส่วนอุโมงค์ โดยที่ความเสียหายนี้ไม่มีผลกระทบ
ต่อโครงสร้างหลักของชิ้นส่วนผนังอุโมงค์ตามที่ออกแบบไว้ ทั้งนี้ทางฝ่ายผลิตและควบคุม
คุณภาพจะทำการบันทึกข้อมูลไว้ หากมีความเสียหายมากเกินข้อกำหนด จะต้องทำการ
ตรวจสอบและทบทวนเพื่อหาข้อบกพร่อง ดังนี้
1.) ความเสียหายจากการผลิต ไม่เกิน 5% ของจำนวน Rings ที่ผลิตได้
2.) ความเสียหายจากการขนส่งและการขนย้าย ไม่เกิน 2% ของจำนวน Rings ของการขนส่ง
ความเสียหายที่เกิดขึ้นกับชิ้นงานแบ่งได้เป็น 4 ลักษณะได้แก่
1.) รอยร้าว (Crack)
2.) แตกบินที่ขอบ (Spalling Edge)
3.) แตกบิ่นบริเวณ Gasket (Spalling Recesses)
4.) รูฟองอากาศ (Voids or Blowholes)
LE LE LE LE LL U1
Document No.",extractive-fallback,"[1] Chapter: Voids And Blowholes Repair, Page: 32
[
STECON
- ()
SING THEM EIGINIERING & CORRUCAPANY LIMITED
RP-TN-04
VOIDS AND BLOWHOLES REPAIR
PROJECT: SEWERAGE TUNNEL BUNG NONG BON TO
CHAOPHRAYA RIVER
32
[3] Chapter: Voids And Blowholes Repair With High Strength Mortar, Page: 38
STECON
บริษัท ซิโน-ไทย เอ็น เนียริ่ง แอนด์ คอนสตรัคชั่น จํากัด (มหาชน)
SING THAI ENGINEERING & CONSTRUCTION PUBLIC COMPANY LIMITED
RP-TN-05
VOIDS AND BLOWHOLES REPAIR
(WITH HIGH STRENGTH MORTAR)
PROJECT : SEWERAGE TUNNEL BUNG NONG BON TO
CHAOPHRAYA RIVER
38
[2] Chapter: Guildline For Repair, Page: 6
STECON
บริษัท ชิโน-ไทย เ รี ย ง แอนด์ คอนสตรัคชั่น จำกัด (มหาชน)
SINO-THA ENGINEERING & CONSTRUCTION PUBLIC COMPANY LIMITED
Project: SEWERAGE TUNNEL BUNG NONG BON
TO CHAOPHRAYA RIVER
[
• รูฟองอากาศ (Voids or Blowholes)
[
[
[
A.Outside Surface
B.Inside Surface
[
[
[
C.Gasket Surface
Table4 Guideline for Voids or Blowholes Repair
[
Action
1.No Repair
Reference Method
[
2.Repair with
Cementitious
Mortar
A(mm.)
B(mm.)
C(mm.)
Wide: <2
RP-TN-04
Wide: A≤10
Depth: A≤10
Wide: 2<B≤10
Depth: B≤10
Wide: C≤10
Depth: C≤10
3.Repair with
High Strength
RP-TN-05
Mortar
Wide: A>10
Depth: A>10
Wide: A>10
Depth: A>10
Wide A 10
Depth: A>10
Rebar exposed
Rebar exposed
Rebar exposed
[
[
4.Reject
Document No.
[4] Chapter: Guildline For Repair, Page: 2
บริษัท ชิน ไทย เช่นจีเนีย ง แอนด์ คอนสต วัดอื่น จํากัด (มหาช
Project: SEWERAGE TUNNEL BUNG NONG BON
STECON
SINO THAI ENGINE HUING & CONSTRUCTION PUBLIC COMAPARY FISHITED
TO CHAOPHRAYA RIVER
การซ่อมแซมความเสียหายที่เกิดขึ้นกับชิ้นงาน
ขอบเขตของงาน (Scope of Work)
วิธีการซ่อมแซมชิ้นส่วนอุโมงค์จัดทำขึ้น เพื่อใช้สำหรับการซ่อมผิวคอนกรีตของชิ้นส่วน
ผนังอุโมงค์ สำหรับโครงการก่อสร้างอุโมงค์ระบายน้ำจากบึงหนองบอนลงสู่แม่น้ำเจ้าพระยา
ซึ่งลักษณะความเสียหายหรือข้อบกพร่องอาจเกิดขึ้นจากกระบวนการผลิต การขนส่งและ
เคลื่อนย้าย หรือการเก็บรักษา ที่โรงงานผลิตชิ้นส่วนอุโมงค์ โดยที่ความเสียหายนี้ไม่มีผลกระทบ
ต่อโครงสร้างหลักของชิ้นส่วนผนังอุโมงค์ตามที่ออกแบบไว้ ทั้งนี้ทางฝ่ายผลิตและควบคุม
คุณภาพจะทำการบันทึกข้อมูลไว้ หากมีความเสียหายมากเกินข้อกำหนด จะต้องทำการ
ตรวจสอบและทบทวนเพื่อหาข้อบกพร่อง ดังนี้
1.) ความเสียหายจากการผลิต ไม่เกิน 5% ของจำนวน Rings ที่ผลิตได้
2.) ความเสียหายจากการขนส่งและการขนย้าย ไม่เกิน 2% ของจำนวน Rings ของการขนส่ง
ความเสียหายที่เกิดขึ้นกับชิ้นงานแบ่งได้เป็น 4 ลักษณะได้แก่
1.) รอยร้าว (Crack)
2.) แตกบินที่ขอบ (Spalling Edge)
3.) แตกบิ่นบริเวณ Gasket (Spalling Recesses)
4.) รูฟองอากาศ (Voids or Blowholes)
LE LE LE LE LL U1
Document No.",Construction-Related,Repair Method,"[1] Chapter: Voids And Blowholes Repair, Page: 32
[
STECON
- ()
SING THEM EIGINIERING & CORRUCAPANY LIMITED
RP-TN-04
VOIDS AND BLOWHOLES REPAIR
PROJECT: SEWERAGE TUNNEL BUNG NONG BON TO
CHAOPHRAYA RIVER
32
[3] Chapter: Voids And Blowholes Repair With High Strength Mortar, Page: 38
STECON
บริษัท ซิโน-ไทย เอ็น เนียริ่ง แอนด์ คอนสตรัคชั่น จํากัด (มหาชน)
SING THAI ENGINEERING & CONSTRUCTION PUBLIC COMPANY LIMITED
RP-TN-05
VOIDS AND BLOWHOLES REPAIR
(WITH HIGH STRENGTH MORTAR)
PROJECT : SEWERAGE TUNNEL BUNG NONG BON TO
CHAOPHRAYA RIVER
38
[2] Chapter: Guildline For Repair, Page: 6
STECON
บริษัท ชิโน-ไทย เ รี ย ง แอนด์ คอนสตรัคชั่น จำกัด (มหาชน)
SINO-THA ENGINEERING & CONSTRUCTION PUBLIC COMPANY LIMITED
Project: SEWERAGE TUNNEL BUNG NONG BON
TO CHAOPHRAYA RIVER
[
• รูฟองอากาศ (Voids or Blowholes)
[
[
[
A.Outside Surface
B.Inside Surface
[
[
[
C.Gasket Surface
Table4 Guideline for Voids or Blowholes Repair
[
Action
1.No Repair
Reference Method
[
2.Repair with
Cementitious
Mortar
A(mm.)
B(mm.)
C(mm.)
Wide: <2
RP-TN-04
Wide: A≤10
Depth: A≤10
Wide: 2<B≤10
Depth: B≤10
Wide: C≤10
Depth: C≤10
3.Repair with
High Strength
RP-TN-05
Mortar
Wide: A>10
Depth: A>10
Wide: A>10
Depth: A>10
Wide A 10
Depth: A>10
Rebar exposed
Rebar exposed
Rebar exposed
[
[
4.Reject
Document No.
[4] Chapter: Guildline For Repair, Page: 2
บริษัท ชิน ไทย เช่นจีเนีย ง แอนด์ คอนสต วัดอื่น จํากัด (มหาช
Project: SEWERAGE TUNNEL BUNG NONG BON
STECON
SINO THAI ENGINE HUING & CONSTRUCTION PUBLIC COMAPARY FISHITED
TO CHAOPHRAYA RIVER
การซ่อมแซมความเสียหายที่เกิดขึ้นกับชิ้นงาน
ขอบเขตของงาน (Scope of Work)
วิธีการซ่อมแซมชิ้นส่วนอุโมงค์จัดทำขึ้น เพื่อใช้สำหรับการซ่อมผิวคอนกรีตของชิ้นส่วน
ผนังอุโมงค์ สำหรับโครงการก่อสร้างอุโมงค์ระบายน้ำจากบึงหนองบอนลงสู่แม่น้ำเจ้าพระยา
ซึ่งลักษณะความเสียหายหรือข้อบกพร่องอาจเกิดขึ้นจากกระบวนการผลิต การขนส่งและ
เคลื่อนย้าย หรือการเก็บรักษา ที่โรงงานผลิตชิ้นส่วนอุโมงค์ โดยที่ความเสียหายนี้ไม่มีผลกระทบ
ต่อโครงสร้างหลักของชิ้นส่วนผนังอุโมงค์ตามที่ออกแบบไว้ ทั้งนี้ทางฝ่ายผลิตและควบคุม
คุณภาพจะทำการบันทึกข้อมูลไว้ หากมีความเสียหายมากเกินข้อกำหนด จะต้องทำการ
ตรวจสอบและทบทวนเพื่อหาข้อบกพร่อง ดังนี้
1.) ความเสียหายจากการผลิต ไม่เกิน 5% ของจำนวน Rings ที่ผลิตได้
2.) ความเสียหายจากการขนส่งและการขนย้าย ไม่เกิน 2% ของจำนวน Rings ของการขนส่ง
ความเสียหายที่เกิดขึ้นกับชิ้นงานแบ่งได้เป็น 4 ลักษณะได้แก่
1.) รอยร้าว (Crack)
2.) แตกบินที่ขอบ (Spalling Edge)
3.) แตกบิ่นบริเวณ Gasket (Spalling Recesses)
4.) รูฟองอากาศ (Voids or Blowholes)
LE LE LE LE LL U1
Document No.","32
[
STECON
- ()
SING THEM EIGINIERING & CORRUCAPANY LIMITED
RP-TN-04
VOIDS AND BLOWHOLES REPAIR
PROJECT: SEWERAGE TUNNEL BUNG NONG BON TO
CHAOPHRAYA RIVER
32
[3] Chapter: Voids And Blowholes Repair With High Strength Mortar, Page: 38
STECON
บริษัท ซิโน-ไทย เอ็น เนียริ่ง แอนด์ คอนสตรัคชั่น จํากัด (มหาชน)
SING THAI ENGINEERING & CONSTRUCTION PUBLIC COMPANY LIMITED
RP-TN-05
VOIDS AND BLOWHOLES REPAIR
(WITH HIGH STRENGTH MORTAR)
PROJECT : SEWERAGE TUNNEL BUNG NONG BON TO
CHAOPHRAYA RIVER
38
[2] Chapter: Guildline For Repair, Page: 6
STECON
บริษัท ชิโน-ไทย เ รี ย ง แอนด์ คอนสตรัคชั่น จำกัด (มหาชน)
SINO-THA ENGINEERING & CONSTRUCTION PUBLIC COMPANY LIMITED
Project: SEWERAGE TUNNEL BUNG NONG BON
TO CHAOPHRAYA RIVER
[
• รูฟองอากาศ (Voids or Blowholes)
[
[
[
A.Outside Surface
B.Inside Surface
[
[
[
C.Gasket Surface
Table4 Guideline for Voids or Blowholes Repair
[
Action
1.No Repair
Reference Method
[
2.Repair with
Cementitious
Mortar
A(mm.)
B(mm.)
C(mm.)
Wide: <2
RP-TN-04
Wide: A≤10
Depth: A≤10
Wide: 2<B≤10
Depth: B≤10
Wide: C≤10
Depth: C≤10
3.Repair with
High Strength
RP-TN-05
Mortar
Wide: A>10
Depth: A>10
Wide: A>10
Depth: A>10
Wide A 10
Depth: A>10
Rebar exposed
Rebar exposed
Rebar exposed
[
[
4.Reject
Document No.
[4] Chapter: Guildline For Repair, Page: 2
บริษัท ชิน ไทย เช่นจีเนีย ง แอนด์ คอนสต วัดอื่น จํากัด (มหาช
Project: SEWERAGE TUNNEL BUNG NONG BON
STECON
SINO THAI ENGINE HUING & CONSTRUCTION PUBLIC COMAPARY FISHITED
TO CHAOPHRAYA RIVER
การซ่อมแซมความเสียหายที่เกิดขึ้นกับชิ้นงาน
ขอบเขตของงาน (Scope of Work)
วิธีการซ่อมแซมชิ้นส่วนอุโมงค์จัดทำขึ้น เพื่อใช้สำหรับการซ่อมผิวคอนกรีตของชิ้นส่วน
ผนังอุโมงค์ สำหรับโครงการก่อสร้างอุโมงค์ระบายน้ำจากบึงหนองบอนลงสู่แม่น้ำเจ้าพระยา
ซึ่งลักษณะความเสียหายหรือข้อบกพร่องอาจเกิดขึ้นจากกระบวนการผลิต การขนส่งและ
เคลื่อนย้าย หรือการเก็บรักษา ที่โรงงานผลิตชิ้นส่วนอุโมงค์ โดยที่ความเสียหายนี้ไม่มีผลกระทบ
ต่อโครงสร้างหลักของชิ้นส่วนผนังอุโมงค์ตามที่ออกแบบไว้ ทั้งนี้ทางฝ่ายผลิตและควบคุม
คุณภาพจะทำการบันทึกข้อมูลไว้ หากมีความเสียหายมากเกินข้อกำหนด จะต้องทำการ
ตรวจสอบและทบทวนเพื่อหาข้อบกพร่อง ดังนี้
1.) ความเสียหายจากการผลิต ไม่เกิน 5% ของจำนวน Rings ที่ผลิตได้
2.) ความเสียหายจากการขนส่งและการขนย้าย ไม่เกิน 2% ของจำนวน Rings ของการขนส่ง
ความเสียหายที่เกิดขึ้นกับชิ้นงานแบ่งได้เป็น 4 ลักษณะได้แก่
1.) รอยร้าว (Crack)
2.) แตกบินที่ขอบ (Spalling Edge)
3.) แตกบิ่นบริเวณ Gasket (Spalling Recesses)
4.) รูฟองอากาศ (Voids or Blowholes)
LE LE LE LE LL U1
Document No.",extractive-fallback,"[1] Chapter: Voids And Blowholes Repair, Page: 32
[
STECON
- ()
SING THEM EIGINIERING & CORRUCAPANY LIMITED
RP-TN-04
VOIDS AND BLOWHOLES REPAIR
PROJECT: SEWERAGE TUNNEL BUNG NONG BON TO
CHAOPHRAYA RIVER
32
[3] Chapter: Voids And Blowholes Repair With High Strength Mortar, Page: 38
STECON
บริษัท ซิโน-ไทย เอ็น เนียริ่ง แอนด์ คอนสตรัคชั่น จํากัด (มหาชน)
SING THAI ENGINEERING & CONSTRUCTION PUBLIC COMPANY LIMITED
RP-TN-05
VOIDS AND BLOWHOLES REPAIR
(WITH HIGH STRENGTH MORTAR)
PROJECT : SEWERAGE TUNNEL BUNG NONG BON TO
CHAOPHRAYA RIVER
38
[2] Chapter: Guildline For Repair, Page: 6
STECON
บริษัท ชิโน-ไทย เ รี ย ง แอนด์ คอนสตรัคชั่น จำกัด (มหาชน)
SINO-THA ENGINEERING & CONSTRUCTION PUBLIC COMPANY LIMITED
Project: SEWERAGE TUNNEL BUNG NONG BON
TO CHAOPHRAYA RIVER
[
• รูฟองอากาศ (Voids or Blowholes)
[
[
[
A.Outside Surface
B.Inside Surface
[
[
[
C.Gasket Surface
Table4 Guideline for Voids or Blowholes Repair
[
Action
1.No Repair
Reference Method
[
2.Repair with
Cementitious
Mortar
A(mm.)
B(mm.)
C(mm.)
Wide: <2
RP-TN-04
Wide: A≤10
Depth: A≤10
Wide: 2<B≤10
Depth: B≤10
Wide: C≤10
Depth: C≤10
3.Repair with
High Strength
RP-TN-05
Mortar
Wide: A>10
Depth: A>10
Wide: A>10
Depth: A>10
Wide A 10
Depth: A>10
Rebar exposed
Rebar exposed
Rebar exposed
[
[
4.Reject
Document No.
[4] Chapter: Guildline For Repair, Page: 2
บริษัท ชิน ไทย เช่นจีเนีย ง แอนด์ คอนสต วัดอื่น จํากัด (มหาช
Project: SEWERAGE TUNNEL BUNG NONG BON
STECON
SINO THAI ENGINE HUING & CONSTRUCTION PUBLIC COMAPARY FISHITED
TO CHAOPHRAYA RIVER
การซ่อมแซมความเสียหายที่เกิดขึ้นกับชิ้นงาน
ขอบเขตของงาน (Scope of Work)
วิธีการซ่อมแซมชิ้นส่วนอุโมงค์จัดทำขึ้น เพื่อใช้สำหรับการซ่อมผิวคอนกรีตของชิ้นส่วน
ผนังอุโมงค์ สำหรับโครงการก่อสร้างอุโมงค์ระบายน้ำจากบึงหนองบอนลงสู่แม่น้ำเจ้าพระยา
ซึ่งลักษณะความเสียหายหรือข้อบกพร่องอาจเกิดขึ้นจากกระบวนการผลิต การขนส่งและ
เคลื่อนย้าย หรือการเก็บรักษา ที่โรงงานผลิตชิ้นส่วนอุโมงค์ โดยที่ความเสียหายนี้ไม่มีผลกระทบ
ต่อโครงสร้างหลักของชิ้นส่วนผนังอุโมงค์ตามที่ออกแบบไว้ ทั้งนี้ทางฝ่ายผลิตและควบคุม
คุณภาพจะทำการบันทึกข้อมูลไว้ หากมีความเสียหายมากเกินข้อกำหนด จะต้องทำการ
ตรวจสอบและทบทวนเพื่อหาข้อบกพร่อง ดังนี้
1.) ความเสียหายจากการผลิต ไม่เกิน 5% ของจำนวน Rings ที่ผลิตได้
2.) ความเสียหายจากการขนส่งและการขนย้าย ไม่เกิน 2% ของจำนวน Rings ของการขนส่ง
ความเสียหายที่เกิดขึ้นกับชิ้นงานแบ่งได้เป็น 4 ลักษณะได้แก่
1.) รอยร้าว (Crack)
2.) แตกบินที่ขอบ (Spalling Edge)
3.) แตกบิ่นบริเวณ Gasket (Spalling Recesses)
4.) รูฟองอากาศ (Voids or Blowholes)
LE LE LE LE LL U1
Document No.",Construction-Related,Repair Method,"[1] Chapter: Voids And Blowholes Repair, Page: 32
[
STECON
- ()
SING THEM EIGINIERING & CORRUCAPANY LIMITED
RP-TN-04
VOIDS AND BLOWHOLES REPAIR
PROJECT: SEWERAGE TUNNEL BUNG NONG BON TO
CHAOPHRAYA RIVER
32
[3] Chapter: Voids And Blowholes Repair With High Strength Mortar, Page: 38
STECON
บริษัท ซิโน-ไทย เอ็น เนียริ่ง แอนด์ คอนสตรัคชั่น จํากัด (มหาชน)
SING THAI ENGINEERING & CONSTRUCTION PUBLIC COMPANY LIMITED
RP-TN-05
VOIDS AND BLOWHOLES REPAIR
(WITH HIGH STRENGTH MORTAR)
PROJECT : SEWERAGE TUNNEL BUNG NONG BON TO
CHAOPHRAYA RIVER
38
[2] Chapter: Guildline For Repair, Page: 6
STECON
บริษัท ชิโน-ไทย เ รี ย ง แอนด์ คอนสตรัคชั่น จำกัด (มหาชน)
SINO-THA ENGINEERING & CONSTRUCTION PUBLIC COMPANY LIMITED
Project: SEWERAGE TUNNEL BUNG NONG BON
TO CHAOPHRAYA RIVER
[
• รูฟองอากาศ (Voids or Blowholes)
[
[
[
A.Outside Surface
B.Inside Surface
[
[
[
C.Gasket Surface
Table4 Guideline for Voids or Blowholes Repair
[
Action
1.No Repair
Reference Method
[
2.Repair with
Cementitious
Mortar
A(mm.)
B(mm.)
C(mm.)
Wide: <2
RP-TN-04
Wide: A≤10
Depth: A≤10
Wide: 2<B≤10
Depth: B≤10
Wide: C≤10
Depth: C≤10
3.Repair with
High Strength
RP-TN-05
Mortar
Wide: A>10
Depth: A>10
Wide: A>10
Depth: A>10
Wide A 10
Depth: A>10
Rebar exposed
Rebar exposed
Rebar exposed
[
[
4.Reject
Document No.
[4] Chapter: Guildline For Repair, Page: 2
บริษัท ชิน ไทย เช่นจีเนีย ง แอนด์ คอนสต วัดอื่น จํากัด (มหาช
Project: SEWERAGE TUNNEL BUNG NONG BON
STECON
SINO THAI ENGINE HUING & CONSTRUCTION PUBLIC COMAPARY FISHITED
TO CHAOPHRAYA RIVER
การซ่อมแซมความเสียหายที่เกิดขึ้นกับชิ้นงาน
ขอบเขตของงาน (Scope of Work)
วิธีการซ่อมแซมชิ้นส่วนอุโมงค์จัดทำขึ้น เพื่อใช้สำหรับการซ่อมผิวคอนกรีตของชิ้นส่วน
ผนังอุโมงค์ สำหรับโครงการก่อสร้างอุโมงค์ระบายน้ำจากบึงหนองบอนลงสู่แม่น้ำเจ้าพระยา
ซึ่งลักษณะความเสียหายหรือข้อบกพร่องอาจเกิดขึ้นจากกระบวนการผลิต การขนส่งและ
เคลื่อนย้าย หรือการเก็บรักษา ที่โรงงานผลิตชิ้นส่วนอุโมงค์ โดยที่ความเสียหายนี้ไม่มีผลกระทบ
ต่อโครงสร้างหลักของชิ้นส่วนผนังอุโมงค์ตามที่ออกแบบไว้ ทั้งนี้ทางฝ่ายผลิตและควบคุม
คุณภาพจะทำการบันทึกข้อมูลไว้ หากมีความเสียหายมากเกินข้อกำหนด จะต้องทำการ
ตรวจสอบและทบทวนเพื่อหาข้อบกพร่อง ดังนี้
1.) ความเสียหายจากการผลิต ไม่เกิน 5% ของจำนวน Rings ที่ผลิตได้
2.) ความเสียหายจากการขนส่งและการขนย้าย ไม่เกิน 2% ของจำนวน Rings ของการขนส่ง
ความเสียหายที่เกิดขึ้นกับชิ้นงานแบ่งได้เป็น 4 ลักษณะได้แก่
1.) รอยร้าว (Crack)
2.) แตกบินที่ขอบ (Spalling Edge)
3.) แตกบิ่นบริเวณ Gasket (Spalling Recesses)
4.) รูฟองอากาศ (Voids or Blowholes)
LE LE LE LE LL U1
Document No.","32
[
STECON
- ()
SING THEM EIGINIERING & CORRUCAPANY LIMITED
RP-TN-04
VOIDS AND BLOWHOLES REPAIR
PROJECT: SEWERAGE TUNNEL BUNG NONG BON TO
CHAOPHRAYA RIVER
32
[3] Chapter: Voids And Blowholes Repair With High Strength Mortar, Page: 38
STECON
บริษัท ซิโน-ไทย เอ็น เนียริ่ง แอนด์ คอนสตรัคชั่น จํากัด (มหาชน)
SING THAI ENGINEERING & CONSTRUCTION PUBLIC COMPANY LIMITED
RP-TN-05
VOIDS AND BLOWHOLES REPAIR
(WITH HIGH STRENGTH MORTAR)
PROJECT : SEWERAGE TUNNEL BUNG NONG BON TO
CHAOPHRAYA RIVER
38
[2] Chapter: Guildline For Repair, Page: 6
STECON
บริษัท ชิโน-ไทย เ รี ย ง แอนด์ คอนสตรัคชั่น จำกัด (มหาชน)
SINO-THA ENGINEERING & CONSTRUCTION PUBLIC COMPANY LIMITED
Project: SEWERAGE TUNNEL BUNG NONG BON
TO CHAOPHRAYA RIVER
[
• รูฟองอากาศ (Voids or Blowholes)
[
[
[
A.Outside Surface
B.Inside Surface
[
[
[
C.Gasket Surface
Table4 Guideline for Voids or Blowholes Repair
[
Action
1.No Repair
Reference Method
[
2.Repair with
Cementitious
Mortar
A(mm.)
B(mm.)
C(mm.)
Wide: <2
RP-TN-04
Wide: A≤10
Depth: A≤10
Wide: 2<B≤10
Depth: B≤10
Wide: C≤10
Depth: C≤10
3.Repair with
High Strength
RP-TN-05
Mortar
Wide: A>10
Depth: A>10
Wide: A>10
Depth: A>10
Wide A 10
Depth: A>10
Rebar exposed
Rebar exposed
Rebar exposed
[
[
4.Reject
Document No.
[4] Chapter: Guildline For Repair, Page: 2
บริษัท ชิน ไทย เช่นจีเนีย ง แอนด์ คอนสต วัดอื่น จํากัด (มหาช
Project: SEWERAGE TUNNEL BUNG NONG BON
STECON
SINO THAI ENGINE HUING & CONSTRUCTION PUBLIC COMAPARY FISHITED
TO CHAOPHRAYA RIVER
การซ่อมแซมความเสียหายที่เกิดขึ้นกับชิ้นงาน
ขอบเขตของงาน (Scope of Work)
วิธีการซ่อมแซมชิ้นส่วนอุโมงค์จัดทำขึ้น เพื่อใช้สำหรับการซ่อมผิวคอนกรีตของชิ้นส่วน
ผนังอุโมงค์ สำหรับโครงการก่อสร้างอุโมงค์ระบายน้ำจากบึงหนองบอนลงสู่แม่น้ำเจ้าพระยา
ซึ่งลักษณะความเสียหายหรือข้อบกพร่องอาจเกิดขึ้นจากกระบวนการผลิต การขนส่งและ
เคลื่อนย้าย หรือการเก็บรักษา ที่โรงงานผลิตชิ้นส่วนอุโมงค์ โดยที่ความเสียหายนี้ไม่มีผลกระทบ
ต่อโครงสร้างหลักของชิ้นส่วนผนังอุโมงค์ตามที่ออกแบบไว้ ทั้งนี้ทางฝ่ายผลิตและควบคุม
คุณภาพจะทำการบันทึกข้อมูลไว้ หากมีความเสียหายมากเกินข้อกำหนด จะต้องทำการ
ตรวจสอบและทบทวนเพื่อหาข้อบกพร่อง ดังนี้
1.) ความเสียหายจากการผลิต ไม่เกิน 5% ของจำนวน Rings ที่ผลิตได้
2.) ความเสียหายจากการขนส่งและการขนย้าย ไม่เกิน 2% ของจำนวน Rings ของการขนส่ง
ความเสียหายที่เกิดขึ้นกับชิ้นงานแบ่งได้เป็น 4 ลักษณะได้แก่
1.) รอยร้าว (Crack)
2.) แตกบินที่ขอบ (Spalling Edge)
3.) แตกบิ่นบริเวณ Gasket (Spalling Recesses)
4.) รูฟองอากาศ (Voids or Blowholes)
LE LE LE LE LL U1
Document No.",extractive-fallback,"[1] Chapter: Voids And Blowholes Repair, Page: 32
[
STECON
- ()
SING THEM EIGINIERING & CORRUCAPANY LIMITED
RP-TN-04
VOIDS AND BLOWHOLES REPAIR
PROJECT: SEWERAGE TUNNEL BUNG NONG BON TO
CHAOPHRAYA RIVER
32
[3] Chapter: Voids And Blowholes Repair With High Strength Mortar, Page: 38
STECON
บริษัท ซิโน-ไทย เอ็น เนียริ่ง แอนด์ คอนสตรัคชั่น จํากัด (มหาชน)
SING THAI ENGINEERING & CONSTRUCTION PUBLIC COMPANY LIMITED
RP-TN-05
VOIDS AND BLOWHOLES REPAIR
(WITH HIGH STRENGTH MORTAR)
PROJECT : SEWERAGE TUNNEL BUNG NONG BON TO
CHAOPHRAYA RIVER
38
[2] Chapter: Guildline For Repair, Page: 6
STECON
บริษัท ชิโน-ไทย เ รี ย ง แอนด์ คอนสตรัคชั่น จำกัด (มหาชน)
SINO-THA ENGINEERING & CONSTRUCTION PUBLIC COMPANY LIMITED
Project: SEWERAGE TUNNEL BUNG NONG BON
TO CHAOPHRAYA RIVER
[
• รูฟองอากาศ (Voids or Blowholes)
[
[
[
A.Outside Surface
B.Inside Surface
[
[
[
C.Gasket Surface
Table4 Guideline for Voids or Blowholes Repair
[
Action
1.No Repair
Reference Method
[
2.Repair with
Cementitious
Mortar
A(mm.)
B(mm.)
C(mm.)
Wide: <2
RP-TN-04
Wide: A≤10
Depth: A≤10
Wide: 2<B≤10
Depth: B≤10
Wide: C≤10
Depth: C≤10
3.Repair with
High Strength
RP-TN-05
Mortar
Wide: A>10
Depth: A>10
Wide: A>10
Depth: A>10
Wide A 10
Depth: A>10
Rebar exposed
Rebar exposed
Rebar exposed
[
[
4.Reject
Document No.
[4] Chapter: Guildline For Repair, Page: 2
บริษัท ชิน ไทย เช่นจีเนีย ง แอนด์ คอนสต วัดอื่น จํากัด (มหาช
Project: SEWERAGE TUNNEL BUNG NONG BON
STECON
SINO THAI ENGINE HUING & CONSTRUCTION PUBLIC COMAPARY FISHITED
TO CHAOPHRAYA RIVER
การซ่อมแซมความเสียหายที่เกิดขึ้นกับชิ้นงาน
ขอบเขตของงาน (Scope of Work)
วิธีการซ่อมแซมชิ้นส่วนอุโมงค์จัดทำขึ้น เพื่อใช้สำหรับการซ่อมผิวคอนกรีตของชิ้นส่วน
ผนังอุโมงค์ สำหรับโครงการก่อสร้างอุโมงค์ระบายน้ำจากบึงหนองบอนลงสู่แม่น้ำเจ้าพระยา
ซึ่งลักษณะความเสียหายหรือข้อบกพร่องอาจเกิดขึ้นจากกระบวนการผลิต การขนส่งและ
เคลื่อนย้าย หรือการเก็บรักษา ที่โรงงานผลิตชิ้นส่วนอุโมงค์ โดยที่ความเสียหายนี้ไม่มีผลกระทบ
ต่อโครงสร้างหลักของชิ้นส่วนผนังอุโมงค์ตามที่ออกแบบไว้ ทั้งนี้ทางฝ่ายผลิตและควบคุม
คุณภาพจะทำการบันทึกข้อมูลไว้ หากมีความเสียหายมากเกินข้อกำหนด จะต้องทำการ
ตรวจสอบและทบทวนเพื่อหาข้อบกพร่อง ดังนี้
1.) ความเสียหายจากการผลิต ไม่เกิน 5% ของจำนวน Rings ที่ผลิตได้
2.) ความเสียหายจากการขนส่งและการขนย้าย ไม่เกิน 2% ของจำนวน Rings ของการขนส่ง
ความเสียหายที่เกิดขึ้นกับชิ้นงานแบ่งได้เป็น 4 ลักษณะได้แก่
1.) รอยร้าว (Crack)
2.) แตกบินที่ขอบ (Spalling Edge)
3.) แตกบิ่นบริเวณ Gasket (Spalling Recesses)
4.) รูฟองอากาศ (Voids or Blowholes)
LE LE LE LE LL U1
Document No."
 วิธีการซ่อมแซม RP-TN-01 ใช้สำหรับความเสียหายประเภทใด และใช้วัสดุอะไร, ใช้สำหรับซ่อมรอยร้าว (Crack) โดยใช้วัสดุประเภท ปูนฉาบซ่อม (Cementitious Mortar),7,Construction-Related,Material,"14
RP-TN-01
Issue 2
Date : 20/6/2017
5 of 5
TB-RP-01
Issue 2
Date : 20/6/2017
6 of 7
RP-TN-01
Release/Amendment
Page No,
10
Issue 2
Date : 20/6/2017
1 of 5
25
RP-TN-03
Issue 2
Date : 20/6/2017
1 of 7
[1] Chapter: Guildline For Repair, Page: 7
STECON
บวิชา โน-ไทย เ คีเนียชิ่ง แอนด์ คอนสตรัคชั่น จํากัด (มหาชน)
Project: SEWERAGE TUNNEL BUNG NONG BON
SING THAI ENGINEERING & CONSTRUCTION PUBLIC COMPANY LIMITED
TO CHAOPHRAYA RIVER
ตารางแสดงวัสดุที่ใช้ซ่อมแซมความเสียหายประเภทต่างๆ
ประเภทของวัสดุซ่อมแซม
ประเภท
วิธีการ
ความ
Method
Reference | ปูนฉาบ | ปูนฉาบ
ซ่อม
อพอก
อีพ็อกซี่
วัสดุ
ซ่อม
ซเรซน มอรตาร เชอม
เชื่อม
เสียหาย
ซ่อมแซม
กำลังอัด
ประสาน
สูง
คอนกรีต
Repair with
Cementitious
RP-TN-01
Crack
Mortar
Repair with
RE-TN-02
Epoxy Resin
Repair with
Spalling
Cementitious
RP-TN-03
Edge
Mortar
Repair with
Spalling
Cementitious
RP-TN-03
Recesses
Mortar
Repair with
Voids or
Cementitious
RP-TN-04
Blowholes
Mortar
Repair with High
RP-TN-05
Strength Mortar
Document No.","7
STECON
บวิชา โน-ไทย เ คีเนียชิ่ง แอนด์ คอนสตรัคชั่น จํากัด (มหาชน)
Project: SEWERAGE TUNNEL BUNG NONG BON
SING THAI ENGINEERING & CONSTRUCTION PUBLIC COMPANY LIMITED
TO CHAOPHRAYA RIVER
ตารางแสดงวัสดุที่ใช้ซ่อมแซมความเสียหายประเภทต่างๆ
ประเภทของวัสดุซ่อมแซม
ประเภท
วิธีการ
ความ
Method
Reference | ปูนฉาบ | ปูนฉาบ
ซ่อม
อพอก
อีพ็อกซี่
วัสดุ
ซ่อม
ซเรซน มอรตาร เชอม
เชื่อม
เสียหาย
ซ่อมแซม
กำลังอัด
ประสาน
สูง
คอนกรีต
Repair with
Cementitious
RP-TN-01
Crack
Mortar
Repair with
RE-TN-02
Epoxy Resin
Repair with
Spalling
Cementitious
RP-TN-03
Edge
Mortar
Repair with
Spalling
Cementitious
RP-TN-03
Recesses
Mortar
Repair with
Voids or
Cementitious
RP-TN-04
Blowholes
Mortar
Repair with High
RP-TN-05
Strength Mortar
Document No.",extractive-fallback,"14
RP-TN-01
Issue 2
Date : 20/6/2017
5 of 5
TB-RP-01
Issue 2
Date : 20/6/2017
6 of 7
RP-TN-01
Release/Amendment
Page No,
10
Issue 2
Date : 20/6/2017
1 of 5
25
RP-TN-03
Issue 2
Date : 20/6/2017
1 of 7
[1] Chapter: Guildline For Repair, Page: 7
STECON
บวิชา โน-ไทย เ คีเนียชิ่ง แอนด์ คอนสตรัคชั่น จํากัด (มหาชน)
Project: SEWERAGE TUNNEL BUNG NONG BON
SING THAI ENGINEERING & CONSTRUCTION PUBLIC COMPANY LIMITED
TO CHAOPHRAYA RIVER
ตารางแสดงวัสดุที่ใช้ซ่อมแซมความเสียหายประเภทต่างๆ
ประเภทของวัสดุซ่อมแซม
ประเภท
วิธีการ
ความ
Method
Reference | ปูนฉาบ | ปูนฉาบ
ซ่อม
อพอก
อีพ็อกซี่
วัสดุ
ซ่อม
ซเรซน มอรตาร เชอม
เชื่อม
เสียหาย
ซ่อมแซม
กำลังอัด
ประสาน
สูง
คอนกรีต
Repair with
Cementitious
RP-TN-01
Crack
Mortar
Repair with
RE-TN-02
Epoxy Resin
Repair with
Spalling
Cementitious
RP-TN-03
Edge
Mortar
Repair with
Spalling
Cementitious
RP-TN-03
Recesses
Mortar
Repair with
Voids or
Cementitious
RP-TN-04
Blowholes
Mortar
Repair with High
RP-TN-05
Strength Mortar
Document No.",Construction-Related,Material,"14
RP-TN-01
Issue 2
Date : 20/6/2017
5 of 5
TB-RP-01
Issue 2
Date : 20/6/2017
6 of 7
RP-TN-01
Release/Amendment
Page No,
10
Issue 2
Date : 20/6/2017
1 of 5
25
RP-TN-03
Issue 2
Date : 20/6/2017
1 of 7
[1] Chapter: Guildline For Repair, Page: 7
STECON
บวิชา โน-ไทย เ คีเนียชิ่ง แอนด์ คอนสตรัคชั่น จํากัด (มหาชน)
Project: SEWERAGE TUNNEL BUNG NONG BON
SING THAI ENGINEERING & CONSTRUCTION PUBLIC COMPANY LIMITED
TO CHAOPHRAYA RIVER
ตารางแสดงวัสดุที่ใช้ซ่อมแซมความเสียหายประเภทต่างๆ
ประเภทของวัสดุซ่อมแซม
ประเภท
วิธีการ
ความ
Method
Reference | ปูนฉาบ | ปูนฉาบ
ซ่อม
อพอก
อีพ็อกซี่
วัสดุ
ซ่อม
ซเรซน มอรตาร เชอม
เชื่อม
เสียหาย
ซ่อมแซม
กำลังอัด
ประสาน
สูง
คอนกรีต
Repair with
Cementitious
RP-TN-01
Crack
Mortar
Repair with
RE-TN-02
Epoxy Resin
Repair with
Spalling
Cementitious
RP-TN-03
Edge
Mortar
Repair with
Spalling
Cementitious
RP-TN-03
Recesses
Mortar
Repair with
Voids or
Cementitious
RP-TN-04
Blowholes
Mortar
Repair with High
RP-TN-05
Strength Mortar
Document No.","7
STECON
บวิชา โน-ไทย เ คีเนียชิ่ง แอนด์ คอนสตรัคชั่น จํากัด (มหาชน)
Project: SEWERAGE TUNNEL BUNG NONG BON
SING THAI ENGINEERING & CONSTRUCTION PUBLIC COMPANY LIMITED
TO CHAOPHRAYA RIVER
ตารางแสดงวัสดุที่ใช้ซ่อมแซมความเสียหายประเภทต่างๆ
ประเภทของวัสดุซ่อมแซม
ประเภท
วิธีการ
ความ
Method
Reference | ปูนฉาบ | ปูนฉาบ
ซ่อม
อพอก
อีพ็อกซี่
วัสดุ
ซ่อม
ซเรซน มอรตาร เชอม
เชื่อม
เสียหาย
ซ่อมแซม
กำลังอัด
ประสาน
สูง
คอนกรีต
Repair with
Cementitious
RP-TN-01
Crack
Mortar
Repair with
RE-TN-02
Epoxy Resin
Repair with
Spalling
Cementitious
RP-TN-03
Edge
Mortar
Repair with
Spalling
Cementitious
RP-TN-03
Recesses
Mortar
Repair with
Voids or
Cementitious
RP-TN-04
Blowholes
Mortar
Repair with High
RP-TN-05
Strength Mortar
Document No.",extractive-fallback,"14
RP-TN-01
Issue 2
Date : 20/6/2017
5 of 5
TB-RP-01
Issue 2
Date : 20/6/2017
6 of 7
RP-TN-01
Release/Amendment
Page No,
10
Issue 2
Date : 20/6/2017
1 of 5
25
RP-TN-03
Issue 2
Date : 20/6/2017
1 of 7
[1] Chapter: Guildline For Repair, Page: 7
STECON
บวิชา โน-ไทย เ คีเนียชิ่ง แอนด์ คอนสตรัคชั่น จํากัด (มหาชน)
Project: SEWERAGE TUNNEL BUNG NONG BON
SING THAI ENGINEERING & CONSTRUCTION PUBLIC COMPANY LIMITED
TO CHAOPHRAYA RIVER
ตารางแสดงวัสดุที่ใช้ซ่อมแซมความเสียหายประเภทต่างๆ
ประเภทของวัสดุซ่อมแซม
ประเภท
วิธีการ
ความ
Method
Reference | ปูนฉาบ | ปูนฉาบ
ซ่อม
อพอก
อีพ็อกซี่
วัสดุ
ซ่อม
ซเรซน มอรตาร เชอม
เชื่อม
เสียหาย
ซ่อมแซม
กำลังอัด
ประสาน
สูง
คอนกรีต
Repair with
Cementitious
RP-TN-01
Crack
Mortar
Repair with
RE-TN-02
Epoxy Resin
Repair with
Spalling
Cementitious
RP-TN-03
Edge
Mortar
Repair with
Spalling
Cementitious
RP-TN-03
Recesses
Mortar
Repair with
Voids or
Cementitious
RP-TN-04
Blowholes
Mortar
Repair with High
RP-TN-05
Strength Mortar
Document No.",Construction-Related,Material,"14
RP-TN-01
Issue 2
Date : 20/6/2017
5 of 5
TB-RP-01
Issue 2
Date : 20/6/2017
6 of 7
RP-TN-01
Release/Amendment
Page No,
10
Issue 2
Date : 20/6/2017
1 of 5
25
RP-TN-03
Issue 2
Date : 20/6/2017
1 of 7
[1] Chapter: Guildline For Repair, Page: 7
STECON
บวิชา โน-ไทย เ คีเนียชิ่ง แอนด์ คอนสตรัคชั่น จํากัด (มหาชน)
Project: SEWERAGE TUNNEL BUNG NONG BON
SING THAI ENGINEERING & CONSTRUCTION PUBLIC COMPANY LIMITED
TO CHAOPHRAYA RIVER
ตารางแสดงวัสดุที่ใช้ซ่อมแซมความเสียหายประเภทต่างๆ
ประเภทของวัสดุซ่อมแซม
ประเภท
วิธีการ
ความ
Method
Reference | ปูนฉาบ | ปูนฉาบ
ซ่อม
อพอก
อีพ็อกซี่
วัสดุ
ซ่อม
ซเรซน มอรตาร เชอม
เชื่อม
เสียหาย
ซ่อมแซม
กำลังอัด
ประสาน
สูง
คอนกรีต
Repair with
Cementitious
RP-TN-01
Crack
Mortar
Repair with
RE-TN-02
Epoxy Resin
Repair with
Spalling
Cementitious
RP-TN-03
Edge
Mortar
Repair with
Spalling
Cementitious
RP-TN-03
Recesses
Mortar
Repair with
Voids or
Cementitious
RP-TN-04
Blowholes
Mortar
Repair with High
RP-TN-05
Strength Mortar
Document No.","7
STECON
บวิชา โน-ไทย เ คีเนียชิ่ง แอนด์ คอนสตรัคชั่น จํากัด (มหาชน)
Project: SEWERAGE TUNNEL BUNG NONG BON
SING THAI ENGINEERING & CONSTRUCTION PUBLIC COMPANY LIMITED
TO CHAOPHRAYA RIVER
ตารางแสดงวัสดุที่ใช้ซ่อมแซมความเสียหายประเภทต่างๆ
ประเภทของวัสดุซ่อมแซม
ประเภท
วิธีการ
ความ
Method
Reference | ปูนฉาบ | ปูนฉาบ
ซ่อม
อพอก
อีพ็อกซี่
วัสดุ
ซ่อม
ซเรซน มอรตาร เชอม
เชื่อม
เสียหาย
ซ่อมแซม
กำลังอัด
ประสาน
สูง
คอนกรีต
Repair with
Cementitious
RP-TN-01
Crack
Mortar
Repair with
RE-TN-02
Epoxy Resin
Repair with
Spalling
Cementitious
RP-TN-03
Edge
Mortar
Repair with
Spalling
Cementitious
RP-TN-03
Recesses
Mortar
Repair with
Voids or
Cementitious
RP-TN-04
Blowholes
Mortar
Repair with High
RP-TN-05
Strength Mortar
Document No.",extractive-fallback,"14
RP-TN-01
Issue 2
Date : 20/6/2017
5 of 5
TB-RP-01
Issue 2
Date : 20/6/2017
6 of 7
RP-TN-01
Release/Amendment
Page No,
10
Issue 2
Date : 20/6/2017
1 of 5
25
RP-TN-03
Issue 2
Date : 20/6/2017
1 of 7
[1] Chapter: Guildline For Repair, Page: 7
STECON
บวิชา โน-ไทย เ คีเนียชิ่ง แอนด์ คอนสตรัคชั่น จํากัด (มหาชน)
Project: SEWERAGE TUNNEL BUNG NONG BON
SING THAI ENGINEERING & CONSTRUCTION PUBLIC COMPANY LIMITED
TO CHAOPHRAYA RIVER
ตารางแสดงวัสดุที่ใช้ซ่อมแซมความเสียหายประเภทต่างๆ
ประเภทของวัสดุซ่อมแซม
ประเภท
วิธีการ
ความ
Method
Reference | ปูนฉาบ | ปูนฉาบ
ซ่อม
อพอก
อีพ็อกซี่
วัสดุ
ซ่อม
ซเรซน มอรตาร เชอม
เชื่อม
เสียหาย
ซ่อมแซม
กำลังอัด
ประสาน
สูง
คอนกรีต
Repair with
Cementitious
RP-TN-01
Crack
Mortar
Repair with
RE-TN-02
Epoxy Resin
Repair with
Spalling
Cementitious
RP-TN-03
Edge
Mortar
Repair with
Spalling
Cementitious
RP-TN-03
Recesses
Mortar
Repair with
Voids or
Cementitious
RP-TN-04
Blowholes
Mortar
Repair with High
RP-TN-05
Strength Mortar
Document No.",Construction-Related,Material,"14
RP-TN-01
Issue 2
Date : 20/6/2017
5 of 5
TB-RP-01
Issue 2
Date : 20/6/2017
6 of 7
RP-TN-01
Release/Amendment
Page No,
10
Issue 2
Date : 20/6/2017
1 of 5
25
RP-TN-03
Issue 2
Date : 20/6/2017
1 of 7
[1] Chapter: Guildline For Repair, Page: 7
STECON
บวิชา โน-ไทย เ คีเนียชิ่ง แอนด์ คอนสตรัคชั่น จํากัด (มหาชน)
Project: SEWERAGE TUNNEL BUNG NONG BON
SING THAI ENGINEERING & CONSTRUCTION PUBLIC COMPANY LIMITED
TO CHAOPHRAYA RIVER
ตารางแสดงวัสดุที่ใช้ซ่อมแซมความเสียหายประเภทต่างๆ
ประเภทของวัสดุซ่อมแซม
ประเภท
วิธีการ
ความ
Method
Reference | ปูนฉาบ | ปูนฉาบ
ซ่อม
อพอก
อีพ็อกซี่
วัสดุ
ซ่อม
ซเรซน มอรตาร เชอม
เชื่อม
เสียหาย
ซ่อมแซม
กำลังอัด
ประสาน
สูง
คอนกรีต
Repair with
Cementitious
RP-TN-01
Crack
Mortar
Repair with
RE-TN-02
Epoxy Resin
Repair with
Spalling
Cementitious
RP-TN-03
Edge
Mortar
Repair with
Spalling
Cementitious
RP-TN-03
Recesses
Mortar
Repair with
Voids or
Cementitious
RP-TN-04
Blowholes
Mortar
Repair with High
RP-TN-05
Strength Mortar
Document No.","7
STECON
บวิชา โน-ไทย เ คีเนียชิ่ง แอนด์ คอนสตรัคชั่น จํากัด (มหาชน)
Project: SEWERAGE TUNNEL BUNG NONG BON
SING THAI ENGINEERING & CONSTRUCTION PUBLIC COMPANY LIMITED
TO CHAOPHRAYA RIVER
ตารางแสดงวัสดุที่ใช้ซ่อมแซมความเสียหายประเภทต่างๆ
ประเภทของวัสดุซ่อมแซม
ประเภท
วิธีการ
ความ
Method
Reference | ปูนฉาบ | ปูนฉาบ
ซ่อม
อพอก
อีพ็อกซี่
วัสดุ
ซ่อม
ซเรซน มอรตาร เชอม
เชื่อม
เสียหาย
ซ่อมแซม
กำลังอัด
ประสาน
สูง
คอนกรีต
Repair with
Cementitious
RP-TN-01
Crack
Mortar
Repair with
RE-TN-02
Epoxy Resin
Repair with
Spalling
Cementitious
RP-TN-03
Edge
Mortar
Repair with
Spalling
Cementitious
RP-TN-03
Recesses
Mortar
Repair with
Voids or
Cementitious
RP-TN-04
Blowholes
Mortar
Repair with High
RP-TN-05
Strength Mortar
Document No.",extractive-fallback,"14
RP-TN-01
Issue 2
Date : 20/6/2017
5 of 5
TB-RP-01
Issue 2
Date : 20/6/2017
6 of 7
RP-TN-01
Release/Amendment
Page No,
10
Issue 2
Date : 20/6/2017
1 of 5
25
RP-TN-03
Issue 2
Date : 20/6/2017
1 of 7
[1] Chapter: Guildline For Repair, Page: 7
STECON
บวิชา โน-ไทย เ คีเนียชิ่ง แอนด์ คอนสตรัคชั่น จํากัด (มหาชน)
Project: SEWERAGE TUNNEL BUNG NONG BON
SING THAI ENGINEERING & CONSTRUCTION PUBLIC COMPANY LIMITED
TO CHAOPHRAYA RIVER
ตารางแสดงวัสดุที่ใช้ซ่อมแซมความเสียหายประเภทต่างๆ
ประเภทของวัสดุซ่อมแซม
ประเภท
วิธีการ
ความ
Method
Reference | ปูนฉาบ | ปูนฉาบ
ซ่อม
อพอก
อีพ็อกซี่
วัสดุ
ซ่อม
ซเรซน มอรตาร เชอม
เชื่อม
เสียหาย
ซ่อมแซม
กำลังอัด
ประสาน
สูง
คอนกรีต
Repair with
Cementitious
RP-TN-01
Crack
Mortar
Repair with
RE-TN-02
Epoxy Resin
Repair with
Spalling
Cementitious
RP-TN-03
Edge
Mortar
Repair with
Spalling
Cementitious
RP-TN-03
Recesses
Mortar
Repair with
Voids or
Cementitious
RP-TN-04
Blowholes
Mortar
Repair with High
RP-TN-05
Strength Mortar
Document No."
 วิธีการซ่อมแซม RP-TN-02 ใช้วัสดุประเภทใด, อีพ็อกซี่เรซิ่น (Epoxy Resin),7,Construction-Related,Material,"RP-TN-02
Release/Amendment
Page No.
RP-TN-02
Release/Amendment
Issue 2 Date : 20/6/2017
Page No.
16
RP-TN-02
Issue 2
Date : 20/6/2017
1 of 8
[1] Chapter: Guildline For Repair, Page: 7
STECON
บวิชา โน-ไทย เ คีเนียชิ่ง แอนด์ คอนสตรัคชั่น จํากัด (มหาชน)
Project: SEWERAGE TUNNEL BUNG NONG BON
SING THAI ENGINEERING & CONSTRUCTION PUBLIC COMPANY LIMITED
TO CHAOPHRAYA RIVER
ตารางแสดงวัสดุที่ใช้ซ่อมแซมความเสียหายประเภทต่างๆ
ประเภทของวัสดุซ่อมแซม
ประเภท
วิธีการ
ความ
Method
Reference | ปูนฉาบ | ปูนฉาบ
ซ่อม
อพอก
อีพ็อกซี่
วัสดุ
ซ่อม
ซเรซน มอรตาร เชอม
เชื่อม
เสียหาย
ซ่อมแซม
กำลังอัด
ประสาน
สูง
คอนกรีต
Repair with
Cementitious
RP-TN-01
Crack
Mortar
Repair with
RE-TN-02
Epoxy Resin
Repair with
Spalling
Cementitious
RP-TN-03
Edge
Mortar
Repair with
Spalling
Cementitious
RP-TN-03
Recesses
Mortar
Repair with
Voids or
Cementitious
RP-TN-04
Blowholes
Mortar
Repair with High
RP-TN-05
Strength Mortar
Document No.
TB-RP-01
Issue 2
Date : 20/6/2017
6 of 7","7
STECON
บวิชา โน-ไทย เ คีเนียชิ่ง แอนด์ คอนสตรัคชั่น จํากัด (มหาชน)
Project: SEWERAGE TUNNEL BUNG NONG BON
SING THAI ENGINEERING & CONSTRUCTION PUBLIC COMPANY LIMITED
TO CHAOPHRAYA RIVER
ตารางแสดงวัสดุที่ใช้ซ่อมแซมความเสียหายประเภทต่างๆ
ประเภทของวัสดุซ่อมแซม
ประเภท
วิธีการ
ความ
Method
Reference | ปูนฉาบ | ปูนฉาบ
ซ่อม
อพอก
อีพ็อกซี่
วัสดุ
ซ่อม
ซเรซน มอรตาร เชอม
เชื่อม
เสียหาย
ซ่อมแซม
กำลังอัด
ประสาน
สูง
คอนกรีต
Repair with
Cementitious
RP-TN-01
Crack
Mortar
Repair with
RE-TN-02
Epoxy Resin
Repair with
Spalling
Cementitious
RP-TN-03
Edge
Mortar
Repair with
Spalling
Cementitious
RP-TN-03
Recesses
Mortar
Repair with
Voids or
Cementitious
RP-TN-04
Blowholes
Mortar
Repair with High
RP-TN-05
Strength Mortar
Document No.
TB-RP-01
Issue 2
Date : 20/6/2017
6 of 7",extractive-fallback,"RP-TN-02
Release/Amendment
Page No.
RP-TN-02
Release/Amendment
Issue 2 Date : 20/6/2017
Page No.
16
RP-TN-02
Issue 2
Date : 20/6/2017
1 of 8
[1] Chapter: Guildline For Repair, Page: 7
STECON
บวิชา โน-ไทย เ คีเนียชิ่ง แอนด์ คอนสตรัคชั่น จํากัด (มหาชน)
Project: SEWERAGE TUNNEL BUNG NONG BON
SING THAI ENGINEERING & CONSTRUCTION PUBLIC COMPANY LIMITED
TO CHAOPHRAYA RIVER
ตารางแสดงวัสดุที่ใช้ซ่อมแซมความเสียหายประเภทต่างๆ
ประเภทของวัสดุซ่อมแซม
ประเภท
วิธีการ
ความ
Method
Reference | ปูนฉาบ | ปูนฉาบ
ซ่อม
อพอก
อีพ็อกซี่
วัสดุ
ซ่อม
ซเรซน มอรตาร เชอม
เชื่อม
เสียหาย
ซ่อมแซม
กำลังอัด
ประสาน
สูง
คอนกรีต
Repair with
Cementitious
RP-TN-01
Crack
Mortar
Repair with
RE-TN-02
Epoxy Resin
Repair with
Spalling
Cementitious
RP-TN-03
Edge
Mortar
Repair with
Spalling
Cementitious
RP-TN-03
Recesses
Mortar
Repair with
Voids or
Cementitious
RP-TN-04
Blowholes
Mortar
Repair with High
RP-TN-05
Strength Mortar
Document No.
TB-RP-01
Issue 2
Date : 20/6/2017
6 of 7",Construction-Related,Material,"RP-TN-02
Release/Amendment
Page No.
RP-TN-02
Release/Amendment
Issue 2 Date : 20/6/2017
Page No.
16
RP-TN-02
Issue 2
Date : 20/6/2017
1 of 8
[1] Chapter: Guildline For Repair, Page: 7
STECON
บวิชา โน-ไทย เ คีเนียชิ่ง แอนด์ คอนสตรัคชั่น จํากัด (มหาชน)
Project: SEWERAGE TUNNEL BUNG NONG BON
SING THAI ENGINEERING & CONSTRUCTION PUBLIC COMPANY LIMITED
TO CHAOPHRAYA RIVER
ตารางแสดงวัสดุที่ใช้ซ่อมแซมความเสียหายประเภทต่างๆ
ประเภทของวัสดุซ่อมแซม
ประเภท
วิธีการ
ความ
Method
Reference | ปูนฉาบ | ปูนฉาบ
ซ่อม
อพอก
อีพ็อกซี่
วัสดุ
ซ่อม
ซเรซน มอรตาร เชอม
เชื่อม
เสียหาย
ซ่อมแซม
กำลังอัด
ประสาน
สูง
คอนกรีต
Repair with
Cementitious
RP-TN-01
Crack
Mortar
Repair with
RE-TN-02
Epoxy Resin
Repair with
Spalling
Cementitious
RP-TN-03
Edge
Mortar
Repair with
Spalling
Cementitious
RP-TN-03
Recesses
Mortar
Repair with
Voids or
Cementitious
RP-TN-04
Blowholes
Mortar
Repair with High
RP-TN-05
Strength Mortar
Document No.
TB-RP-01
Issue 2
Date : 20/6/2017
6 of 7","7
STECON
บวิชา โน-ไทย เ คีเนียชิ่ง แอนด์ คอนสตรัคชั่น จํากัด (มหาชน)
Project: SEWERAGE TUNNEL BUNG NONG BON
SING THAI ENGINEERING & CONSTRUCTION PUBLIC COMPANY LIMITED
TO CHAOPHRAYA RIVER
ตารางแสดงวัสดุที่ใช้ซ่อมแซมความเสียหายประเภทต่างๆ
ประเภทของวัสดุซ่อมแซม
ประเภท
วิธีการ
ความ
Method
Reference | ปูนฉาบ | ปูนฉาบ
ซ่อม
อพอก
อีพ็อกซี่
วัสดุ
ซ่อม
ซเรซน มอรตาร เชอม
เชื่อม
เสียหาย
ซ่อมแซม
กำลังอัด
ประสาน
สูง
คอนกรีต
Repair with
Cementitious
RP-TN-01
Crack
Mortar
Repair with
RE-TN-02
Epoxy Resin
Repair with
Spalling
Cementitious
RP-TN-03
Edge
Mortar
Repair with
Spalling
Cementitious
RP-TN-03
Recesses
Mortar
Repair with
Voids or
Cementitious
RP-TN-04
Blowholes
Mortar
Repair with High
RP-TN-05
Strength Mortar
Document No.
TB-RP-01
Issue 2
Date : 20/6/2017
6 of 7",extractive-fallback,"RP-TN-02
Release/Amendment
Page No.
RP-TN-02
Release/Amendment
Issue 2 Date : 20/6/2017
Page No.
16
RP-TN-02
Issue 2
Date : 20/6/2017
1 of 8
[1] Chapter: Guildline For Repair, Page: 7
STECON
บวิชา โน-ไทย เ คีเนียชิ่ง แอนด์ คอนสตรัคชั่น จํากัด (มหาชน)
Project: SEWERAGE TUNNEL BUNG NONG BON
SING THAI ENGINEERING & CONSTRUCTION PUBLIC COMPANY LIMITED
TO CHAOPHRAYA RIVER
ตารางแสดงวัสดุที่ใช้ซ่อมแซมความเสียหายประเภทต่างๆ
ประเภทของวัสดุซ่อมแซม
ประเภท
วิธีการ
ความ
Method
Reference | ปูนฉาบ | ปูนฉาบ
ซ่อม
อพอก
อีพ็อกซี่
วัสดุ
ซ่อม
ซเรซน มอรตาร เชอม
เชื่อม
เสียหาย
ซ่อมแซม
กำลังอัด
ประสาน
สูง
คอนกรีต
Repair with
Cementitious
RP-TN-01
Crack
Mortar
Repair with
RE-TN-02
Epoxy Resin
Repair with
Spalling
Cementitious
RP-TN-03
Edge
Mortar
Repair with
Spalling
Cementitious
RP-TN-03
Recesses
Mortar
Repair with
Voids or
Cementitious
RP-TN-04
Blowholes
Mortar
Repair with High
RP-TN-05
Strength Mortar
Document No.
TB-RP-01
Issue 2
Date : 20/6/2017
6 of 7",Construction-Related,Material,"RP-TN-02
Release/Amendment
Page No.
RP-TN-02
Release/Amendment
Issue 2 Date : 20/6/2017
Page No.
16
RP-TN-02
Issue 2
Date : 20/6/2017
1 of 8
[1] Chapter: Guildline For Repair, Page: 7
STECON
บวิชา โน-ไทย เ คีเนียชิ่ง แอนด์ คอนสตรัคชั่น จํากัด (มหาชน)
Project: SEWERAGE TUNNEL BUNG NONG BON
SING THAI ENGINEERING & CONSTRUCTION PUBLIC COMPANY LIMITED
TO CHAOPHRAYA RIVER
ตารางแสดงวัสดุที่ใช้ซ่อมแซมความเสียหายประเภทต่างๆ
ประเภทของวัสดุซ่อมแซม
ประเภท
วิธีการ
ความ
Method
Reference | ปูนฉาบ | ปูนฉาบ
ซ่อม
อพอก
อีพ็อกซี่
วัสดุ
ซ่อม
ซเรซน มอรตาร เชอม
เชื่อม
เสียหาย
ซ่อมแซม
กำลังอัด
ประสาน
สูง
คอนกรีต
Repair with
Cementitious
RP-TN-01
Crack
Mortar
Repair with
RE-TN-02
Epoxy Resin
Repair with
Spalling
Cementitious
RP-TN-03
Edge
Mortar
Repair with
Spalling
Cementitious
RP-TN-03
Recesses
Mortar
Repair with
Voids or
Cementitious
RP-TN-04
Blowholes
Mortar
Repair with High
RP-TN-05
Strength Mortar
Document No.
TB-RP-01
Issue 2
Date : 20/6/2017
6 of 7","7
STECON
บวิชา โน-ไทย เ คีเนียชิ่ง แอนด์ คอนสตรัคชั่น จํากัด (มหาชน)
Project: SEWERAGE TUNNEL BUNG NONG BON
SING THAI ENGINEERING & CONSTRUCTION PUBLIC COMPANY LIMITED
TO CHAOPHRAYA RIVER
ตารางแสดงวัสดุที่ใช้ซ่อมแซมความเสียหายประเภทต่างๆ
ประเภทของวัสดุซ่อมแซม
ประเภท
วิธีการ
ความ
Method
Reference | ปูนฉาบ | ปูนฉาบ
ซ่อม
อพอก
อีพ็อกซี่
วัสดุ
ซ่อม
ซเรซน มอรตาร เชอม
เชื่อม
เสียหาย
ซ่อมแซม
กำลังอัด
ประสาน
สูง
คอนกรีต
Repair with
Cementitious
RP-TN-01
Crack
Mortar
Repair with
RE-TN-02
Epoxy Resin
Repair with
Spalling
Cementitious
RP-TN-03
Edge
Mortar
Repair with
Spalling
Cementitious
RP-TN-03
Recesses
Mortar
Repair with
Voids or
Cementitious
RP-TN-04
Blowholes
Mortar
Repair with High
RP-TN-05
Strength Mortar
Document No.
TB-RP-01
Issue 2
Date : 20/6/2017
6 of 7",extractive-fallback,"RP-TN-02
Release/Amendment
Page No.
RP-TN-02
Release/Amendment
Issue 2 Date : 20/6/2017
Page No.
16
RP-TN-02
Issue 2
Date : 20/6/2017
1 of 8
[1] Chapter: Guildline For Repair, Page: 7
STECON
บวิชา โน-ไทย เ คีเนียชิ่ง แอนด์ คอนสตรัคชั่น จํากัด (มหาชน)
Project: SEWERAGE TUNNEL BUNG NONG BON
SING THAI ENGINEERING & CONSTRUCTION PUBLIC COMPANY LIMITED
TO CHAOPHRAYA RIVER
ตารางแสดงวัสดุที่ใช้ซ่อมแซมความเสียหายประเภทต่างๆ
ประเภทของวัสดุซ่อมแซม
ประเภท
วิธีการ
ความ
Method
Reference | ปูนฉาบ | ปูนฉาบ
ซ่อม
อพอก
อีพ็อกซี่
วัสดุ
ซ่อม
ซเรซน มอรตาร เชอม
เชื่อม
เสียหาย
ซ่อมแซม
กำลังอัด
ประสาน
สูง
คอนกรีต
Repair with
Cementitious
RP-TN-01
Crack
Mortar
Repair with
RE-TN-02
Epoxy Resin
Repair with
Spalling
Cementitious
RP-TN-03
Edge
Mortar
Repair with
Spalling
Cementitious
RP-TN-03
Recesses
Mortar
Repair with
Voids or
Cementitious
RP-TN-04
Blowholes
Mortar
Repair with High
RP-TN-05
Strength Mortar
Document No.
TB-RP-01
Issue 2
Date : 20/6/2017
6 of 7",Construction-Related,Material,"RP-TN-02
Release/Amendment
Page No.
RP-TN-02
Release/Amendment
Issue 2 Date : 20/6/2017
Page No.
16
RP-TN-02
Issue 2
Date : 20/6/2017
1 of 8
[1] Chapter: Guildline For Repair, Page: 7
STECON
บวิชา โน-ไทย เ คีเนียชิ่ง แอนด์ คอนสตรัคชั่น จํากัด (มหาชน)
Project: SEWERAGE TUNNEL BUNG NONG BON
SING THAI ENGINEERING & CONSTRUCTION PUBLIC COMPANY LIMITED
TO CHAOPHRAYA RIVER
ตารางแสดงวัสดุที่ใช้ซ่อมแซมความเสียหายประเภทต่างๆ
ประเภทของวัสดุซ่อมแซม
ประเภท
วิธีการ
ความ
Method
Reference | ปูนฉาบ | ปูนฉาบ
ซ่อม
อพอก
อีพ็อกซี่
วัสดุ
ซ่อม
ซเรซน มอรตาร เชอม
เชื่อม
เสียหาย
ซ่อมแซม
กำลังอัด
ประสาน
สูง
คอนกรีต
Repair with
Cementitious
RP-TN-01
Crack
Mortar
Repair with
RE-TN-02
Epoxy Resin
Repair with
Spalling
Cementitious
RP-TN-03
Edge
Mortar
Repair with
Spalling
Cementitious
RP-TN-03
Recesses
Mortar
Repair with
Voids or
Cementitious
RP-TN-04
Blowholes
Mortar
Repair with High
RP-TN-05
Strength Mortar
Document No.
TB-RP-01
Issue 2
Date : 20/6/2017
6 of 7","7
STECON
บวิชา โน-ไทย เ คีเนียชิ่ง แอนด์ คอนสตรัคชั่น จํากัด (มหาชน)
Project: SEWERAGE TUNNEL BUNG NONG BON
SING THAI ENGINEERING & CONSTRUCTION PUBLIC COMPANY LIMITED
TO CHAOPHRAYA RIVER
ตารางแสดงวัสดุที่ใช้ซ่อมแซมความเสียหายประเภทต่างๆ
ประเภทของวัสดุซ่อมแซม
ประเภท
วิธีการ
ความ
Method
Reference | ปูนฉาบ | ปูนฉาบ
ซ่อม
อพอก
อีพ็อกซี่
วัสดุ
ซ่อม
ซเรซน มอรตาร เชอม
เชื่อม
เสียหาย
ซ่อมแซม
กำลังอัด
ประสาน
สูง
คอนกรีต
Repair with
Cementitious
RP-TN-01
Crack
Mortar
Repair with
RE-TN-02
Epoxy Resin
Repair with
Spalling
Cementitious
RP-TN-03
Edge
Mortar
Repair with
Spalling
Cementitious
RP-TN-03
Recesses
Mortar
Repair with
Voids or
Cementitious
RP-TN-04
Blowholes
Mortar
Repair with High
RP-TN-05
Strength Mortar
Document No.
TB-RP-01
Issue 2
Date : 20/6/2017
6 of 7",extractive-fallback,"RP-TN-02
Release/Amendment
Page No.
RP-TN-02
Release/Amendment
Issue 2 Date : 20/6/2017
Page No.
16
RP-TN-02
Issue 2
Date : 20/6/2017
1 of 8
[1] Chapter: Guildline For Repair, Page: 7
STECON
บวิชา โน-ไทย เ คีเนียชิ่ง แอนด์ คอนสตรัคชั่น จํากัด (มหาชน)
Project: SEWERAGE TUNNEL BUNG NONG BON
SING THAI ENGINEERING & CONSTRUCTION PUBLIC COMPANY LIMITED
TO CHAOPHRAYA RIVER
ตารางแสดงวัสดุที่ใช้ซ่อมแซมความเสียหายประเภทต่างๆ
ประเภทของวัสดุซ่อมแซม
ประเภท
วิธีการ
ความ
Method
Reference | ปูนฉาบ | ปูนฉาบ
ซ่อม
อพอก
อีพ็อกซี่
วัสดุ
ซ่อม
ซเรซน มอรตาร เชอม
เชื่อม
เสียหาย
ซ่อมแซม
กำลังอัด
ประสาน
สูง
คอนกรีต
Repair with
Cementitious
RP-TN-01
Crack
Mortar
Repair with
RE-TN-02
Epoxy Resin
Repair with
Spalling
Cementitious
RP-TN-03
Edge
Mortar
Repair with
Spalling
Cementitious
RP-TN-03
Recesses
Mortar
Repair with
Voids or
Cementitious
RP-TN-04
Blowholes
Mortar
Repair with High
RP-TN-05
Strength Mortar
Document No.
TB-RP-01
Issue 2
Date : 20/6/2017
6 of 7"
 การซ่อมแซม Spalling Edge และ Spalling Recesses ใช้วิธีการอ้างอิงใดร่วมกัน, วิธีการอ้างอิง RP-TN-03,7,Construction-Related,Repair Method,"TYPE OF DAEMAGE
Crack
Spalling Edge
REPAIR PROCEDURE
Reference Method:
Spalling Recesses
Other.
Sharp Edge
A
c.At Corners
Table2 Guideline for Spalling Edge Repair
C
B
B
b.
TYPE OF DAEMAGE
Crack
Spalling Edge
REPAIR PROCEDURE
Reference Method:
Repair by:
Spalling Recesses
Other
Voids or Blowholes
To be Executed at:
Precast Yard
After Erection
ACCEPTANCE
The repair is inspected and accepted:
Yes
No
Action:
0
Production Engineer
QC Engineer
Consultant
Date................
TYPE OF DAEMAGE
Crack
Spalling Edge
REPAIR PROCEDURE
Reference Method :
Repair by:
D
Spalling Recesses
Other
Voids or Blowholes
To be Executed at:
Precast Yard
After Erection
ACCEPTANCE
The repair is inspected and accepted:
Yes
No
Action:
Production Engineer
QC Engineer
Consultant
Date............/........
[2] Chapter: Guildline For Repair, Page: 4
STECON
บริษัท ซิโน-ไทย เอ็นจีเนียชิ่ง แอนด์ คอนสเตชั่น จํากัด (มหาชน)
SINO-THAI ENGINEERING & CONSTRUCTION PUBLIC COMPANY LIMITED
Project: SEWERAGE TUNNEL BUNG NONG BON
TO CHAOPHRAYA RIVER
• แตกบินที่ขอบ (Spalling Edge)
A
a.","4
STECON
บริษัท ซิโน-ไทย เอ็นจีเนียชิ่ง แอนด์ คอนสเตชั่น จํากัด (มหาชน)
SINO-THAI ENGINEERING & CONSTRUCTION PUBLIC COMPANY LIMITED
Project: SEWERAGE TUNNEL BUNG NONG BON
TO CHAOPHRAYA RIVER
• แตกบินที่ขอบ (Spalling Edge)
A
a.",extractive-fallback,"TYPE OF DAEMAGE
Crack
Spalling Edge
REPAIR PROCEDURE
Reference Method:
Spalling Recesses
Other.
Sharp Edge
A
c.At Corners
Table2 Guideline for Spalling Edge Repair
C
B
B
b.
TYPE OF DAEMAGE
Crack
Spalling Edge
REPAIR PROCEDURE
Reference Method:
Repair by:
Spalling Recesses
Other
Voids or Blowholes
To be Executed at:
Precast Yard
After Erection
ACCEPTANCE
The repair is inspected and accepted:
Yes
No
Action:
0
Production Engineer
QC Engineer
Consultant
Date................
TYPE OF DAEMAGE
Crack
Spalling Edge
REPAIR PROCEDURE
Reference Method :
Repair by:
D
Spalling Recesses
Other
Voids or Blowholes
To be Executed at:
Precast Yard
After Erection
ACCEPTANCE
The repair is inspected and accepted:
Yes
No
Action:
Production Engineer
QC Engineer
Consultant
Date............/........
[2] Chapter: Guildline For Repair, Page: 4
STECON
บริษัท ซิโน-ไทย เอ็นจีเนียชิ่ง แอนด์ คอนสเตชั่น จํากัด (มหาชน)
SINO-THAI ENGINEERING & CONSTRUCTION PUBLIC COMPANY LIMITED
Project: SEWERAGE TUNNEL BUNG NONG BON
TO CHAOPHRAYA RIVER
• แตกบินที่ขอบ (Spalling Edge)
A
a.",Construction-Related,Repair Method,"TYPE OF DAEMAGE
Crack
Spalling Edge
REPAIR PROCEDURE
Reference Method:
Spalling Recesses
Other.
Sharp Edge
A
c.At Corners
Table2 Guideline for Spalling Edge Repair
C
B
B
b.
TYPE OF DAEMAGE
Crack
Spalling Edge
REPAIR PROCEDURE
Reference Method:
Repair by:
Spalling Recesses
Other
Voids or Blowholes
To be Executed at:
Precast Yard
After Erection
ACCEPTANCE
The repair is inspected and accepted:
Yes
No
Action:
0
Production Engineer
QC Engineer
Consultant
Date................
TYPE OF DAEMAGE
Crack
Spalling Edge
REPAIR PROCEDURE
Reference Method :
Repair by:
D
Spalling Recesses
Other
Voids or Blowholes
To be Executed at:
Precast Yard
After Erection
ACCEPTANCE
The repair is inspected and accepted:
Yes
No
Action:
Production Engineer
QC Engineer
Consultant
Date............/........
[2] Chapter: Guildline For Repair, Page: 4
STECON
บริษัท ซิโน-ไทย เอ็นจีเนียชิ่ง แอนด์ คอนสเตชั่น จํากัด (มหาชน)
SINO-THAI ENGINEERING & CONSTRUCTION PUBLIC COMPANY LIMITED
Project: SEWERAGE TUNNEL BUNG NONG BON
TO CHAOPHRAYA RIVER
• แตกบินที่ขอบ (Spalling Edge)
A
a.","4
STECON
บริษัท ซิโน-ไทย เอ็นจีเนียชิ่ง แอนด์ คอนสเตชั่น จํากัด (มหาชน)
SINO-THAI ENGINEERING & CONSTRUCTION PUBLIC COMPANY LIMITED
Project: SEWERAGE TUNNEL BUNG NONG BON
TO CHAOPHRAYA RIVER
• แตกบินที่ขอบ (Spalling Edge)
A
a.",extractive-fallback,"TYPE OF DAEMAGE
Crack
Spalling Edge
REPAIR PROCEDURE
Reference Method:
Spalling Recesses
Other.
Sharp Edge
A
c.At Corners
Table2 Guideline for Spalling Edge Repair
C
B
B
b.
TYPE OF DAEMAGE
Crack
Spalling Edge
REPAIR PROCEDURE
Reference Method:
Repair by:
Spalling Recesses
Other
Voids or Blowholes
To be Executed at:
Precast Yard
After Erection
ACCEPTANCE
The repair is inspected and accepted:
Yes
No
Action:
0
Production Engineer
QC Engineer
Consultant
Date................
TYPE OF DAEMAGE
Crack
Spalling Edge
REPAIR PROCEDURE
Reference Method :
Repair by:
D
Spalling Recesses
Other
Voids or Blowholes
To be Executed at:
Precast Yard
After Erection
ACCEPTANCE
The repair is inspected and accepted:
Yes
No
Action:
Production Engineer
QC Engineer
Consultant
Date............/........
[2] Chapter: Guildline For Repair, Page: 4
STECON
บริษัท ซิโน-ไทย เอ็นจีเนียชิ่ง แอนด์ คอนสเตชั่น จํากัด (มหาชน)
SINO-THAI ENGINEERING & CONSTRUCTION PUBLIC COMPANY LIMITED
Project: SEWERAGE TUNNEL BUNG NONG BON
TO CHAOPHRAYA RIVER
• แตกบินที่ขอบ (Spalling Edge)
A
a.",Construction-Related,Repair Method,"TYPE OF DAEMAGE
Crack
Spalling Edge
REPAIR PROCEDURE
Reference Method:
Spalling Recesses
Other.
Sharp Edge
A
c.At Corners
Table2 Guideline for Spalling Edge Repair
C
B
B
b.
TYPE OF DAEMAGE
Crack
Spalling Edge
REPAIR PROCEDURE
Reference Method:
Repair by:
Spalling Recesses
Other
Voids or Blowholes
To be Executed at:
Precast Yard
After Erection
ACCEPTANCE
The repair is inspected and accepted:
Yes
No
Action:
0
Production Engineer
QC Engineer
Consultant
Date................
TYPE OF DAEMAGE
Crack
Spalling Edge
REPAIR PROCEDURE
Reference Method :
Repair by:
D
Spalling Recesses
Other
Voids or Blowholes
To be Executed at:
Precast Yard
After Erection
ACCEPTANCE
The repair is inspected and accepted:
Yes
No
Action:
Production Engineer
QC Engineer
Consultant
Date............/........
[2] Chapter: Guildline For Repair, Page: 4
STECON
บริษัท ซิโน-ไทย เอ็นจีเนียชิ่ง แอนด์ คอนสเตชั่น จํากัด (มหาชน)
SINO-THAI ENGINEERING & CONSTRUCTION PUBLIC COMPANY LIMITED
Project: SEWERAGE TUNNEL BUNG NONG BON
TO CHAOPHRAYA RIVER
• แตกบินที่ขอบ (Spalling Edge)
A
a.","4
STECON
บริษัท ซิโน-ไทย เอ็นจีเนียชิ่ง แอนด์ คอนสเตชั่น จํากัด (มหาชน)
SINO-THAI ENGINEERING & CONSTRUCTION PUBLIC COMPANY LIMITED
Project: SEWERAGE TUNNEL BUNG NONG BON
TO CHAOPHRAYA RIVER
• แตกบินที่ขอบ (Spalling Edge)
A
a.",extractive-fallback,"TYPE OF DAEMAGE
Crack
Spalling Edge
REPAIR PROCEDURE
Reference Method:
Spalling Recesses
Other.
Sharp Edge
A
c.At Corners
Table2 Guideline for Spalling Edge Repair
C
B
B
b.
TYPE OF DAEMAGE
Crack
Spalling Edge
REPAIR PROCEDURE
Reference Method:
Repair by:
Spalling Recesses
Other
Voids or Blowholes
To be Executed at:
Precast Yard
After Erection
ACCEPTANCE
The repair is inspected and accepted:
Yes
No
Action:
0
Production Engineer
QC Engineer
Consultant
Date................
TYPE OF DAEMAGE
Crack
Spalling Edge
REPAIR PROCEDURE
Reference Method :
Repair by:
D
Spalling Recesses
Other
Voids or Blowholes
To be Executed at:
Precast Yard
After Erection
ACCEPTANCE
The repair is inspected and accepted:
Yes
No
Action:
Production Engineer
QC Engineer
Consultant
Date............/........
[2] Chapter: Guildline For Repair, Page: 4
STECON
บริษัท ซิโน-ไทย เอ็นจีเนียชิ่ง แอนด์ คอนสเตชั่น จํากัด (มหาชน)
SINO-THAI ENGINEERING & CONSTRUCTION PUBLIC COMPANY LIMITED
Project: SEWERAGE TUNNEL BUNG NONG BON
TO CHAOPHRAYA RIVER
• แตกบินที่ขอบ (Spalling Edge)
A
a.",Construction-Related,Repair Method,"TYPE OF DAEMAGE
Crack
Spalling Edge
REPAIR PROCEDURE
Reference Method:
Spalling Recesses
Other.
Sharp Edge
A
c.At Corners
Table2 Guideline for Spalling Edge Repair
C
B
B
b.
TYPE OF DAEMAGE
Crack
Spalling Edge
REPAIR PROCEDURE
Reference Method:
Repair by:
Spalling Recesses
Other
Voids or Blowholes
To be Executed at:
Precast Yard
After Erection
ACCEPTANCE
The repair is inspected and accepted:
Yes
No
Action:
0
Production Engineer
QC Engineer
Consultant
Date................
TYPE OF DAEMAGE
Crack
Spalling Edge
REPAIR PROCEDURE
Reference Method :
Repair by:
D
Spalling Recesses
Other
Voids or Blowholes
To be Executed at:
Precast Yard
After Erection
ACCEPTANCE
The repair is inspected and accepted:
Yes
No
Action:
Production Engineer
QC Engineer
Consultant
Date............/........
[2] Chapter: Guildline For Repair, Page: 4
STECON
บริษัท ซิโน-ไทย เอ็นจีเนียชิ่ง แอนด์ คอนสเตชั่น จํากัด (มหาชน)
SINO-THAI ENGINEERING & CONSTRUCTION PUBLIC COMPANY LIMITED
Project: SEWERAGE TUNNEL BUNG NONG BON
TO CHAOPHRAYA RIVER
• แตกบินที่ขอบ (Spalling Edge)
A
a.","4
STECON
บริษัท ซิโน-ไทย เอ็นจีเนียชิ่ง แอนด์ คอนสเตชั่น จํากัด (มหาชน)
SINO-THAI ENGINEERING & CONSTRUCTION PUBLIC COMPANY LIMITED
Project: SEWERAGE TUNNEL BUNG NONG BON
TO CHAOPHRAYA RIVER
• แตกบินที่ขอบ (Spalling Edge)
A
a.",extractive-fallback,"TYPE OF DAEMAGE
Crack
Spalling Edge
REPAIR PROCEDURE
Reference Method:
Spalling Recesses
Other.
Sharp Edge
A
c.At Corners
Table2 Guideline for Spalling Edge Repair
C
B
B
b.
TYPE OF DAEMAGE
Crack
Spalling Edge
REPAIR PROCEDURE
Reference Method:
Repair by:
Spalling Recesses
Other
Voids or Blowholes
To be Executed at:
Precast Yard
After Erection
ACCEPTANCE
The repair is inspected and accepted:
Yes
No
Action:
0
Production Engineer
QC Engineer
Consultant
Date................
TYPE OF DAEMAGE
Crack
Spalling Edge
REPAIR PROCEDURE
Reference Method :
Repair by:
D
Spalling Recesses
Other
Voids or Blowholes
To be Executed at:
Precast Yard
After Erection
ACCEPTANCE
The repair is inspected and accepted:
Yes
No
Action:
Production Engineer
QC Engineer
Consultant
Date............/........
[2] Chapter: Guildline For Repair, Page: 4
STECON
บริษัท ซิโน-ไทย เอ็นจีเนียชิ่ง แอนด์ คอนสเตชั่น จํากัด (มหาชน)
SINO-THAI ENGINEERING & CONSTRUCTION PUBLIC COMPANY LIMITED
Project: SEWERAGE TUNNEL BUNG NONG BON
TO CHAOPHRAYA RIVER
• แตกบินที่ขอบ (Spalling Edge)
A
a."
" วัสดุประเภท ""ปูนฉาบซ่อมกำลังอัดสูง"" (High Strength Mortar) ใช้กับวิธีการซ่อมแซมรหัสใด", RP-TN-05,7,Construction-Related,Material,"[1] Chapter: Materials Data Sheet, Page: 115
[
[
[
HIGH STRENGTH REPAIR MORTAR
NO.135/135 F
PRODUCT
High Strength Repair Mortar No.135/135 F consists of accurately
weighed Portland cement, fine aggregate, silica fume, admixtures
and cellulose fiber only in No.135 F, The mortar will be fast selling
and have high strength and little or no plastic shrinkage.
Dimension (cm)
Date of Age Weight Density Ultimate 'Ultimate
Remarks
Side A Side B Side C Casting
Load
Stress
3
(Days) (kg)
(kg/m ) (kg)
(kg/cm³)
1
1
10.00 10.05 10.00 13/11/2555 28
2.264
2,253 56,600
563
HIGH STRENGTH REPAIR
MORTAR # 135F
1
2
10.10 10.28 10.02 13/11/2555 28 2.279
2,191 53,000
510
HIGH STRENGTH REPAIR
MORTAR # 135F
3
10.02 10.20 10.00 13/11/2555 28 2.258
2,209
60,400
591
HIGH STRENGTH REPAIR
MORTAR # 135F
4
4
1
NOTE: 1.
High Strength Repair Mortar No.135/135F is
non-toxic and contains no chloride that is harmful to reinforced steel.
APPLICATION
High Strength Repair Mortar No.135 / 135 F is designed for
uses such as the following:
ปูนตราผึ้ง
SAGE 1275
5.
[4] Chapter: Voids And Blowholes Repair With High Strength Mortar, Page: 38
STECON
บริษัท ซิโน-ไทย เอ็น เนียริ่ง แอนด์ คอนสตรัคชั่น จํากัด (มหาชน)
SING THAI ENGINEERING & CONSTRUCTION PUBLIC COMPANY LIMITED
RP-TN-05
VOIDS AND BLOWHOLES REPAIR
(WITH HIGH STRENGTH MORTAR)
PROJECT : SEWERAGE TUNNEL BUNG NONG BON TO
CHAOPHRAYA RIVER
38","115
[
[
[
HIGH STRENGTH REPAIR MORTAR
NO.135/135 F
PRODUCT
High Strength Repair Mortar No.135/135 F consists of accurately
weighed Portland cement, fine aggregate, silica fume, admixtures
and cellulose fiber only in No.135 F, The mortar will be fast selling
and have high strength and little or no plastic shrinkage.
Dimension (cm)
Date of Age Weight Density Ultimate 'Ultimate
Remarks
Side A Side B Side C Casting
Load
Stress
3
(Days) (kg)
(kg/m ) (kg)
(kg/cm³)
1
1
10.00 10.05 10.00 13/11/2555 28
2.264
2,253 56,600
563
HIGH STRENGTH REPAIR
MORTAR # 135F
1
2
10.10 10.28 10.02 13/11/2555 28 2.279
2,191 53,000
510
HIGH STRENGTH REPAIR
MORTAR # 135F
3
10.02 10.20 10.00 13/11/2555 28 2.258
2,209
60,400
591
HIGH STRENGTH REPAIR
MORTAR # 135F
4
4
1
NOTE: 1.
High Strength Repair Mortar No.135/135F is
non-toxic and contains no chloride that is harmful to reinforced steel.
APPLICATION
High Strength Repair Mortar No.135 / 135 F is designed for
uses such as the following:
ปูนตราผึ้ง
SAGE 1275
5.
[4] Chapter: Voids And Blowholes Repair With High Strength Mortar, Page: 38
STECON
บริษัท ซิโน-ไทย เอ็น เนียริ่ง แอนด์ คอนสตรัคชั่น จํากัด (มหาชน)
SING THAI ENGINEERING & CONSTRUCTION PUBLIC COMPANY LIMITED
RP-TN-05
VOIDS AND BLOWHOLES REPAIR
(WITH HIGH STRENGTH MORTAR)
PROJECT : SEWERAGE TUNNEL BUNG NONG BON TO
CHAOPHRAYA RIVER
38",extractive-fallback,"[1] Chapter: Materials Data Sheet, Page: 115
[
[
[
HIGH STRENGTH REPAIR MORTAR
NO.135/135 F
PRODUCT
High Strength Repair Mortar No.135/135 F consists of accurately
weighed Portland cement, fine aggregate, silica fume, admixtures
and cellulose fiber only in No.135 F, The mortar will be fast selling
and have high strength and little or no plastic shrinkage.
Dimension (cm)
Date of Age Weight Density Ultimate 'Ultimate
Remarks
Side A Side B Side C Casting
Load
Stress
3
(Days) (kg)
(kg/m ) (kg)
(kg/cm³)
1
1
10.00 10.05 10.00 13/11/2555 28
2.264
2,253 56,600
563
HIGH STRENGTH REPAIR
MORTAR # 135F
1
2
10.10 10.28 10.02 13/11/2555 28 2.279
2,191 53,000
510
HIGH STRENGTH REPAIR
MORTAR # 135F
3
10.02 10.20 10.00 13/11/2555 28 2.258
2,209
60,400
591
HIGH STRENGTH REPAIR
MORTAR # 135F
4
4
1
NOTE: 1.
High Strength Repair Mortar No.135/135F is
non-toxic and contains no chloride that is harmful to reinforced steel.
APPLICATION
High Strength Repair Mortar No.135 / 135 F is designed for
uses such as the following:
ปูนตราผึ้ง
SAGE 1275
5.
[4] Chapter: Voids And Blowholes Repair With High Strength Mortar, Page: 38
STECON
บริษัท ซิโน-ไทย เอ็น เนียริ่ง แอนด์ คอนสตรัคชั่น จํากัด (มหาชน)
SING THAI ENGINEERING & CONSTRUCTION PUBLIC COMPANY LIMITED
RP-TN-05
VOIDS AND BLOWHOLES REPAIR
(WITH HIGH STRENGTH MORTAR)
PROJECT : SEWERAGE TUNNEL BUNG NONG BON TO
CHAOPHRAYA RIVER
38",Construction-Related,Material,"[1] Chapter: Materials Data Sheet, Page: 115
[
[
[
HIGH STRENGTH REPAIR MORTAR
NO.135/135 F
PRODUCT
High Strength Repair Mortar No.135/135 F consists of accurately
weighed Portland cement, fine aggregate, silica fume, admixtures
and cellulose fiber only in No.135 F, The mortar will be fast selling
and have high strength and little or no plastic shrinkage.
Dimension (cm)
Date of Age Weight Density Ultimate 'Ultimate
Remarks
Side A Side B Side C Casting
Load
Stress
3
(Days) (kg)
(kg/m ) (kg)
(kg/cm³)
1
1
10.00 10.05 10.00 13/11/2555 28
2.264
2,253 56,600
563
HIGH STRENGTH REPAIR
MORTAR # 135F
1
2
10.10 10.28 10.02 13/11/2555 28 2.279
2,191 53,000
510
HIGH STRENGTH REPAIR
MORTAR # 135F
3
10.02 10.20 10.00 13/11/2555 28 2.258
2,209
60,400
591
HIGH STRENGTH REPAIR
MORTAR # 135F
4
4
1
NOTE: 1.
High Strength Repair Mortar No.135/135F is
non-toxic and contains no chloride that is harmful to reinforced steel.
APPLICATION
High Strength Repair Mortar No.135 / 135 F is designed for
uses such as the following:
ปูนตราผึ้ง
SAGE 1275
5.
[4] Chapter: Voids And Blowholes Repair With High Strength Mortar, Page: 38
STECON
บริษัท ซิโน-ไทย เอ็น เนียริ่ง แอนด์ คอนสตรัคชั่น จํากัด (มหาชน)
SING THAI ENGINEERING & CONSTRUCTION PUBLIC COMPANY LIMITED
RP-TN-05
VOIDS AND BLOWHOLES REPAIR
(WITH HIGH STRENGTH MORTAR)
PROJECT : SEWERAGE TUNNEL BUNG NONG BON TO
CHAOPHRAYA RIVER
38","115
[
[
[
HIGH STRENGTH REPAIR MORTAR
NO.135/135 F
PRODUCT
High Strength Repair Mortar No.135/135 F consists of accurately
weighed Portland cement, fine aggregate, silica fume, admixtures
and cellulose fiber only in No.135 F, The mortar will be fast selling
and have high strength and little or no plastic shrinkage.
Dimension (cm)
Date of Age Weight Density Ultimate 'Ultimate
Remarks
Side A Side B Side C Casting
Load
Stress
3
(Days) (kg)
(kg/m ) (kg)
(kg/cm³)
1
1
10.00 10.05 10.00 13/11/2555 28
2.264
2,253 56,600
563
HIGH STRENGTH REPAIR
MORTAR # 135F
1
2
10.10 10.28 10.02 13/11/2555 28 2.279
2,191 53,000
510
HIGH STRENGTH REPAIR
MORTAR # 135F
3
10.02 10.20 10.00 13/11/2555 28 2.258
2,209
60,400
591
HIGH STRENGTH REPAIR
MORTAR # 135F
4
4
1
NOTE: 1.
High Strength Repair Mortar No.135/135F is
non-toxic and contains no chloride that is harmful to reinforced steel.
APPLICATION
High Strength Repair Mortar No.135 / 135 F is designed for
uses such as the following:
ปูนตราผึ้ง
SAGE 1275
5.
[4] Chapter: Voids And Blowholes Repair With High Strength Mortar, Page: 38
STECON
บริษัท ซิโน-ไทย เอ็น เนียริ่ง แอนด์ คอนสตรัคชั่น จํากัด (มหาชน)
SING THAI ENGINEERING & CONSTRUCTION PUBLIC COMPANY LIMITED
RP-TN-05
VOIDS AND BLOWHOLES REPAIR
(WITH HIGH STRENGTH MORTAR)
PROJECT : SEWERAGE TUNNEL BUNG NONG BON TO
CHAOPHRAYA RIVER
38",extractive-fallback,"[1] Chapter: Materials Data Sheet, Page: 115
[
[
[
HIGH STRENGTH REPAIR MORTAR
NO.135/135 F
PRODUCT
High Strength Repair Mortar No.135/135 F consists of accurately
weighed Portland cement, fine aggregate, silica fume, admixtures
and cellulose fiber only in No.135 F, The mortar will be fast selling
and have high strength and little or no plastic shrinkage.
Dimension (cm)
Date of Age Weight Density Ultimate 'Ultimate
Remarks
Side A Side B Side C Casting
Load
Stress
3
(Days) (kg)
(kg/m ) (kg)
(kg/cm³)
1
1
10.00 10.05 10.00 13/11/2555 28
2.264
2,253 56,600
563
HIGH STRENGTH REPAIR
MORTAR # 135F
1
2
10.10 10.28 10.02 13/11/2555 28 2.279
2,191 53,000
510
HIGH STRENGTH REPAIR
MORTAR # 135F
3
10.02 10.20 10.00 13/11/2555 28 2.258
2,209
60,400
591
HIGH STRENGTH REPAIR
MORTAR # 135F
4
4
1
NOTE: 1.
High Strength Repair Mortar No.135/135F is
non-toxic and contains no chloride that is harmful to reinforced steel.
APPLICATION
High Strength Repair Mortar No.135 / 135 F is designed for
uses such as the following:
ปูนตราผึ้ง
SAGE 1275
5.
[4] Chapter: Voids And Blowholes Repair With High Strength Mortar, Page: 38
STECON
บริษัท ซิโน-ไทย เอ็น เนียริ่ง แอนด์ คอนสตรัคชั่น จํากัด (มหาชน)
SING THAI ENGINEERING & CONSTRUCTION PUBLIC COMPANY LIMITED
RP-TN-05
VOIDS AND BLOWHOLES REPAIR
(WITH HIGH STRENGTH MORTAR)
PROJECT : SEWERAGE TUNNEL BUNG NONG BON TO
CHAOPHRAYA RIVER
38",Construction-Related,Material,"[1] Chapter: Materials Data Sheet, Page: 115
[
[
[
HIGH STRENGTH REPAIR MORTAR
NO.135/135 F
PRODUCT
High Strength Repair Mortar No.135/135 F consists of accurately
weighed Portland cement, fine aggregate, silica fume, admixtures
and cellulose fiber only in No.135 F, The mortar will be fast selling
and have high strength and little or no plastic shrinkage.
Dimension (cm)
Date of Age Weight Density Ultimate 'Ultimate
Remarks
Side A Side B Side C Casting
Load
Stress
3
(Days) (kg)
(kg/m ) (kg)
(kg/cm³)
1
1
10.00 10.05 10.00 13/11/2555 28
2.264
2,253 56,600
563
HIGH STRENGTH REPAIR
MORTAR # 135F
1
2
10.10 10.28 10.02 13/11/2555 28 2.279
2,191 53,000
510
HIGH STRENGTH REPAIR
MORTAR # 135F
3
10.02 10.20 10.00 13/11/2555 28 2.258
2,209
60,400
591
HIGH STRENGTH REPAIR
MORTAR # 135F
4
4
1
NOTE: 1.
High Strength Repair Mortar No.135/135F is
non-toxic and contains no chloride that is harmful to reinforced steel.
APPLICATION
High Strength Repair Mortar No.135 / 135 F is designed for
uses such as the following:
ปูนตราผึ้ง
SAGE 1275
5.
[4] Chapter: Voids And Blowholes Repair With High Strength Mortar, Page: 38
STECON
บริษัท ซิโน-ไทย เอ็น เนียริ่ง แอนด์ คอนสตรัคชั่น จํากัด (มหาชน)
SING THAI ENGINEERING & CONSTRUCTION PUBLIC COMPANY LIMITED
RP-TN-05
VOIDS AND BLOWHOLES REPAIR
(WITH HIGH STRENGTH MORTAR)
PROJECT : SEWERAGE TUNNEL BUNG NONG BON TO
CHAOPHRAYA RIVER
38","115
[
[
[
HIGH STRENGTH REPAIR MORTAR
NO.135/135 F
PRODUCT
High Strength Repair Mortar No.135/135 F consists of accurately
weighed Portland cement, fine aggregate, silica fume, admixtures
and cellulose fiber only in No.135 F, The mortar will be fast selling
and have high strength and little or no plastic shrinkage.
Dimension (cm)
Date of Age Weight Density Ultimate 'Ultimate
Remarks
Side A Side B Side C Casting
Load
Stress
3
(Days) (kg)
(kg/m ) (kg)
(kg/cm³)
1
1
10.00 10.05 10.00 13/11/2555 28
2.264
2,253 56,600
563
HIGH STRENGTH REPAIR
MORTAR # 135F
1
2
10.10 10.28 10.02 13/11/2555 28 2.279
2,191 53,000
510
HIGH STRENGTH REPAIR
MORTAR # 135F
3
10.02 10.20 10.00 13/11/2555 28 2.258
2,209
60,400
591
HIGH STRENGTH REPAIR
MORTAR # 135F
4
4
1
NOTE: 1.
High Strength Repair Mortar No.135/135F is
non-toxic and contains no chloride that is harmful to reinforced steel.
APPLICATION
High Strength Repair Mortar No.135 / 135 F is designed for
uses such as the following:
ปูนตราผึ้ง
SAGE 1275
5.
[4] Chapter: Voids And Blowholes Repair With High Strength Mortar, Page: 38
STECON
บริษัท ซิโน-ไทย เอ็น เนียริ่ง แอนด์ คอนสตรัคชั่น จํากัด (มหาชน)
SING THAI ENGINEERING & CONSTRUCTION PUBLIC COMPANY LIMITED
RP-TN-05
VOIDS AND BLOWHOLES REPAIR
(WITH HIGH STRENGTH MORTAR)
PROJECT : SEWERAGE TUNNEL BUNG NONG BON TO
CHAOPHRAYA RIVER
38",extractive-fallback,"[1] Chapter: Materials Data Sheet, Page: 115
[
[
[
HIGH STRENGTH REPAIR MORTAR
NO.135/135 F
PRODUCT
High Strength Repair Mortar No.135/135 F consists of accurately
weighed Portland cement, fine aggregate, silica fume, admixtures
and cellulose fiber only in No.135 F, The mortar will be fast selling
and have high strength and little or no plastic shrinkage.
Dimension (cm)
Date of Age Weight Density Ultimate 'Ultimate
Remarks
Side A Side B Side C Casting
Load
Stress
3
(Days) (kg)
(kg/m ) (kg)
(kg/cm³)
1
1
10.00 10.05 10.00 13/11/2555 28
2.264
2,253 56,600
563
HIGH STRENGTH REPAIR
MORTAR # 135F
1
2
10.10 10.28 10.02 13/11/2555 28 2.279
2,191 53,000
510
HIGH STRENGTH REPAIR
MORTAR # 135F
3
10.02 10.20 10.00 13/11/2555 28 2.258
2,209
60,400
591
HIGH STRENGTH REPAIR
MORTAR # 135F
4
4
1
NOTE: 1.
High Strength Repair Mortar No.135/135F is
non-toxic and contains no chloride that is harmful to reinforced steel.
APPLICATION
High Strength Repair Mortar No.135 / 135 F is designed for
uses such as the following:
ปูนตราผึ้ง
SAGE 1275
5.
[4] Chapter: Voids And Blowholes Repair With High Strength Mortar, Page: 38
STECON
บริษัท ซิโน-ไทย เอ็น เนียริ่ง แอนด์ คอนสตรัคชั่น จํากัด (มหาชน)
SING THAI ENGINEERING & CONSTRUCTION PUBLIC COMPANY LIMITED
RP-TN-05
VOIDS AND BLOWHOLES REPAIR
(WITH HIGH STRENGTH MORTAR)
PROJECT : SEWERAGE TUNNEL BUNG NONG BON TO
CHAOPHRAYA RIVER
38",Construction-Related,Material,"[1] Chapter: Materials Data Sheet, Page: 115
[
[
[
HIGH STRENGTH REPAIR MORTAR
NO.135/135 F
PRODUCT
High Strength Repair Mortar No.135/135 F consists of accurately
weighed Portland cement, fine aggregate, silica fume, admixtures
and cellulose fiber only in No.135 F, The mortar will be fast selling
and have high strength and little or no plastic shrinkage.
Dimension (cm)
Date of Age Weight Density Ultimate 'Ultimate
Remarks
Side A Side B Side C Casting
Load
Stress
3
(Days) (kg)
(kg/m ) (kg)
(kg/cm³)
1
1
10.00 10.05 10.00 13/11/2555 28
2.264
2,253 56,600
563
HIGH STRENGTH REPAIR
MORTAR # 135F
1
2
10.10 10.28 10.02 13/11/2555 28 2.279
2,191 53,000
510
HIGH STRENGTH REPAIR
MORTAR # 135F
3
10.02 10.20 10.00 13/11/2555 28 2.258
2,209
60,400
591
HIGH STRENGTH REPAIR
MORTAR # 135F
4
4
1
NOTE: 1.
High Strength Repair Mortar No.135/135F is
non-toxic and contains no chloride that is harmful to reinforced steel.
APPLICATION
High Strength Repair Mortar No.135 / 135 F is designed for
uses such as the following:
ปูนตราผึ้ง
SAGE 1275
5.
[4] Chapter: Voids And Blowholes Repair With High Strength Mortar, Page: 38
STECON
บริษัท ซิโน-ไทย เอ็น เนียริ่ง แอนด์ คอนสตรัคชั่น จํากัด (มหาชน)
SING THAI ENGINEERING & CONSTRUCTION PUBLIC COMPANY LIMITED
RP-TN-05
VOIDS AND BLOWHOLES REPAIR
(WITH HIGH STRENGTH MORTAR)
PROJECT : SEWERAGE TUNNEL BUNG NONG BON TO
CHAOPHRAYA RIVER
38","115
[
[
[
HIGH STRENGTH REPAIR MORTAR
NO.135/135 F
PRODUCT
High Strength Repair Mortar No.135/135 F consists of accurately
weighed Portland cement, fine aggregate, silica fume, admixtures
and cellulose fiber only in No.135 F, The mortar will be fast selling
and have high strength and little or no plastic shrinkage.
Dimension (cm)
Date of Age Weight Density Ultimate 'Ultimate
Remarks
Side A Side B Side C Casting
Load
Stress
3
(Days) (kg)
(kg/m ) (kg)
(kg/cm³)
1
1
10.00 10.05 10.00 13/11/2555 28
2.264
2,253 56,600
563
HIGH STRENGTH REPAIR
MORTAR # 135F
1
2
10.10 10.28 10.02 13/11/2555 28 2.279
2,191 53,000
510
HIGH STRENGTH REPAIR
MORTAR # 135F
3
10.02 10.20 10.00 13/11/2555 28 2.258
2,209
60,400
591
HIGH STRENGTH REPAIR
MORTAR # 135F
4
4
1
NOTE: 1.
High Strength Repair Mortar No.135/135F is
non-toxic and contains no chloride that is harmful to reinforced steel.
APPLICATION
High Strength Repair Mortar No.135 / 135 F is designed for
uses such as the following:
ปูนตราผึ้ง
SAGE 1275
5.
[4] Chapter: Voids And Blowholes Repair With High Strength Mortar, Page: 38
STECON
บริษัท ซิโน-ไทย เอ็น เนียริ่ง แอนด์ คอนสตรัคชั่น จํากัด (มหาชน)
SING THAI ENGINEERING & CONSTRUCTION PUBLIC COMPANY LIMITED
RP-TN-05
VOIDS AND BLOWHOLES REPAIR
(WITH HIGH STRENGTH MORTAR)
PROJECT : SEWERAGE TUNNEL BUNG NONG BON TO
CHAOPHRAYA RIVER
38",extractive-fallback,"[1] Chapter: Materials Data Sheet, Page: 115
[
[
[
HIGH STRENGTH REPAIR MORTAR
NO.135/135 F
PRODUCT
High Strength Repair Mortar No.135/135 F consists of accurately
weighed Portland cement, fine aggregate, silica fume, admixtures
and cellulose fiber only in No.135 F, The mortar will be fast selling
and have high strength and little or no plastic shrinkage.
Dimension (cm)
Date of Age Weight Density Ultimate 'Ultimate
Remarks
Side A Side B Side C Casting
Load
Stress
3
(Days) (kg)
(kg/m ) (kg)
(kg/cm³)
1
1
10.00 10.05 10.00 13/11/2555 28
2.264
2,253 56,600
563
HIGH STRENGTH REPAIR
MORTAR # 135F
1
2
10.10 10.28 10.02 13/11/2555 28 2.279
2,191 53,000
510
HIGH STRENGTH REPAIR
MORTAR # 135F
3
10.02 10.20 10.00 13/11/2555 28 2.258
2,209
60,400
591
HIGH STRENGTH REPAIR
MORTAR # 135F
4
4
1
NOTE: 1.
High Strength Repair Mortar No.135/135F is
non-toxic and contains no chloride that is harmful to reinforced steel.
APPLICATION
High Strength Repair Mortar No.135 / 135 F is designed for
uses such as the following:
ปูนตราผึ้ง
SAGE 1275
5.
[4] Chapter: Voids And Blowholes Repair With High Strength Mortar, Page: 38
STECON
บริษัท ซิโน-ไทย เอ็น เนียริ่ง แอนด์ คอนสตรัคชั่น จํากัด (มหาชน)
SING THAI ENGINEERING & CONSTRUCTION PUBLIC COMPANY LIMITED
RP-TN-05
VOIDS AND BLOWHOLES REPAIR
(WITH HIGH STRENGTH MORTAR)
PROJECT : SEWERAGE TUNNEL BUNG NONG BON TO
CHAOPHRAYA RIVER
38"
" วัสดุชื่อ ""Sika Skim Coat"" เป็นวัสดุซ่อมประเภทใด", ปูนฉาบซ่อม (Cementitious Mortar),8,Construction-Related,Material,"Sika Skim Coat
SIKA
ปูน:น้ำ = 1:0.35 โดยน้ำหนัก
2.
Sika Skim Coat
SIKA
ปูน:น้ำ = 1:0.35 โดยน้ำหนัก
2.
[1] Chapter: Materials Data Sheet, Page: 45
Construction
Product Data Sheet
Version 17/03/2017
SikaⓇ Skim Coat
ผงซีเมนต์สำเร็จรูปเพื่องานตกแต่งพื้นผิว
คุณลักษณะ
การใช้งาน
คุณประโยชน์
ข้อมูลผลิตภัณฑ์
ลักษณะ
สี
บรรจุภัณฑ์
การเก็บรักษาผลิตภัณฑ์
วิธีการจัดเก็บ/
อายุผลิตภัณฑ์
Sika Skim Coat เป็นผงซีเมนต์สำเร็จรูปสำหรับใช้ผสมกับน้ำเพื่อนำไปใช้ในงานซ่อมแซม
ร่องรอยบกพร่องบริเวณผิวหน้าของคอนกรีต หรือผนังปูนฉาบใช้ขจัดรอยตำหนิต่างๆ เช่น ร่อง
รอยต่อตะเข็บ รอยแตกลายงา และรอยเม็ดทราย เมื่อฉาบพื้นผิวด้วย Sika® Skim Coat
แล้วจะทำให้พื้นผิวนั้นเนียนเรียบ
ผสม Sika Skim Coat กับน้ำเพื่อใช้ตกแต่งพื้นผิว เหมาะสำหรับใช้งานกับพื้นผิว
คอนกรีตเสริมเหล็ก ผนังคอนกรีตหล่อสำเร็จ ผนังก่ออิฐ ฯลฯ
ใช้ Sika® Skim Coat ได้กับทั้งพื้นผิวภายใน และภายนอก Sika Skim Coat มี
คุณสมบัติหลายประการ ดังต่อไปนี้
- ช่วยให้พื้นผิวทนทานต่อการสึกหรอ
- ใช้งานง่าย
- ยึดเกาะได้ดีกับพื้นผิวซีเมนต์
- แห้งเร็ว
ผง
สีเทา, สีขาว
20 กก./ถุง
จัดเก็บในพื้นที่แห้งปราศจากความชื้น และหลีกเลี่ยงการจัดเก็บในพื้นที่ที่มีแสงแดดส่องถึง
12 เดือน
Jika
Sikka Skim Coat 1/2
D00111050345
เมื่อผิวฉาบ Sika® Skim Coat แห้งดีแล้วสามารถขัดถูได้ด้วยกระดาษทราย
ประมาณ 45 นาทีที่อุณหภูมิ 30°C
Jika
ข้อมูลที่ระบุในที่นี่และข้อเสนอแนะใดๆ เป็นข้อมูลที่ใช้โดยอ้างอิงจากความรู้และประสบการณ์ปัจจุบันของผลิตภัณฑ์ต่างๆ ของ Sika โดยจะต้องมีการจัดเก็บ ขนย้ายอย่างเหมาะสม และ
ใช้งานภายใต้สภาวะปกติตามคำแนะนำของ Sika ซึ่งในการใช้งานจริงอาจมีความแตกต่างของวัสดุ พื้นผิว และสภาพแวดล้อมจริงที่หน้างาน ทาง Sika จึงไม่สามารถรับรองประสิทธิภาพ
หรือความเหมาะสมในการใช้งานให้ตรงตามวัตถุประสงค์บางประการได้ และจะไม่มีการรับผิดชอบในทางกฎหมายใดๆ ต่อข้อมูลที่ได้ให้ไว้นี้ หรือจากคำแนะนำที่ให้ไว้เป็นลายลักษณ์อักษร
Conpatch 300
CORMIX
ปูน:น้ำ = 1:0.2 โดยน้ำหนัก
Sika Skim Coat
Document No.","45
Construction
Product Data Sheet
Version 17/03/2017
SikaⓇ Skim Coat
ผงซีเมนต์สำเร็จรูปเพื่องานตกแต่งพื้นผิว
คุณลักษณะ
การใช้งาน
คุณประโยชน์
ข้อมูลผลิตภัณฑ์
ลักษณะ
สี
บรรจุภัณฑ์
การเก็บรักษาผลิตภัณฑ์
วิธีการจัดเก็บ/
อายุผลิตภัณฑ์
Sika Skim Coat เป็นผงซีเมนต์สำเร็จรูปสำหรับใช้ผสมกับน้ำเพื่อนำไปใช้ในงานซ่อมแซม
ร่องรอยบกพร่องบริเวณผิวหน้าของคอนกรีต หรือผนังปูนฉาบใช้ขจัดรอยตำหนิต่างๆ เช่น ร่อง
รอยต่อตะเข็บ รอยแตกลายงา และรอยเม็ดทราย เมื่อฉาบพื้นผิวด้วย Sika® Skim Coat
แล้วจะทำให้พื้นผิวนั้นเนียนเรียบ
ผสม Sika Skim Coat กับน้ำเพื่อใช้ตกแต่งพื้นผิว เหมาะสำหรับใช้งานกับพื้นผิว
คอนกรีตเสริมเหล็ก ผนังคอนกรีตหล่อสำเร็จ ผนังก่ออิฐ ฯลฯ
ใช้ Sika® Skim Coat ได้กับทั้งพื้นผิวภายใน และภายนอก Sika Skim Coat มี
คุณสมบัติหลายประการ ดังต่อไปนี้
- ช่วยให้พื้นผิวทนทานต่อการสึกหรอ
- ใช้งานง่าย
- ยึดเกาะได้ดีกับพื้นผิวซีเมนต์
- แห้งเร็ว
ผง
สีเทา, สีขาว
20 กก./ถุง
จัดเก็บในพื้นที่แห้งปราศจากความชื้น และหลีกเลี่ยงการจัดเก็บในพื้นที่ที่มีแสงแดดส่องถึง
12 เดือน
Jika
Sikka Skim Coat 1/2
D00111050345
เมื่อผิวฉาบ Sika® Skim Coat แห้งดีแล้วสามารถขัดถูได้ด้วยกระดาษทราย
ประมาณ 45 นาทีที่อุณหภูมิ 30°C
Jika
ข้อมูลที่ระบุในที่นี่และข้อเสนอแนะใดๆ เป็นข้อมูลที่ใช้โดยอ้างอิงจากความรู้และประสบการณ์ปัจจุบันของผลิตภัณฑ์ต่างๆ ของ Sika โดยจะต้องมีการจัดเก็บ ขนย้ายอย่างเหมาะสม และ
ใช้งานภายใต้สภาวะปกติตามคำแนะนำของ Sika ซึ่งในการใช้งานจริงอาจมีความแตกต่างของวัสดุ พื้นผิว และสภาพแวดล้อมจริงที่หน้างาน ทาง Sika จึงไม่สามารถรับรองประสิทธิภาพ
หรือความเหมาะสมในการใช้งานให้ตรงตามวัตถุประสงค์บางประการได้ และจะไม่มีการรับผิดชอบในทางกฎหมายใดๆ ต่อข้อมูลที่ได้ให้ไว้นี้ หรือจากคำแนะนำที่ให้ไว้เป็นลายลักษณ์อักษร
Conpatch 300
CORMIX
ปูน:น้ำ = 1:0.2 โดยน้ำหนัก
Sika Skim Coat
Document No.",extractive-fallback,"Sika Skim Coat
SIKA
ปูน:น้ำ = 1:0.35 โดยน้ำหนัก
2.
Sika Skim Coat
SIKA
ปูน:น้ำ = 1:0.35 โดยน้ำหนัก
2.
[1] Chapter: Materials Data Sheet, Page: 45
Construction
Product Data Sheet
Version 17/03/2017
SikaⓇ Skim Coat
ผงซีเมนต์สำเร็จรูปเพื่องานตกแต่งพื้นผิว
คุณลักษณะ
การใช้งาน
คุณประโยชน์
ข้อมูลผลิตภัณฑ์
ลักษณะ
สี
บรรจุภัณฑ์
การเก็บรักษาผลิตภัณฑ์
วิธีการจัดเก็บ/
อายุผลิตภัณฑ์
Sika Skim Coat เป็นผงซีเมนต์สำเร็จรูปสำหรับใช้ผสมกับน้ำเพื่อนำไปใช้ในงานซ่อมแซม
ร่องรอยบกพร่องบริเวณผิวหน้าของคอนกรีต หรือผนังปูนฉาบใช้ขจัดรอยตำหนิต่างๆ เช่น ร่อง
รอยต่อตะเข็บ รอยแตกลายงา และรอยเม็ดทราย เมื่อฉาบพื้นผิวด้วย Sika® Skim Coat
แล้วจะทำให้พื้นผิวนั้นเนียนเรียบ
ผสม Sika Skim Coat กับน้ำเพื่อใช้ตกแต่งพื้นผิว เหมาะสำหรับใช้งานกับพื้นผิว
คอนกรีตเสริมเหล็ก ผนังคอนกรีตหล่อสำเร็จ ผนังก่ออิฐ ฯลฯ
ใช้ Sika® Skim Coat ได้กับทั้งพื้นผิวภายใน และภายนอก Sika Skim Coat มี
คุณสมบัติหลายประการ ดังต่อไปนี้
- ช่วยให้พื้นผิวทนทานต่อการสึกหรอ
- ใช้งานง่าย
- ยึดเกาะได้ดีกับพื้นผิวซีเมนต์
- แห้งเร็ว
ผง
สีเทา, สีขาว
20 กก./ถุง
จัดเก็บในพื้นที่แห้งปราศจากความชื้น และหลีกเลี่ยงการจัดเก็บในพื้นที่ที่มีแสงแดดส่องถึง
12 เดือน
Jika
Sikka Skim Coat 1/2
D00111050345
เมื่อผิวฉาบ Sika® Skim Coat แห้งดีแล้วสามารถขัดถูได้ด้วยกระดาษทราย
ประมาณ 45 นาทีที่อุณหภูมิ 30°C
Jika
ข้อมูลที่ระบุในที่นี่และข้อเสนอแนะใดๆ เป็นข้อมูลที่ใช้โดยอ้างอิงจากความรู้และประสบการณ์ปัจจุบันของผลิตภัณฑ์ต่างๆ ของ Sika โดยจะต้องมีการจัดเก็บ ขนย้ายอย่างเหมาะสม และ
ใช้งานภายใต้สภาวะปกติตามคำแนะนำของ Sika ซึ่งในการใช้งานจริงอาจมีความแตกต่างของวัสดุ พื้นผิว และสภาพแวดล้อมจริงที่หน้างาน ทาง Sika จึงไม่สามารถรับรองประสิทธิภาพ
หรือความเหมาะสมในการใช้งานให้ตรงตามวัตถุประสงค์บางประการได้ และจะไม่มีการรับผิดชอบในทางกฎหมายใดๆ ต่อข้อมูลที่ได้ให้ไว้นี้ หรือจากคำแนะนำที่ให้ไว้เป็นลายลักษณ์อักษร
Conpatch 300
CORMIX
ปูน:น้ำ = 1:0.2 โดยน้ำหนัก
Sika Skim Coat
Document No.",Construction-Related,Material,"Sika Skim Coat
SIKA
ปูน:น้ำ = 1:0.35 โดยน้ำหนัก
2.
Sika Skim Coat
SIKA
ปูน:น้ำ = 1:0.35 โดยน้ำหนัก
2.
[1] Chapter: Materials Data Sheet, Page: 45
Construction
Product Data Sheet
Version 17/03/2017
SikaⓇ Skim Coat
ผงซีเมนต์สำเร็จรูปเพื่องานตกแต่งพื้นผิว
คุณลักษณะ
การใช้งาน
คุณประโยชน์
ข้อมูลผลิตภัณฑ์
ลักษณะ
สี
บรรจุภัณฑ์
การเก็บรักษาผลิตภัณฑ์
วิธีการจัดเก็บ/
อายุผลิตภัณฑ์
Sika Skim Coat เป็นผงซีเมนต์สำเร็จรูปสำหรับใช้ผสมกับน้ำเพื่อนำไปใช้ในงานซ่อมแซม
ร่องรอยบกพร่องบริเวณผิวหน้าของคอนกรีต หรือผนังปูนฉาบใช้ขจัดรอยตำหนิต่างๆ เช่น ร่อง
รอยต่อตะเข็บ รอยแตกลายงา และรอยเม็ดทราย เมื่อฉาบพื้นผิวด้วย Sika® Skim Coat
แล้วจะทำให้พื้นผิวนั้นเนียนเรียบ
ผสม Sika Skim Coat กับน้ำเพื่อใช้ตกแต่งพื้นผิว เหมาะสำหรับใช้งานกับพื้นผิว
คอนกรีตเสริมเหล็ก ผนังคอนกรีตหล่อสำเร็จ ผนังก่ออิฐ ฯลฯ
ใช้ Sika® Skim Coat ได้กับทั้งพื้นผิวภายใน และภายนอก Sika Skim Coat มี
คุณสมบัติหลายประการ ดังต่อไปนี้
- ช่วยให้พื้นผิวทนทานต่อการสึกหรอ
- ใช้งานง่าย
- ยึดเกาะได้ดีกับพื้นผิวซีเมนต์
- แห้งเร็ว
ผง
สีเทา, สีขาว
20 กก./ถุง
จัดเก็บในพื้นที่แห้งปราศจากความชื้น และหลีกเลี่ยงการจัดเก็บในพื้นที่ที่มีแสงแดดส่องถึง
12 เดือน
Jika
Sikka Skim Coat 1/2
D00111050345
เมื่อผิวฉาบ Sika® Skim Coat แห้งดีแล้วสามารถขัดถูได้ด้วยกระดาษทราย
ประมาณ 45 นาทีที่อุณหภูมิ 30°C
Jika
ข้อมูลที่ระบุในที่นี่และข้อเสนอแนะใดๆ เป็นข้อมูลที่ใช้โดยอ้างอิงจากความรู้และประสบการณ์ปัจจุบันของผลิตภัณฑ์ต่างๆ ของ Sika โดยจะต้องมีการจัดเก็บ ขนย้ายอย่างเหมาะสม และ
ใช้งานภายใต้สภาวะปกติตามคำแนะนำของ Sika ซึ่งในการใช้งานจริงอาจมีความแตกต่างของวัสดุ พื้นผิว และสภาพแวดล้อมจริงที่หน้างาน ทาง Sika จึงไม่สามารถรับรองประสิทธิภาพ
หรือความเหมาะสมในการใช้งานให้ตรงตามวัตถุประสงค์บางประการได้ และจะไม่มีการรับผิดชอบในทางกฎหมายใดๆ ต่อข้อมูลที่ได้ให้ไว้นี้ หรือจากคำแนะนำที่ให้ไว้เป็นลายลักษณ์อักษร
Conpatch 300
CORMIX
ปูน:น้ำ = 1:0.2 โดยน้ำหนัก
Sika Skim Coat
Document No.","45
Construction
Product Data Sheet
Version 17/03/2017
SikaⓇ Skim Coat
ผงซีเมนต์สำเร็จรูปเพื่องานตกแต่งพื้นผิว
คุณลักษณะ
การใช้งาน
คุณประโยชน์
ข้อมูลผลิตภัณฑ์
ลักษณะ
สี
บรรจุภัณฑ์
การเก็บรักษาผลิตภัณฑ์
วิธีการจัดเก็บ/
อายุผลิตภัณฑ์
Sika Skim Coat เป็นผงซีเมนต์สำเร็จรูปสำหรับใช้ผสมกับน้ำเพื่อนำไปใช้ในงานซ่อมแซม
ร่องรอยบกพร่องบริเวณผิวหน้าของคอนกรีต หรือผนังปูนฉาบใช้ขจัดรอยตำหนิต่างๆ เช่น ร่อง
รอยต่อตะเข็บ รอยแตกลายงา และรอยเม็ดทราย เมื่อฉาบพื้นผิวด้วย Sika® Skim Coat
แล้วจะทำให้พื้นผิวนั้นเนียนเรียบ
ผสม Sika Skim Coat กับน้ำเพื่อใช้ตกแต่งพื้นผิว เหมาะสำหรับใช้งานกับพื้นผิว
คอนกรีตเสริมเหล็ก ผนังคอนกรีตหล่อสำเร็จ ผนังก่ออิฐ ฯลฯ
ใช้ Sika® Skim Coat ได้กับทั้งพื้นผิวภายใน และภายนอก Sika Skim Coat มี
คุณสมบัติหลายประการ ดังต่อไปนี้
- ช่วยให้พื้นผิวทนทานต่อการสึกหรอ
- ใช้งานง่าย
- ยึดเกาะได้ดีกับพื้นผิวซีเมนต์
- แห้งเร็ว
ผง
สีเทา, สีขาว
20 กก./ถุง
จัดเก็บในพื้นที่แห้งปราศจากความชื้น และหลีกเลี่ยงการจัดเก็บในพื้นที่ที่มีแสงแดดส่องถึง
12 เดือน
Jika
Sikka Skim Coat 1/2
D00111050345
เมื่อผิวฉาบ Sika® Skim Coat แห้งดีแล้วสามารถขัดถูได้ด้วยกระดาษทราย
ประมาณ 45 นาทีที่อุณหภูมิ 30°C
Jika
ข้อมูลที่ระบุในที่นี่และข้อเสนอแนะใดๆ เป็นข้อมูลที่ใช้โดยอ้างอิงจากความรู้และประสบการณ์ปัจจุบันของผลิตภัณฑ์ต่างๆ ของ Sika โดยจะต้องมีการจัดเก็บ ขนย้ายอย่างเหมาะสม และ
ใช้งานภายใต้สภาวะปกติตามคำแนะนำของ Sika ซึ่งในการใช้งานจริงอาจมีความแตกต่างของวัสดุ พื้นผิว และสภาพแวดล้อมจริงที่หน้างาน ทาง Sika จึงไม่สามารถรับรองประสิทธิภาพ
หรือความเหมาะสมในการใช้งานให้ตรงตามวัตถุประสงค์บางประการได้ และจะไม่มีการรับผิดชอบในทางกฎหมายใดๆ ต่อข้อมูลที่ได้ให้ไว้นี้ หรือจากคำแนะนำที่ให้ไว้เป็นลายลักษณ์อักษร
Conpatch 300
CORMIX
ปูน:น้ำ = 1:0.2 โดยน้ำหนัก
Sika Skim Coat
Document No.",extractive-fallback,"Sika Skim Coat
SIKA
ปูน:น้ำ = 1:0.35 โดยน้ำหนัก
2.
Sika Skim Coat
SIKA
ปูน:น้ำ = 1:0.35 โดยน้ำหนัก
2.
[1] Chapter: Materials Data Sheet, Page: 45
Construction
Product Data Sheet
Version 17/03/2017
SikaⓇ Skim Coat
ผงซีเมนต์สำเร็จรูปเพื่องานตกแต่งพื้นผิว
คุณลักษณะ
การใช้งาน
คุณประโยชน์
ข้อมูลผลิตภัณฑ์
ลักษณะ
สี
บรรจุภัณฑ์
การเก็บรักษาผลิตภัณฑ์
วิธีการจัดเก็บ/
อายุผลิตภัณฑ์
Sika Skim Coat เป็นผงซีเมนต์สำเร็จรูปสำหรับใช้ผสมกับน้ำเพื่อนำไปใช้ในงานซ่อมแซม
ร่องรอยบกพร่องบริเวณผิวหน้าของคอนกรีต หรือผนังปูนฉาบใช้ขจัดรอยตำหนิต่างๆ เช่น ร่อง
รอยต่อตะเข็บ รอยแตกลายงา และรอยเม็ดทราย เมื่อฉาบพื้นผิวด้วย Sika® Skim Coat
แล้วจะทำให้พื้นผิวนั้นเนียนเรียบ
ผสม Sika Skim Coat กับน้ำเพื่อใช้ตกแต่งพื้นผิว เหมาะสำหรับใช้งานกับพื้นผิว
คอนกรีตเสริมเหล็ก ผนังคอนกรีตหล่อสำเร็จ ผนังก่ออิฐ ฯลฯ
ใช้ Sika® Skim Coat ได้กับทั้งพื้นผิวภายใน และภายนอก Sika Skim Coat มี
คุณสมบัติหลายประการ ดังต่อไปนี้
- ช่วยให้พื้นผิวทนทานต่อการสึกหรอ
- ใช้งานง่าย
- ยึดเกาะได้ดีกับพื้นผิวซีเมนต์
- แห้งเร็ว
ผง
สีเทา, สีขาว
20 กก./ถุง
จัดเก็บในพื้นที่แห้งปราศจากความชื้น และหลีกเลี่ยงการจัดเก็บในพื้นที่ที่มีแสงแดดส่องถึง
12 เดือน
Jika
Sikka Skim Coat 1/2
D00111050345
เมื่อผิวฉาบ Sika® Skim Coat แห้งดีแล้วสามารถขัดถูได้ด้วยกระดาษทราย
ประมาณ 45 นาทีที่อุณหภูมิ 30°C
Jika
ข้อมูลที่ระบุในที่นี่และข้อเสนอแนะใดๆ เป็นข้อมูลที่ใช้โดยอ้างอิงจากความรู้และประสบการณ์ปัจจุบันของผลิตภัณฑ์ต่างๆ ของ Sika โดยจะต้องมีการจัดเก็บ ขนย้ายอย่างเหมาะสม และ
ใช้งานภายใต้สภาวะปกติตามคำแนะนำของ Sika ซึ่งในการใช้งานจริงอาจมีความแตกต่างของวัสดุ พื้นผิว และสภาพแวดล้อมจริงที่หน้างาน ทาง Sika จึงไม่สามารถรับรองประสิทธิภาพ
หรือความเหมาะสมในการใช้งานให้ตรงตามวัตถุประสงค์บางประการได้ และจะไม่มีการรับผิดชอบในทางกฎหมายใดๆ ต่อข้อมูลที่ได้ให้ไว้นี้ หรือจากคำแนะนำที่ให้ไว้เป็นลายลักษณ์อักษร
Conpatch 300
CORMIX
ปูน:น้ำ = 1:0.2 โดยน้ำหนัก
Sika Skim Coat
Document No.",Construction-Related,Material,"Sika Skim Coat
SIKA
ปูน:น้ำ = 1:0.35 โดยน้ำหนัก
2.
Sika Skim Coat
SIKA
ปูน:น้ำ = 1:0.35 โดยน้ำหนัก
2.
[1] Chapter: Materials Data Sheet, Page: 45
Construction
Product Data Sheet
Version 17/03/2017
SikaⓇ Skim Coat
ผงซีเมนต์สำเร็จรูปเพื่องานตกแต่งพื้นผิว
คุณลักษณะ
การใช้งาน
คุณประโยชน์
ข้อมูลผลิตภัณฑ์
ลักษณะ
สี
บรรจุภัณฑ์
การเก็บรักษาผลิตภัณฑ์
วิธีการจัดเก็บ/
อายุผลิตภัณฑ์
Sika Skim Coat เป็นผงซีเมนต์สำเร็จรูปสำหรับใช้ผสมกับน้ำเพื่อนำไปใช้ในงานซ่อมแซม
ร่องรอยบกพร่องบริเวณผิวหน้าของคอนกรีต หรือผนังปูนฉาบใช้ขจัดรอยตำหนิต่างๆ เช่น ร่อง
รอยต่อตะเข็บ รอยแตกลายงา และรอยเม็ดทราย เมื่อฉาบพื้นผิวด้วย Sika® Skim Coat
แล้วจะทำให้พื้นผิวนั้นเนียนเรียบ
ผสม Sika Skim Coat กับน้ำเพื่อใช้ตกแต่งพื้นผิว เหมาะสำหรับใช้งานกับพื้นผิว
คอนกรีตเสริมเหล็ก ผนังคอนกรีตหล่อสำเร็จ ผนังก่ออิฐ ฯลฯ
ใช้ Sika® Skim Coat ได้กับทั้งพื้นผิวภายใน และภายนอก Sika Skim Coat มี
คุณสมบัติหลายประการ ดังต่อไปนี้
- ช่วยให้พื้นผิวทนทานต่อการสึกหรอ
- ใช้งานง่าย
- ยึดเกาะได้ดีกับพื้นผิวซีเมนต์
- แห้งเร็ว
ผง
สีเทา, สีขาว
20 กก./ถุง
จัดเก็บในพื้นที่แห้งปราศจากความชื้น และหลีกเลี่ยงการจัดเก็บในพื้นที่ที่มีแสงแดดส่องถึง
12 เดือน
Jika
Sikka Skim Coat 1/2
D00111050345
เมื่อผิวฉาบ Sika® Skim Coat แห้งดีแล้วสามารถขัดถูได้ด้วยกระดาษทราย
ประมาณ 45 นาทีที่อุณหภูมิ 30°C
Jika
ข้อมูลที่ระบุในที่นี่และข้อเสนอแนะใดๆ เป็นข้อมูลที่ใช้โดยอ้างอิงจากความรู้และประสบการณ์ปัจจุบันของผลิตภัณฑ์ต่างๆ ของ Sika โดยจะต้องมีการจัดเก็บ ขนย้ายอย่างเหมาะสม และ
ใช้งานภายใต้สภาวะปกติตามคำแนะนำของ Sika ซึ่งในการใช้งานจริงอาจมีความแตกต่างของวัสดุ พื้นผิว และสภาพแวดล้อมจริงที่หน้างาน ทาง Sika จึงไม่สามารถรับรองประสิทธิภาพ
หรือความเหมาะสมในการใช้งานให้ตรงตามวัตถุประสงค์บางประการได้ และจะไม่มีการรับผิดชอบในทางกฎหมายใดๆ ต่อข้อมูลที่ได้ให้ไว้นี้ หรือจากคำแนะนำที่ให้ไว้เป็นลายลักษณ์อักษร
Conpatch 300
CORMIX
ปูน:น้ำ = 1:0.2 โดยน้ำหนัก
Sika Skim Coat
Document No.","45
Construction
Product Data Sheet
Version 17/03/2017
SikaⓇ Skim Coat
ผงซีเมนต์สำเร็จรูปเพื่องานตกแต่งพื้นผิว
คุณลักษณะ
การใช้งาน
คุณประโยชน์
ข้อมูลผลิตภัณฑ์
ลักษณะ
สี
บรรจุภัณฑ์
การเก็บรักษาผลิตภัณฑ์
วิธีการจัดเก็บ/
อายุผลิตภัณฑ์
Sika Skim Coat เป็นผงซีเมนต์สำเร็จรูปสำหรับใช้ผสมกับน้ำเพื่อนำไปใช้ในงานซ่อมแซม
ร่องรอยบกพร่องบริเวณผิวหน้าของคอนกรีต หรือผนังปูนฉาบใช้ขจัดรอยตำหนิต่างๆ เช่น ร่อง
รอยต่อตะเข็บ รอยแตกลายงา และรอยเม็ดทราย เมื่อฉาบพื้นผิวด้วย Sika® Skim Coat
แล้วจะทำให้พื้นผิวนั้นเนียนเรียบ
ผสม Sika Skim Coat กับน้ำเพื่อใช้ตกแต่งพื้นผิว เหมาะสำหรับใช้งานกับพื้นผิว
คอนกรีตเสริมเหล็ก ผนังคอนกรีตหล่อสำเร็จ ผนังก่ออิฐ ฯลฯ
ใช้ Sika® Skim Coat ได้กับทั้งพื้นผิวภายใน และภายนอก Sika Skim Coat มี
คุณสมบัติหลายประการ ดังต่อไปนี้
- ช่วยให้พื้นผิวทนทานต่อการสึกหรอ
- ใช้งานง่าย
- ยึดเกาะได้ดีกับพื้นผิวซีเมนต์
- แห้งเร็ว
ผง
สีเทา, สีขาว
20 กก./ถุง
จัดเก็บในพื้นที่แห้งปราศจากความชื้น และหลีกเลี่ยงการจัดเก็บในพื้นที่ที่มีแสงแดดส่องถึง
12 เดือน
Jika
Sikka Skim Coat 1/2
D00111050345
เมื่อผิวฉาบ Sika® Skim Coat แห้งดีแล้วสามารถขัดถูได้ด้วยกระดาษทราย
ประมาณ 45 นาทีที่อุณหภูมิ 30°C
Jika
ข้อมูลที่ระบุในที่นี่และข้อเสนอแนะใดๆ เป็นข้อมูลที่ใช้โดยอ้างอิงจากความรู้และประสบการณ์ปัจจุบันของผลิตภัณฑ์ต่างๆ ของ Sika โดยจะต้องมีการจัดเก็บ ขนย้ายอย่างเหมาะสม และ
ใช้งานภายใต้สภาวะปกติตามคำแนะนำของ Sika ซึ่งในการใช้งานจริงอาจมีความแตกต่างของวัสดุ พื้นผิว และสภาพแวดล้อมจริงที่หน้างาน ทาง Sika จึงไม่สามารถรับรองประสิทธิภาพ
หรือความเหมาะสมในการใช้งานให้ตรงตามวัตถุประสงค์บางประการได้ และจะไม่มีการรับผิดชอบในทางกฎหมายใดๆ ต่อข้อมูลที่ได้ให้ไว้นี้ หรือจากคำแนะนำที่ให้ไว้เป็นลายลักษณ์อักษร
Conpatch 300
CORMIX
ปูน:น้ำ = 1:0.2 โดยน้ำหนัก
Sika Skim Coat
Document No.",extractive-fallback,"Sika Skim Coat
SIKA
ปูน:น้ำ = 1:0.35 โดยน้ำหนัก
2.
Sika Skim Coat
SIKA
ปูน:น้ำ = 1:0.35 โดยน้ำหนัก
2.
[1] Chapter: Materials Data Sheet, Page: 45
Construction
Product Data Sheet
Version 17/03/2017
SikaⓇ Skim Coat
ผงซีเมนต์สำเร็จรูปเพื่องานตกแต่งพื้นผิว
คุณลักษณะ
การใช้งาน
คุณประโยชน์
ข้อมูลผลิตภัณฑ์
ลักษณะ
สี
บรรจุภัณฑ์
การเก็บรักษาผลิตภัณฑ์
วิธีการจัดเก็บ/
อายุผลิตภัณฑ์
Sika Skim Coat เป็นผงซีเมนต์สำเร็จรูปสำหรับใช้ผสมกับน้ำเพื่อนำไปใช้ในงานซ่อมแซม
ร่องรอยบกพร่องบริเวณผิวหน้าของคอนกรีต หรือผนังปูนฉาบใช้ขจัดรอยตำหนิต่างๆ เช่น ร่อง
รอยต่อตะเข็บ รอยแตกลายงา และรอยเม็ดทราย เมื่อฉาบพื้นผิวด้วย Sika® Skim Coat
แล้วจะทำให้พื้นผิวนั้นเนียนเรียบ
ผสม Sika Skim Coat กับน้ำเพื่อใช้ตกแต่งพื้นผิว เหมาะสำหรับใช้งานกับพื้นผิว
คอนกรีตเสริมเหล็ก ผนังคอนกรีตหล่อสำเร็จ ผนังก่ออิฐ ฯลฯ
ใช้ Sika® Skim Coat ได้กับทั้งพื้นผิวภายใน และภายนอก Sika Skim Coat มี
คุณสมบัติหลายประการ ดังต่อไปนี้
- ช่วยให้พื้นผิวทนทานต่อการสึกหรอ
- ใช้งานง่าย
- ยึดเกาะได้ดีกับพื้นผิวซีเมนต์
- แห้งเร็ว
ผง
สีเทา, สีขาว
20 กก./ถุง
จัดเก็บในพื้นที่แห้งปราศจากความชื้น และหลีกเลี่ยงการจัดเก็บในพื้นที่ที่มีแสงแดดส่องถึง
12 เดือน
Jika
Sikka Skim Coat 1/2
D00111050345
เมื่อผิวฉาบ Sika® Skim Coat แห้งดีแล้วสามารถขัดถูได้ด้วยกระดาษทราย
ประมาณ 45 นาทีที่อุณหภูมิ 30°C
Jika
ข้อมูลที่ระบุในที่นี่และข้อเสนอแนะใดๆ เป็นข้อมูลที่ใช้โดยอ้างอิงจากความรู้และประสบการณ์ปัจจุบันของผลิตภัณฑ์ต่างๆ ของ Sika โดยจะต้องมีการจัดเก็บ ขนย้ายอย่างเหมาะสม และ
ใช้งานภายใต้สภาวะปกติตามคำแนะนำของ Sika ซึ่งในการใช้งานจริงอาจมีความแตกต่างของวัสดุ พื้นผิว และสภาพแวดล้อมจริงที่หน้างาน ทาง Sika จึงไม่สามารถรับรองประสิทธิภาพ
หรือความเหมาะสมในการใช้งานให้ตรงตามวัตถุประสงค์บางประการได้ และจะไม่มีการรับผิดชอบในทางกฎหมายใดๆ ต่อข้อมูลที่ได้ให้ไว้นี้ หรือจากคำแนะนำที่ให้ไว้เป็นลายลักษณ์อักษร
Conpatch 300
CORMIX
ปูน:น้ำ = 1:0.2 โดยน้ำหนัก
Sika Skim Coat
Document No.",Construction-Related,Material,"Sika Skim Coat
SIKA
ปูน:น้ำ = 1:0.35 โดยน้ำหนัก
2.
Sika Skim Coat
SIKA
ปูน:น้ำ = 1:0.35 โดยน้ำหนัก
2.
[1] Chapter: Materials Data Sheet, Page: 45
Construction
Product Data Sheet
Version 17/03/2017
SikaⓇ Skim Coat
ผงซีเมนต์สำเร็จรูปเพื่องานตกแต่งพื้นผิว
คุณลักษณะ
การใช้งาน
คุณประโยชน์
ข้อมูลผลิตภัณฑ์
ลักษณะ
สี
บรรจุภัณฑ์
การเก็บรักษาผลิตภัณฑ์
วิธีการจัดเก็บ/
อายุผลิตภัณฑ์
Sika Skim Coat เป็นผงซีเมนต์สำเร็จรูปสำหรับใช้ผสมกับน้ำเพื่อนำไปใช้ในงานซ่อมแซม
ร่องรอยบกพร่องบริเวณผิวหน้าของคอนกรีต หรือผนังปูนฉาบใช้ขจัดรอยตำหนิต่างๆ เช่น ร่อง
รอยต่อตะเข็บ รอยแตกลายงา และรอยเม็ดทราย เมื่อฉาบพื้นผิวด้วย Sika® Skim Coat
แล้วจะทำให้พื้นผิวนั้นเนียนเรียบ
ผสม Sika Skim Coat กับน้ำเพื่อใช้ตกแต่งพื้นผิว เหมาะสำหรับใช้งานกับพื้นผิว
คอนกรีตเสริมเหล็ก ผนังคอนกรีตหล่อสำเร็จ ผนังก่ออิฐ ฯลฯ
ใช้ Sika® Skim Coat ได้กับทั้งพื้นผิวภายใน และภายนอก Sika Skim Coat มี
คุณสมบัติหลายประการ ดังต่อไปนี้
- ช่วยให้พื้นผิวทนทานต่อการสึกหรอ
- ใช้งานง่าย
- ยึดเกาะได้ดีกับพื้นผิวซีเมนต์
- แห้งเร็ว
ผง
สีเทา, สีขาว
20 กก./ถุง
จัดเก็บในพื้นที่แห้งปราศจากความชื้น และหลีกเลี่ยงการจัดเก็บในพื้นที่ที่มีแสงแดดส่องถึง
12 เดือน
Jika
Sikka Skim Coat 1/2
D00111050345
เมื่อผิวฉาบ Sika® Skim Coat แห้งดีแล้วสามารถขัดถูได้ด้วยกระดาษทราย
ประมาณ 45 นาทีที่อุณหภูมิ 30°C
Jika
ข้อมูลที่ระบุในที่นี่และข้อเสนอแนะใดๆ เป็นข้อมูลที่ใช้โดยอ้างอิงจากความรู้และประสบการณ์ปัจจุบันของผลิตภัณฑ์ต่างๆ ของ Sika โดยจะต้องมีการจัดเก็บ ขนย้ายอย่างเหมาะสม และ
ใช้งานภายใต้สภาวะปกติตามคำแนะนำของ Sika ซึ่งในการใช้งานจริงอาจมีความแตกต่างของวัสดุ พื้นผิว และสภาพแวดล้อมจริงที่หน้างาน ทาง Sika จึงไม่สามารถรับรองประสิทธิภาพ
หรือความเหมาะสมในการใช้งานให้ตรงตามวัตถุประสงค์บางประการได้ และจะไม่มีการรับผิดชอบในทางกฎหมายใดๆ ต่อข้อมูลที่ได้ให้ไว้นี้ หรือจากคำแนะนำที่ให้ไว้เป็นลายลักษณ์อักษร
Conpatch 300
CORMIX
ปูน:น้ำ = 1:0.2 โดยน้ำหนัก
Sika Skim Coat
Document No.","45
Construction
Product Data Sheet
Version 17/03/2017
SikaⓇ Skim Coat
ผงซีเมนต์สำเร็จรูปเพื่องานตกแต่งพื้นผิว
คุณลักษณะ
การใช้งาน
คุณประโยชน์
ข้อมูลผลิตภัณฑ์
ลักษณะ
สี
บรรจุภัณฑ์
การเก็บรักษาผลิตภัณฑ์
วิธีการจัดเก็บ/
อายุผลิตภัณฑ์
Sika Skim Coat เป็นผงซีเมนต์สำเร็จรูปสำหรับใช้ผสมกับน้ำเพื่อนำไปใช้ในงานซ่อมแซม
ร่องรอยบกพร่องบริเวณผิวหน้าของคอนกรีต หรือผนังปูนฉาบใช้ขจัดรอยตำหนิต่างๆ เช่น ร่อง
รอยต่อตะเข็บ รอยแตกลายงา และรอยเม็ดทราย เมื่อฉาบพื้นผิวด้วย Sika® Skim Coat
แล้วจะทำให้พื้นผิวนั้นเนียนเรียบ
ผสม Sika Skim Coat กับน้ำเพื่อใช้ตกแต่งพื้นผิว เหมาะสำหรับใช้งานกับพื้นผิว
คอนกรีตเสริมเหล็ก ผนังคอนกรีตหล่อสำเร็จ ผนังก่ออิฐ ฯลฯ
ใช้ Sika® Skim Coat ได้กับทั้งพื้นผิวภายใน และภายนอก Sika Skim Coat มี
คุณสมบัติหลายประการ ดังต่อไปนี้
- ช่วยให้พื้นผิวทนทานต่อการสึกหรอ
- ใช้งานง่าย
- ยึดเกาะได้ดีกับพื้นผิวซีเมนต์
- แห้งเร็ว
ผง
สีเทา, สีขาว
20 กก./ถุง
จัดเก็บในพื้นที่แห้งปราศจากความชื้น และหลีกเลี่ยงการจัดเก็บในพื้นที่ที่มีแสงแดดส่องถึง
12 เดือน
Jika
Sikka Skim Coat 1/2
D00111050345
เมื่อผิวฉาบ Sika® Skim Coat แห้งดีแล้วสามารถขัดถูได้ด้วยกระดาษทราย
ประมาณ 45 นาทีที่อุณหภูมิ 30°C
Jika
ข้อมูลที่ระบุในที่นี่และข้อเสนอแนะใดๆ เป็นข้อมูลที่ใช้โดยอ้างอิงจากความรู้และประสบการณ์ปัจจุบันของผลิตภัณฑ์ต่างๆ ของ Sika โดยจะต้องมีการจัดเก็บ ขนย้ายอย่างเหมาะสม และ
ใช้งานภายใต้สภาวะปกติตามคำแนะนำของ Sika ซึ่งในการใช้งานจริงอาจมีความแตกต่างของวัสดุ พื้นผิว และสภาพแวดล้อมจริงที่หน้างาน ทาง Sika จึงไม่สามารถรับรองประสิทธิภาพ
หรือความเหมาะสมในการใช้งานให้ตรงตามวัตถุประสงค์บางประการได้ และจะไม่มีการรับผิดชอบในทางกฎหมายใดๆ ต่อข้อมูลที่ได้ให้ไว้นี้ หรือจากคำแนะนำที่ให้ไว้เป็นลายลักษณ์อักษร
Conpatch 300
CORMIX
ปูน:น้ำ = 1:0.2 โดยน้ำหนัก
Sika Skim Coat
Document No.",extractive-fallback,"Sika Skim Coat
SIKA
ปูน:น้ำ = 1:0.35 โดยน้ำหนัก
2.
Sika Skim Coat
SIKA
ปูน:น้ำ = 1:0.35 โดยน้ำหนัก
2.
[1] Chapter: Materials Data Sheet, Page: 45
Construction
Product Data Sheet
Version 17/03/2017
SikaⓇ Skim Coat
ผงซีเมนต์สำเร็จรูปเพื่องานตกแต่งพื้นผิว
คุณลักษณะ
การใช้งาน
คุณประโยชน์
ข้อมูลผลิตภัณฑ์
ลักษณะ
สี
บรรจุภัณฑ์
การเก็บรักษาผลิตภัณฑ์
วิธีการจัดเก็บ/
อายุผลิตภัณฑ์
Sika Skim Coat เป็นผงซีเมนต์สำเร็จรูปสำหรับใช้ผสมกับน้ำเพื่อนำไปใช้ในงานซ่อมแซม
ร่องรอยบกพร่องบริเวณผิวหน้าของคอนกรีต หรือผนังปูนฉาบใช้ขจัดรอยตำหนิต่างๆ เช่น ร่อง
รอยต่อตะเข็บ รอยแตกลายงา และรอยเม็ดทราย เมื่อฉาบพื้นผิวด้วย Sika® Skim Coat
แล้วจะทำให้พื้นผิวนั้นเนียนเรียบ
ผสม Sika Skim Coat กับน้ำเพื่อใช้ตกแต่งพื้นผิว เหมาะสำหรับใช้งานกับพื้นผิว
คอนกรีตเสริมเหล็ก ผนังคอนกรีตหล่อสำเร็จ ผนังก่ออิฐ ฯลฯ
ใช้ Sika® Skim Coat ได้กับทั้งพื้นผิวภายใน และภายนอก Sika Skim Coat มี
คุณสมบัติหลายประการ ดังต่อไปนี้
- ช่วยให้พื้นผิวทนทานต่อการสึกหรอ
- ใช้งานง่าย
- ยึดเกาะได้ดีกับพื้นผิวซีเมนต์
- แห้งเร็ว
ผง
สีเทา, สีขาว
20 กก./ถุง
จัดเก็บในพื้นที่แห้งปราศจากความชื้น และหลีกเลี่ยงการจัดเก็บในพื้นที่ที่มีแสงแดดส่องถึง
12 เดือน
Jika
Sikka Skim Coat 1/2
D00111050345
เมื่อผิวฉาบ Sika® Skim Coat แห้งดีแล้วสามารถขัดถูได้ด้วยกระดาษทราย
ประมาณ 45 นาทีที่อุณหภูมิ 30°C
Jika
ข้อมูลที่ระบุในที่นี่และข้อเสนอแนะใดๆ เป็นข้อมูลที่ใช้โดยอ้างอิงจากความรู้และประสบการณ์ปัจจุบันของผลิตภัณฑ์ต่างๆ ของ Sika โดยจะต้องมีการจัดเก็บ ขนย้ายอย่างเหมาะสม และ
ใช้งานภายใต้สภาวะปกติตามคำแนะนำของ Sika ซึ่งในการใช้งานจริงอาจมีความแตกต่างของวัสดุ พื้นผิว และสภาพแวดล้อมจริงที่หน้างาน ทาง Sika จึงไม่สามารถรับรองประสิทธิภาพ
หรือความเหมาะสมในการใช้งานให้ตรงตามวัตถุประสงค์บางประการได้ และจะไม่มีการรับผิดชอบในทางกฎหมายใดๆ ต่อข้อมูลที่ได้ให้ไว้นี้ หรือจากคำแนะนำที่ให้ไว้เป็นลายลักษณ์อักษร
Conpatch 300
CORMIX
ปูน:น้ำ = 1:0.2 โดยน้ำหนัก
Sika Skim Coat
Document No."
" ปูนฉาบซ่อม ""Renderoc Skim Coat"" เป็นผลิตภัณฑ์ของแบรนด์ใด", FOSROC,8,Construction-Related,Material,"Renderoc Skim Coat
FOSROC
ปูน:น้ำ = 1:0.11 โดยน้ำหนัก
3.
Renderoc Skim Coat
FOSROC
ปูน:น้ำ = 1:0.11 โดยน้ำหนัก
3.
[5] Chapter: Materials Data Sheet, Page: 45
Construction
Product Data Sheet
Version 17/03/2017
SikaⓇ Skim Coat
ผงซีเมนต์สำเร็จรูปเพื่องานตกแต่งพื้นผิว
คุณลักษณะ
การใช้งาน
คุณประโยชน์
ข้อมูลผลิตภัณฑ์
ลักษณะ
สี
บรรจุภัณฑ์
การเก็บรักษาผลิตภัณฑ์
วิธีการจัดเก็บ/
อายุผลิตภัณฑ์
Sika Skim Coat เป็นผงซีเมนต์สำเร็จรูปสำหรับใช้ผสมกับน้ำเพื่อนำไปใช้ในงานซ่อมแซม
ร่องรอยบกพร่องบริเวณผิวหน้าของคอนกรีต หรือผนังปูนฉาบใช้ขจัดรอยตำหนิต่างๆ เช่น ร่อง
รอยต่อตะเข็บ รอยแตกลายงา และรอยเม็ดทราย เมื่อฉาบพื้นผิวด้วย Sika® Skim Coat
แล้วจะทำให้พื้นผิวนั้นเนียนเรียบ
ผสม Sika Skim Coat กับน้ำเพื่อใช้ตกแต่งพื้นผิว เหมาะสำหรับใช้งานกับพื้นผิว
คอนกรีตเสริมเหล็ก ผนังคอนกรีตหล่อสำเร็จ ผนังก่ออิฐ ฯลฯ
ใช้ Sika® Skim Coat ได้กับทั้งพื้นผิวภายใน และภายนอก Sika Skim Coat มี
คุณสมบัติหลายประการ ดังต่อไปนี้
- ช่วยให้พื้นผิวทนทานต่อการสึกหรอ
- ใช้งานง่าย
- ยึดเกาะได้ดีกับพื้นผิวซีเมนต์
- แห้งเร็ว
ผง
สีเทา, สีขาว
20 กก./ถุง
จัดเก็บในพื้นที่แห้งปราศจากความชื้น และหลีกเลี่ยงการจัดเก็บในพื้นที่ที่มีแสงแดดส่องถึง
12 เดือน
Jika
Sikka Skim Coat 1/2
D00111050345
Sika Skim Coat
SIKA
ปูน:น้ำ = 1:0.35 โดยน้ำหนัก
2.
Sika Skim Coat
SIKA
ปูน:น้ำ = 1:0.35 โดยน้ำหนัก
2.","45
Construction
Product Data Sheet
Version 17/03/2017
SikaⓇ Skim Coat
ผงซีเมนต์สำเร็จรูปเพื่องานตกแต่งพื้นผิว
คุณลักษณะ
การใช้งาน
คุณประโยชน์
ข้อมูลผลิตภัณฑ์
ลักษณะ
สี
บรรจุภัณฑ์
การเก็บรักษาผลิตภัณฑ์
วิธีการจัดเก็บ/
อายุผลิตภัณฑ์
Sika Skim Coat เป็นผงซีเมนต์สำเร็จรูปสำหรับใช้ผสมกับน้ำเพื่อนำไปใช้ในงานซ่อมแซม
ร่องรอยบกพร่องบริเวณผิวหน้าของคอนกรีต หรือผนังปูนฉาบใช้ขจัดรอยตำหนิต่างๆ เช่น ร่อง
รอยต่อตะเข็บ รอยแตกลายงา และรอยเม็ดทราย เมื่อฉาบพื้นผิวด้วย Sika® Skim Coat
แล้วจะทำให้พื้นผิวนั้นเนียนเรียบ
ผสม Sika Skim Coat กับน้ำเพื่อใช้ตกแต่งพื้นผิว เหมาะสำหรับใช้งานกับพื้นผิว
คอนกรีตเสริมเหล็ก ผนังคอนกรีตหล่อสำเร็จ ผนังก่ออิฐ ฯลฯ
ใช้ Sika® Skim Coat ได้กับทั้งพื้นผิวภายใน และภายนอก Sika Skim Coat มี
คุณสมบัติหลายประการ ดังต่อไปนี้
- ช่วยให้พื้นผิวทนทานต่อการสึกหรอ
- ใช้งานง่าย
- ยึดเกาะได้ดีกับพื้นผิวซีเมนต์
- แห้งเร็ว
ผง
สีเทา, สีขาว
20 กก./ถุง
จัดเก็บในพื้นที่แห้งปราศจากความชื้น และหลีกเลี่ยงการจัดเก็บในพื้นที่ที่มีแสงแดดส่องถึง
12 เดือน
Jika
Sikka Skim Coat 1/2
D00111050345
Sika Skim Coat
SIKA
ปูน:น้ำ = 1:0.35 โดยน้ำหนัก
2.
Sika Skim Coat
SIKA
ปูน:น้ำ = 1:0.35 โดยน้ำหนัก
2.",extractive-fallback,"Renderoc Skim Coat
FOSROC
ปูน:น้ำ = 1:0.11 โดยน้ำหนัก
3.
Renderoc Skim Coat
FOSROC
ปูน:น้ำ = 1:0.11 โดยน้ำหนัก
3.
[5] Chapter: Materials Data Sheet, Page: 45
Construction
Product Data Sheet
Version 17/03/2017
SikaⓇ Skim Coat
ผงซีเมนต์สำเร็จรูปเพื่องานตกแต่งพื้นผิว
คุณลักษณะ
การใช้งาน
คุณประโยชน์
ข้อมูลผลิตภัณฑ์
ลักษณะ
สี
บรรจุภัณฑ์
การเก็บรักษาผลิตภัณฑ์
วิธีการจัดเก็บ/
อายุผลิตภัณฑ์
Sika Skim Coat เป็นผงซีเมนต์สำเร็จรูปสำหรับใช้ผสมกับน้ำเพื่อนำไปใช้ในงานซ่อมแซม
ร่องรอยบกพร่องบริเวณผิวหน้าของคอนกรีต หรือผนังปูนฉาบใช้ขจัดรอยตำหนิต่างๆ เช่น ร่อง
รอยต่อตะเข็บ รอยแตกลายงา และรอยเม็ดทราย เมื่อฉาบพื้นผิวด้วย Sika® Skim Coat
แล้วจะทำให้พื้นผิวนั้นเนียนเรียบ
ผสม Sika Skim Coat กับน้ำเพื่อใช้ตกแต่งพื้นผิว เหมาะสำหรับใช้งานกับพื้นผิว
คอนกรีตเสริมเหล็ก ผนังคอนกรีตหล่อสำเร็จ ผนังก่ออิฐ ฯลฯ
ใช้ Sika® Skim Coat ได้กับทั้งพื้นผิวภายใน และภายนอก Sika Skim Coat มี
คุณสมบัติหลายประการ ดังต่อไปนี้
- ช่วยให้พื้นผิวทนทานต่อการสึกหรอ
- ใช้งานง่าย
- ยึดเกาะได้ดีกับพื้นผิวซีเมนต์
- แห้งเร็ว
ผง
สีเทา, สีขาว
20 กก./ถุง
จัดเก็บในพื้นที่แห้งปราศจากความชื้น และหลีกเลี่ยงการจัดเก็บในพื้นที่ที่มีแสงแดดส่องถึง
12 เดือน
Jika
Sikka Skim Coat 1/2
D00111050345
Sika Skim Coat
SIKA
ปูน:น้ำ = 1:0.35 โดยน้ำหนัก
2.
Sika Skim Coat
SIKA
ปูน:น้ำ = 1:0.35 โดยน้ำหนัก
2.",Construction-Related,Material,"Renderoc Skim Coat
FOSROC
ปูน:น้ำ = 1:0.11 โดยน้ำหนัก
3.
Renderoc Skim Coat
FOSROC
ปูน:น้ำ = 1:0.11 โดยน้ำหนัก
3.
[5] Chapter: Materials Data Sheet, Page: 45
Construction
Product Data Sheet
Version 17/03/2017
SikaⓇ Skim Coat
ผงซีเมนต์สำเร็จรูปเพื่องานตกแต่งพื้นผิว
คุณลักษณะ
การใช้งาน
คุณประโยชน์
ข้อมูลผลิตภัณฑ์
ลักษณะ
สี
บรรจุภัณฑ์
การเก็บรักษาผลิตภัณฑ์
วิธีการจัดเก็บ/
อายุผลิตภัณฑ์
Sika Skim Coat เป็นผงซีเมนต์สำเร็จรูปสำหรับใช้ผสมกับน้ำเพื่อนำไปใช้ในงานซ่อมแซม
ร่องรอยบกพร่องบริเวณผิวหน้าของคอนกรีต หรือผนังปูนฉาบใช้ขจัดรอยตำหนิต่างๆ เช่น ร่อง
รอยต่อตะเข็บ รอยแตกลายงา และรอยเม็ดทราย เมื่อฉาบพื้นผิวด้วย Sika® Skim Coat
แล้วจะทำให้พื้นผิวนั้นเนียนเรียบ
ผสม Sika Skim Coat กับน้ำเพื่อใช้ตกแต่งพื้นผิว เหมาะสำหรับใช้งานกับพื้นผิว
คอนกรีตเสริมเหล็ก ผนังคอนกรีตหล่อสำเร็จ ผนังก่ออิฐ ฯลฯ
ใช้ Sika® Skim Coat ได้กับทั้งพื้นผิวภายใน และภายนอก Sika Skim Coat มี
คุณสมบัติหลายประการ ดังต่อไปนี้
- ช่วยให้พื้นผิวทนทานต่อการสึกหรอ
- ใช้งานง่าย
- ยึดเกาะได้ดีกับพื้นผิวซีเมนต์
- แห้งเร็ว
ผง
สีเทา, สีขาว
20 กก./ถุง
จัดเก็บในพื้นที่แห้งปราศจากความชื้น และหลีกเลี่ยงการจัดเก็บในพื้นที่ที่มีแสงแดดส่องถึง
12 เดือน
Jika
Sikka Skim Coat 1/2
D00111050345
Sika Skim Coat
SIKA
ปูน:น้ำ = 1:0.35 โดยน้ำหนัก
2.
Sika Skim Coat
SIKA
ปูน:น้ำ = 1:0.35 โดยน้ำหนัก
2.","45
Construction
Product Data Sheet
Version 17/03/2017
SikaⓇ Skim Coat
ผงซีเมนต์สำเร็จรูปเพื่องานตกแต่งพื้นผิว
คุณลักษณะ
การใช้งาน
คุณประโยชน์
ข้อมูลผลิตภัณฑ์
ลักษณะ
สี
บรรจุภัณฑ์
การเก็บรักษาผลิตภัณฑ์
วิธีการจัดเก็บ/
อายุผลิตภัณฑ์
Sika Skim Coat เป็นผงซีเมนต์สำเร็จรูปสำหรับใช้ผสมกับน้ำเพื่อนำไปใช้ในงานซ่อมแซม
ร่องรอยบกพร่องบริเวณผิวหน้าของคอนกรีต หรือผนังปูนฉาบใช้ขจัดรอยตำหนิต่างๆ เช่น ร่อง
รอยต่อตะเข็บ รอยแตกลายงา และรอยเม็ดทราย เมื่อฉาบพื้นผิวด้วย Sika® Skim Coat
แล้วจะทำให้พื้นผิวนั้นเนียนเรียบ
ผสม Sika Skim Coat กับน้ำเพื่อใช้ตกแต่งพื้นผิว เหมาะสำหรับใช้งานกับพื้นผิว
คอนกรีตเสริมเหล็ก ผนังคอนกรีตหล่อสำเร็จ ผนังก่ออิฐ ฯลฯ
ใช้ Sika® Skim Coat ได้กับทั้งพื้นผิวภายใน และภายนอก Sika Skim Coat มี
คุณสมบัติหลายประการ ดังต่อไปนี้
- ช่วยให้พื้นผิวทนทานต่อการสึกหรอ
- ใช้งานง่าย
- ยึดเกาะได้ดีกับพื้นผิวซีเมนต์
- แห้งเร็ว
ผง
สีเทา, สีขาว
20 กก./ถุง
จัดเก็บในพื้นที่แห้งปราศจากความชื้น และหลีกเลี่ยงการจัดเก็บในพื้นที่ที่มีแสงแดดส่องถึง
12 เดือน
Jika
Sikka Skim Coat 1/2
D00111050345
Sika Skim Coat
SIKA
ปูน:น้ำ = 1:0.35 โดยน้ำหนัก
2.
Sika Skim Coat
SIKA
ปูน:น้ำ = 1:0.35 โดยน้ำหนัก
2.",extractive-fallback,"Renderoc Skim Coat
FOSROC
ปูน:น้ำ = 1:0.11 โดยน้ำหนัก
3.
Renderoc Skim Coat
FOSROC
ปูน:น้ำ = 1:0.11 โดยน้ำหนัก
3.
[5] Chapter: Materials Data Sheet, Page: 45
Construction
Product Data Sheet
Version 17/03/2017
SikaⓇ Skim Coat
ผงซีเมนต์สำเร็จรูปเพื่องานตกแต่งพื้นผิว
คุณลักษณะ
การใช้งาน
คุณประโยชน์
ข้อมูลผลิตภัณฑ์
ลักษณะ
สี
บรรจุภัณฑ์
การเก็บรักษาผลิตภัณฑ์
วิธีการจัดเก็บ/
อายุผลิตภัณฑ์
Sika Skim Coat เป็นผงซีเมนต์สำเร็จรูปสำหรับใช้ผสมกับน้ำเพื่อนำไปใช้ในงานซ่อมแซม
ร่องรอยบกพร่องบริเวณผิวหน้าของคอนกรีต หรือผนังปูนฉาบใช้ขจัดรอยตำหนิต่างๆ เช่น ร่อง
รอยต่อตะเข็บ รอยแตกลายงา และรอยเม็ดทราย เมื่อฉาบพื้นผิวด้วย Sika® Skim Coat
แล้วจะทำให้พื้นผิวนั้นเนียนเรียบ
ผสม Sika Skim Coat กับน้ำเพื่อใช้ตกแต่งพื้นผิว เหมาะสำหรับใช้งานกับพื้นผิว
คอนกรีตเสริมเหล็ก ผนังคอนกรีตหล่อสำเร็จ ผนังก่ออิฐ ฯลฯ
ใช้ Sika® Skim Coat ได้กับทั้งพื้นผิวภายใน และภายนอก Sika Skim Coat มี
คุณสมบัติหลายประการ ดังต่อไปนี้
- ช่วยให้พื้นผิวทนทานต่อการสึกหรอ
- ใช้งานง่าย
- ยึดเกาะได้ดีกับพื้นผิวซีเมนต์
- แห้งเร็ว
ผง
สีเทา, สีขาว
20 กก./ถุง
จัดเก็บในพื้นที่แห้งปราศจากความชื้น และหลีกเลี่ยงการจัดเก็บในพื้นที่ที่มีแสงแดดส่องถึง
12 เดือน
Jika
Sikka Skim Coat 1/2
D00111050345
Sika Skim Coat
SIKA
ปูน:น้ำ = 1:0.35 โดยน้ำหนัก
2.
Sika Skim Coat
SIKA
ปูน:น้ำ = 1:0.35 โดยน้ำหนัก
2.",Construction-Related,Material,"Renderoc Skim Coat
FOSROC
ปูน:น้ำ = 1:0.11 โดยน้ำหนัก
3.
Renderoc Skim Coat
FOSROC
ปูน:น้ำ = 1:0.11 โดยน้ำหนัก
3.
[5] Chapter: Materials Data Sheet, Page: 45
Construction
Product Data Sheet
Version 17/03/2017
SikaⓇ Skim Coat
ผงซีเมนต์สำเร็จรูปเพื่องานตกแต่งพื้นผิว
คุณลักษณะ
การใช้งาน
คุณประโยชน์
ข้อมูลผลิตภัณฑ์
ลักษณะ
สี
บรรจุภัณฑ์
การเก็บรักษาผลิตภัณฑ์
วิธีการจัดเก็บ/
อายุผลิตภัณฑ์
Sika Skim Coat เป็นผงซีเมนต์สำเร็จรูปสำหรับใช้ผสมกับน้ำเพื่อนำไปใช้ในงานซ่อมแซม
ร่องรอยบกพร่องบริเวณผิวหน้าของคอนกรีต หรือผนังปูนฉาบใช้ขจัดรอยตำหนิต่างๆ เช่น ร่อง
รอยต่อตะเข็บ รอยแตกลายงา และรอยเม็ดทราย เมื่อฉาบพื้นผิวด้วย Sika® Skim Coat
แล้วจะทำให้พื้นผิวนั้นเนียนเรียบ
ผสม Sika Skim Coat กับน้ำเพื่อใช้ตกแต่งพื้นผิว เหมาะสำหรับใช้งานกับพื้นผิว
คอนกรีตเสริมเหล็ก ผนังคอนกรีตหล่อสำเร็จ ผนังก่ออิฐ ฯลฯ
ใช้ Sika® Skim Coat ได้กับทั้งพื้นผิวภายใน และภายนอก Sika Skim Coat มี
คุณสมบัติหลายประการ ดังต่อไปนี้
- ช่วยให้พื้นผิวทนทานต่อการสึกหรอ
- ใช้งานง่าย
- ยึดเกาะได้ดีกับพื้นผิวซีเมนต์
- แห้งเร็ว
ผง
สีเทา, สีขาว
20 กก./ถุง
จัดเก็บในพื้นที่แห้งปราศจากความชื้น และหลีกเลี่ยงการจัดเก็บในพื้นที่ที่มีแสงแดดส่องถึง
12 เดือน
Jika
Sikka Skim Coat 1/2
D00111050345
Sika Skim Coat
SIKA
ปูน:น้ำ = 1:0.35 โดยน้ำหนัก
2.
Sika Skim Coat
SIKA
ปูน:น้ำ = 1:0.35 โดยน้ำหนัก
2.","45
Construction
Product Data Sheet
Version 17/03/2017
SikaⓇ Skim Coat
ผงซีเมนต์สำเร็จรูปเพื่องานตกแต่งพื้นผิว
คุณลักษณะ
การใช้งาน
คุณประโยชน์
ข้อมูลผลิตภัณฑ์
ลักษณะ
สี
บรรจุภัณฑ์
การเก็บรักษาผลิตภัณฑ์
วิธีการจัดเก็บ/
อายุผลิตภัณฑ์
Sika Skim Coat เป็นผงซีเมนต์สำเร็จรูปสำหรับใช้ผสมกับน้ำเพื่อนำไปใช้ในงานซ่อมแซม
ร่องรอยบกพร่องบริเวณผิวหน้าของคอนกรีต หรือผนังปูนฉาบใช้ขจัดรอยตำหนิต่างๆ เช่น ร่อง
รอยต่อตะเข็บ รอยแตกลายงา และรอยเม็ดทราย เมื่อฉาบพื้นผิวด้วย Sika® Skim Coat
แล้วจะทำให้พื้นผิวนั้นเนียนเรียบ
ผสม Sika Skim Coat กับน้ำเพื่อใช้ตกแต่งพื้นผิว เหมาะสำหรับใช้งานกับพื้นผิว
คอนกรีตเสริมเหล็ก ผนังคอนกรีตหล่อสำเร็จ ผนังก่ออิฐ ฯลฯ
ใช้ Sika® Skim Coat ได้กับทั้งพื้นผิวภายใน และภายนอก Sika Skim Coat มี
คุณสมบัติหลายประการ ดังต่อไปนี้
- ช่วยให้พื้นผิวทนทานต่อการสึกหรอ
- ใช้งานง่าย
- ยึดเกาะได้ดีกับพื้นผิวซีเมนต์
- แห้งเร็ว
ผง
สีเทา, สีขาว
20 กก./ถุง
จัดเก็บในพื้นที่แห้งปราศจากความชื้น และหลีกเลี่ยงการจัดเก็บในพื้นที่ที่มีแสงแดดส่องถึง
12 เดือน
Jika
Sikka Skim Coat 1/2
D00111050345
Sika Skim Coat
SIKA
ปูน:น้ำ = 1:0.35 โดยน้ำหนัก
2.
Sika Skim Coat
SIKA
ปูน:น้ำ = 1:0.35 โดยน้ำหนัก
2.",extractive-fallback,"Renderoc Skim Coat
FOSROC
ปูน:น้ำ = 1:0.11 โดยน้ำหนัก
3.
Renderoc Skim Coat
FOSROC
ปูน:น้ำ = 1:0.11 โดยน้ำหนัก
3.
[5] Chapter: Materials Data Sheet, Page: 45
Construction
Product Data Sheet
Version 17/03/2017
SikaⓇ Skim Coat
ผงซีเมนต์สำเร็จรูปเพื่องานตกแต่งพื้นผิว
คุณลักษณะ
การใช้งาน
คุณประโยชน์
ข้อมูลผลิตภัณฑ์
ลักษณะ
สี
บรรจุภัณฑ์
การเก็บรักษาผลิตภัณฑ์
วิธีการจัดเก็บ/
อายุผลิตภัณฑ์
Sika Skim Coat เป็นผงซีเมนต์สำเร็จรูปสำหรับใช้ผสมกับน้ำเพื่อนำไปใช้ในงานซ่อมแซม
ร่องรอยบกพร่องบริเวณผิวหน้าของคอนกรีต หรือผนังปูนฉาบใช้ขจัดรอยตำหนิต่างๆ เช่น ร่อง
รอยต่อตะเข็บ รอยแตกลายงา และรอยเม็ดทราย เมื่อฉาบพื้นผิวด้วย Sika® Skim Coat
แล้วจะทำให้พื้นผิวนั้นเนียนเรียบ
ผสม Sika Skim Coat กับน้ำเพื่อใช้ตกแต่งพื้นผิว เหมาะสำหรับใช้งานกับพื้นผิว
คอนกรีตเสริมเหล็ก ผนังคอนกรีตหล่อสำเร็จ ผนังก่ออิฐ ฯลฯ
ใช้ Sika® Skim Coat ได้กับทั้งพื้นผิวภายใน และภายนอก Sika Skim Coat มี
คุณสมบัติหลายประการ ดังต่อไปนี้
- ช่วยให้พื้นผิวทนทานต่อการสึกหรอ
- ใช้งานง่าย
- ยึดเกาะได้ดีกับพื้นผิวซีเมนต์
- แห้งเร็ว
ผง
สีเทา, สีขาว
20 กก./ถุง
จัดเก็บในพื้นที่แห้งปราศจากความชื้น และหลีกเลี่ยงการจัดเก็บในพื้นที่ที่มีแสงแดดส่องถึง
12 เดือน
Jika
Sikka Skim Coat 1/2
D00111050345
Sika Skim Coat
SIKA
ปูน:น้ำ = 1:0.35 โดยน้ำหนัก
2.
Sika Skim Coat
SIKA
ปูน:น้ำ = 1:0.35 โดยน้ำหนัก
2.",Construction-Related,Material,"Renderoc Skim Coat
FOSROC
ปูน:น้ำ = 1:0.11 โดยน้ำหนัก
3.
Renderoc Skim Coat
FOSROC
ปูน:น้ำ = 1:0.11 โดยน้ำหนัก
3.
[5] Chapter: Materials Data Sheet, Page: 45
Construction
Product Data Sheet
Version 17/03/2017
SikaⓇ Skim Coat
ผงซีเมนต์สำเร็จรูปเพื่องานตกแต่งพื้นผิว
คุณลักษณะ
การใช้งาน
คุณประโยชน์
ข้อมูลผลิตภัณฑ์
ลักษณะ
สี
บรรจุภัณฑ์
การเก็บรักษาผลิตภัณฑ์
วิธีการจัดเก็บ/
อายุผลิตภัณฑ์
Sika Skim Coat เป็นผงซีเมนต์สำเร็จรูปสำหรับใช้ผสมกับน้ำเพื่อนำไปใช้ในงานซ่อมแซม
ร่องรอยบกพร่องบริเวณผิวหน้าของคอนกรีต หรือผนังปูนฉาบใช้ขจัดรอยตำหนิต่างๆ เช่น ร่อง
รอยต่อตะเข็บ รอยแตกลายงา และรอยเม็ดทราย เมื่อฉาบพื้นผิวด้วย Sika® Skim Coat
แล้วจะทำให้พื้นผิวนั้นเนียนเรียบ
ผสม Sika Skim Coat กับน้ำเพื่อใช้ตกแต่งพื้นผิว เหมาะสำหรับใช้งานกับพื้นผิว
คอนกรีตเสริมเหล็ก ผนังคอนกรีตหล่อสำเร็จ ผนังก่ออิฐ ฯลฯ
ใช้ Sika® Skim Coat ได้กับทั้งพื้นผิวภายใน และภายนอก Sika Skim Coat มี
คุณสมบัติหลายประการ ดังต่อไปนี้
- ช่วยให้พื้นผิวทนทานต่อการสึกหรอ
- ใช้งานง่าย
- ยึดเกาะได้ดีกับพื้นผิวซีเมนต์
- แห้งเร็ว
ผง
สีเทา, สีขาว
20 กก./ถุง
จัดเก็บในพื้นที่แห้งปราศจากความชื้น และหลีกเลี่ยงการจัดเก็บในพื้นที่ที่มีแสงแดดส่องถึง
12 เดือน
Jika
Sikka Skim Coat 1/2
D00111050345
Sika Skim Coat
SIKA
ปูน:น้ำ = 1:0.35 โดยน้ำหนัก
2.
Sika Skim Coat
SIKA
ปูน:น้ำ = 1:0.35 โดยน้ำหนัก
2.","45
Construction
Product Data Sheet
Version 17/03/2017
SikaⓇ Skim Coat
ผงซีเมนต์สำเร็จรูปเพื่องานตกแต่งพื้นผิว
คุณลักษณะ
การใช้งาน
คุณประโยชน์
ข้อมูลผลิตภัณฑ์
ลักษณะ
สี
บรรจุภัณฑ์
การเก็บรักษาผลิตภัณฑ์
วิธีการจัดเก็บ/
อายุผลิตภัณฑ์
Sika Skim Coat เป็นผงซีเมนต์สำเร็จรูปสำหรับใช้ผสมกับน้ำเพื่อนำไปใช้ในงานซ่อมแซม
ร่องรอยบกพร่องบริเวณผิวหน้าของคอนกรีต หรือผนังปูนฉาบใช้ขจัดรอยตำหนิต่างๆ เช่น ร่อง
รอยต่อตะเข็บ รอยแตกลายงา และรอยเม็ดทราย เมื่อฉาบพื้นผิวด้วย Sika® Skim Coat
แล้วจะทำให้พื้นผิวนั้นเนียนเรียบ
ผสม Sika Skim Coat กับน้ำเพื่อใช้ตกแต่งพื้นผิว เหมาะสำหรับใช้งานกับพื้นผิว
คอนกรีตเสริมเหล็ก ผนังคอนกรีตหล่อสำเร็จ ผนังก่ออิฐ ฯลฯ
ใช้ Sika® Skim Coat ได้กับทั้งพื้นผิวภายใน และภายนอก Sika Skim Coat มี
คุณสมบัติหลายประการ ดังต่อไปนี้
- ช่วยให้พื้นผิวทนทานต่อการสึกหรอ
- ใช้งานง่าย
- ยึดเกาะได้ดีกับพื้นผิวซีเมนต์
- แห้งเร็ว
ผง
สีเทา, สีขาว
20 กก./ถุง
จัดเก็บในพื้นที่แห้งปราศจากความชื้น และหลีกเลี่ยงการจัดเก็บในพื้นที่ที่มีแสงแดดส่องถึง
12 เดือน
Jika
Sikka Skim Coat 1/2
D00111050345
Sika Skim Coat
SIKA
ปูน:น้ำ = 1:0.35 โดยน้ำหนัก
2.
Sika Skim Coat
SIKA
ปูน:น้ำ = 1:0.35 โดยน้ำหนัก
2.",extractive-fallback,"Renderoc Skim Coat
FOSROC
ปูน:น้ำ = 1:0.11 โดยน้ำหนัก
3.
Renderoc Skim Coat
FOSROC
ปูน:น้ำ = 1:0.11 โดยน้ำหนัก
3.
[5] Chapter: Materials Data Sheet, Page: 45
Construction
Product Data Sheet
Version 17/03/2017
SikaⓇ Skim Coat
ผงซีเมนต์สำเร็จรูปเพื่องานตกแต่งพื้นผิว
คุณลักษณะ
การใช้งาน
คุณประโยชน์
ข้อมูลผลิตภัณฑ์
ลักษณะ
สี
บรรจุภัณฑ์
การเก็บรักษาผลิตภัณฑ์
วิธีการจัดเก็บ/
อายุผลิตภัณฑ์
Sika Skim Coat เป็นผงซีเมนต์สำเร็จรูปสำหรับใช้ผสมกับน้ำเพื่อนำไปใช้ในงานซ่อมแซม
ร่องรอยบกพร่องบริเวณผิวหน้าของคอนกรีต หรือผนังปูนฉาบใช้ขจัดรอยตำหนิต่างๆ เช่น ร่อง
รอยต่อตะเข็บ รอยแตกลายงา และรอยเม็ดทราย เมื่อฉาบพื้นผิวด้วย Sika® Skim Coat
แล้วจะทำให้พื้นผิวนั้นเนียนเรียบ
ผสม Sika Skim Coat กับน้ำเพื่อใช้ตกแต่งพื้นผิว เหมาะสำหรับใช้งานกับพื้นผิว
คอนกรีตเสริมเหล็ก ผนังคอนกรีตหล่อสำเร็จ ผนังก่ออิฐ ฯลฯ
ใช้ Sika® Skim Coat ได้กับทั้งพื้นผิวภายใน และภายนอก Sika Skim Coat มี
คุณสมบัติหลายประการ ดังต่อไปนี้
- ช่วยให้พื้นผิวทนทานต่อการสึกหรอ
- ใช้งานง่าย
- ยึดเกาะได้ดีกับพื้นผิวซีเมนต์
- แห้งเร็ว
ผง
สีเทา, สีขาว
20 กก./ถุง
จัดเก็บในพื้นที่แห้งปราศจากความชื้น และหลีกเลี่ยงการจัดเก็บในพื้นที่ที่มีแสงแดดส่องถึง
12 เดือน
Jika
Sikka Skim Coat 1/2
D00111050345
Sika Skim Coat
SIKA
ปูน:น้ำ = 1:0.35 โดยน้ำหนัก
2.
Sika Skim Coat
SIKA
ปูน:น้ำ = 1:0.35 โดยน้ำหนัก
2."
 ปูนฉาบตราผึ้ง 124 และ 124L มีสถานะการใช้งานอย่างไรในโครงการนี้, ได้รับการอนุมัติใช้งาน,8,Construction-Related,Human Risk,"124, 124 L, 124 W,124 WL
SKIM COAT MORTAR
TIS 1776-2542 TYPE CO
4
RUOS 124
BEE BRAND
SKIM COAT MORTAR
2020
TECHNICAL DATA
PROJECT REFERENCES
MSDS
TIS CERTIFICATE
TEST RESULTS
UBAU (THAILAND) LTD.
124/124L/124 W/ 124 WL is a polymer modified mortar which consists
of cement, graded sand and special chemicals to increase water retention, bonding and
strength.
มาตรการป้องกันผลกระทบต่อสิ่งแวดล้อมสำหรับวัสดุซ่อมแบบผง ได้แก่
- Sika Skim Coat
- Conpatch 300
-Renderoc Skimcoat
- ปูนฉาบแต่งตราผึ้ง 124
- ปูนฉาบแต่งตราผึ้ง 124L
- ปูนฉาบแต่งตราผึ้ง 135F
1.1 ด้านคุณภาพนํ้า
หัวข้อ
ที่
ผลกระทบด้าน
คุณภาพนํ้า
1.
Option
for light gray color is No.124 L and white is No.
[1] Chapter: Materials Data Sheet, Page: 103
[
ปนตราผึ้ง
""
SKIM COAT MORTAR
TIS 1776-2542
DRY MORTAR FOR PLASTERING
NO 124/ 124L/124W/124WL
[
[
PRODUCT:
Skim Coat Mortar No.","103
[
ปนตราผึ้ง
""
SKIM COAT MORTAR
TIS 1776-2542
DRY MORTAR FOR PLASTERING
NO 124/ 124L/124W/124WL
[
[
PRODUCT:
Skim Coat Mortar No.",extractive-fallback,"124, 124 L, 124 W,124 WL
SKIM COAT MORTAR
TIS 1776-2542 TYPE CO
4
RUOS 124
BEE BRAND
SKIM COAT MORTAR
2020
TECHNICAL DATA
PROJECT REFERENCES
MSDS
TIS CERTIFICATE
TEST RESULTS
UBAU (THAILAND) LTD.
124/124L/124 W/ 124 WL is a polymer modified mortar which consists
of cement, graded sand and special chemicals to increase water retention, bonding and
strength.
มาตรการป้องกันผลกระทบต่อสิ่งแวดล้อมสำหรับวัสดุซ่อมแบบผง ได้แก่
- Sika Skim Coat
- Conpatch 300
-Renderoc Skimcoat
- ปูนฉาบแต่งตราผึ้ง 124
- ปูนฉาบแต่งตราผึ้ง 124L
- ปูนฉาบแต่งตราผึ้ง 135F
1.1 ด้านคุณภาพนํ้า
หัวข้อ
ที่
ผลกระทบด้าน
คุณภาพนํ้า
1.
Option
for light gray color is No.124 L and white is No.
[1] Chapter: Materials Data Sheet, Page: 103
[
ปนตราผึ้ง
""
SKIM COAT MORTAR
TIS 1776-2542
DRY MORTAR FOR PLASTERING
NO 124/ 124L/124W/124WL
[
[
PRODUCT:
Skim Coat Mortar No.",Construction-Related,Human Risk,"124, 124 L, 124 W,124 WL
SKIM COAT MORTAR
TIS 1776-2542 TYPE CO
4
RUOS 124
BEE BRAND
SKIM COAT MORTAR
2020
TECHNICAL DATA
PROJECT REFERENCES
MSDS
TIS CERTIFICATE
TEST RESULTS
UBAU (THAILAND) LTD.
124/124L/124 W/ 124 WL is a polymer modified mortar which consists
of cement, graded sand and special chemicals to increase water retention, bonding and
strength.
มาตรการป้องกันผลกระทบต่อสิ่งแวดล้อมสำหรับวัสดุซ่อมแบบผง ได้แก่
- Sika Skim Coat
- Conpatch 300
-Renderoc Skimcoat
- ปูนฉาบแต่งตราผึ้ง 124
- ปูนฉาบแต่งตราผึ้ง 124L
- ปูนฉาบแต่งตราผึ้ง 135F
1.1 ด้านคุณภาพนํ้า
หัวข้อ
ที่
ผลกระทบด้าน
คุณภาพนํ้า
1.
Option
for light gray color is No.124 L and white is No.
[1] Chapter: Materials Data Sheet, Page: 103
[
ปนตราผึ้ง
""
SKIM COAT MORTAR
TIS 1776-2542
DRY MORTAR FOR PLASTERING
NO 124/ 124L/124W/124WL
[
[
PRODUCT:
Skim Coat Mortar No.","103
[
ปนตราผึ้ง
""
SKIM COAT MORTAR
TIS 1776-2542
DRY MORTAR FOR PLASTERING
NO 124/ 124L/124W/124WL
[
[
PRODUCT:
Skim Coat Mortar No.",extractive-fallback,"124, 124 L, 124 W,124 WL
SKIM COAT MORTAR
TIS 1776-2542 TYPE CO
4
RUOS 124
BEE BRAND
SKIM COAT MORTAR
2020
TECHNICAL DATA
PROJECT REFERENCES
MSDS
TIS CERTIFICATE
TEST RESULTS
UBAU (THAILAND) LTD.
124/124L/124 W/ 124 WL is a polymer modified mortar which consists
of cement, graded sand and special chemicals to increase water retention, bonding and
strength.
มาตรการป้องกันผลกระทบต่อสิ่งแวดล้อมสำหรับวัสดุซ่อมแบบผง ได้แก่
- Sika Skim Coat
- Conpatch 300
-Renderoc Skimcoat
- ปูนฉาบแต่งตราผึ้ง 124
- ปูนฉาบแต่งตราผึ้ง 124L
- ปูนฉาบแต่งตราผึ้ง 135F
1.1 ด้านคุณภาพนํ้า
หัวข้อ
ที่
ผลกระทบด้าน
คุณภาพนํ้า
1.
Option
for light gray color is No.124 L and white is No.
[1] Chapter: Materials Data Sheet, Page: 103
[
ปนตราผึ้ง
""
SKIM COAT MORTAR
TIS 1776-2542
DRY MORTAR FOR PLASTERING
NO 124/ 124L/124W/124WL
[
[
PRODUCT:
Skim Coat Mortar No.",Construction-Related,Human Risk,"124, 124 L, 124 W,124 WL
SKIM COAT MORTAR
TIS 1776-2542 TYPE CO
4
RUOS 124
BEE BRAND
SKIM COAT MORTAR
2020
TECHNICAL DATA
PROJECT REFERENCES
MSDS
TIS CERTIFICATE
TEST RESULTS
UBAU (THAILAND) LTD.
124/124L/124 W/ 124 WL is a polymer modified mortar which consists
of cement, graded sand and special chemicals to increase water retention, bonding and
strength.
มาตรการป้องกันผลกระทบต่อสิ่งแวดล้อมสำหรับวัสดุซ่อมแบบผง ได้แก่
- Sika Skim Coat
- Conpatch 300
-Renderoc Skimcoat
- ปูนฉาบแต่งตราผึ้ง 124
- ปูนฉาบแต่งตราผึ้ง 124L
- ปูนฉาบแต่งตราผึ้ง 135F
1.1 ด้านคุณภาพนํ้า
หัวข้อ
ที่
ผลกระทบด้าน
คุณภาพนํ้า
1.
Option
for light gray color is No.124 L and white is No.
[1] Chapter: Materials Data Sheet, Page: 103
[
ปนตราผึ้ง
""
SKIM COAT MORTAR
TIS 1776-2542
DRY MORTAR FOR PLASTERING
NO 124/ 124L/124W/124WL
[
[
PRODUCT:
Skim Coat Mortar No.","103
[
ปนตราผึ้ง
""
SKIM COAT MORTAR
TIS 1776-2542
DRY MORTAR FOR PLASTERING
NO 124/ 124L/124W/124WL
[
[
PRODUCT:
Skim Coat Mortar No.",extractive-fallback,"124, 124 L, 124 W,124 WL
SKIM COAT MORTAR
TIS 1776-2542 TYPE CO
4
RUOS 124
BEE BRAND
SKIM COAT MORTAR
2020
TECHNICAL DATA
PROJECT REFERENCES
MSDS
TIS CERTIFICATE
TEST RESULTS
UBAU (THAILAND) LTD.
124/124L/124 W/ 124 WL is a polymer modified mortar which consists
of cement, graded sand and special chemicals to increase water retention, bonding and
strength.
มาตรการป้องกันผลกระทบต่อสิ่งแวดล้อมสำหรับวัสดุซ่อมแบบผง ได้แก่
- Sika Skim Coat
- Conpatch 300
-Renderoc Skimcoat
- ปูนฉาบแต่งตราผึ้ง 124
- ปูนฉาบแต่งตราผึ้ง 124L
- ปูนฉาบแต่งตราผึ้ง 135F
1.1 ด้านคุณภาพนํ้า
หัวข้อ
ที่
ผลกระทบด้าน
คุณภาพนํ้า
1.
Option
for light gray color is No.124 L and white is No.
[1] Chapter: Materials Data Sheet, Page: 103
[
ปนตราผึ้ง
""
SKIM COAT MORTAR
TIS 1776-2542
DRY MORTAR FOR PLASTERING
NO 124/ 124L/124W/124WL
[
[
PRODUCT:
Skim Coat Mortar No.",Construction-Related,Human Risk,"124, 124 L, 124 W,124 WL
SKIM COAT MORTAR
TIS 1776-2542 TYPE CO
4
RUOS 124
BEE BRAND
SKIM COAT MORTAR
2020
TECHNICAL DATA
PROJECT REFERENCES
MSDS
TIS CERTIFICATE
TEST RESULTS
UBAU (THAILAND) LTD.
124/124L/124 W/ 124 WL is a polymer modified mortar which consists
of cement, graded sand and special chemicals to increase water retention, bonding and
strength.
มาตรการป้องกันผลกระทบต่อสิ่งแวดล้อมสำหรับวัสดุซ่อมแบบผง ได้แก่
- Sika Skim Coat
- Conpatch 300
-Renderoc Skimcoat
- ปูนฉาบแต่งตราผึ้ง 124
- ปูนฉาบแต่งตราผึ้ง 124L
- ปูนฉาบแต่งตราผึ้ง 135F
1.1 ด้านคุณภาพนํ้า
หัวข้อ
ที่
ผลกระทบด้าน
คุณภาพนํ้า
1.
Option
for light gray color is No.124 L and white is No.
[1] Chapter: Materials Data Sheet, Page: 103
[
ปนตราผึ้ง
""
SKIM COAT MORTAR
TIS 1776-2542
DRY MORTAR FOR PLASTERING
NO 124/ 124L/124W/124WL
[
[
PRODUCT:
Skim Coat Mortar No.","103
[
ปนตราผึ้ง
""
SKIM COAT MORTAR
TIS 1776-2542
DRY MORTAR FOR PLASTERING
NO 124/ 124L/124W/124WL
[
[
PRODUCT:
Skim Coat Mortar No.",extractive-fallback,"124, 124 L, 124 W,124 WL
SKIM COAT MORTAR
TIS 1776-2542 TYPE CO
4
RUOS 124
BEE BRAND
SKIM COAT MORTAR
2020
TECHNICAL DATA
PROJECT REFERENCES
MSDS
TIS CERTIFICATE
TEST RESULTS
UBAU (THAILAND) LTD.
124/124L/124 W/ 124 WL is a polymer modified mortar which consists
of cement, graded sand and special chemicals to increase water retention, bonding and
strength.
มาตรการป้องกันผลกระทบต่อสิ่งแวดล้อมสำหรับวัสดุซ่อมแบบผง ได้แก่
- Sika Skim Coat
- Conpatch 300
-Renderoc Skimcoat
- ปูนฉาบแต่งตราผึ้ง 124
- ปูนฉาบแต่งตราผึ้ง 124L
- ปูนฉาบแต่งตราผึ้ง 135F
1.1 ด้านคุณภาพนํ้า
หัวข้อ
ที่
ผลกระทบด้าน
คุณภาพนํ้า
1.
Option
for light gray color is No.124 L and white is No.
[1] Chapter: Materials Data Sheet, Page: 103
[
ปนตราผึ้ง
""
SKIM COAT MORTAR
TIS 1776-2542
DRY MORTAR FOR PLASTERING
NO 124/ 124L/124W/124WL
[
[
PRODUCT:
Skim Coat Mortar No."
" วัสดุ ""Conpatch 300"" ของแบรนด์ CORMIX มีสถานะการใช้งานอย่างไร", ได้รับการอนุมัติใช้งาน,8,Construction-Related,Material,"Apply Conpatch 300 to the prepared area by trowel.
Conpatch 300
CORMIX
ปูน:น้ำ = 1:0.2 โดยน้ำหนัก
Skim Coat
20 by
FOSKOG
FOSROC
FOSROC
ปูนนาน จนพงพีเ
und 124
ปูนงานสนามช
Conpatch
300
BUT GRAND
SKIM COAT MORTA
SHIM CUAT MINIAR
Document No.
[1] Chapter: Materials Data Sheet, Page: 62
디
디
CORMIX
DESCRIPTION
METHOD STATEMENT
CONPATCH 300
Thin Fairing Coat for Concrete Surface Repairs
Conpatch 300 is a one part polymer modified cosmetic repair mortar.
RESURFACING & APPLICATION
☐ 1
Mix Conpatch 300 following the instructions on the data sheet.
Ensure the area to receive the Conpatch 300 is clean, sound and free of all surface
contamination.","62
디
디
CORMIX
DESCRIPTION
METHOD STATEMENT
CONPATCH 300
Thin Fairing Coat for Concrete Surface Repairs
Conpatch 300 is a one part polymer modified cosmetic repair mortar.
RESURFACING & APPLICATION
☐ 1
Mix Conpatch 300 following the instructions on the data sheet.
Ensure the area to receive the Conpatch 300 is clean, sound and free of all surface
contamination.",extractive-fallback,"Apply Conpatch 300 to the prepared area by trowel.
Conpatch 300
CORMIX
ปูน:น้ำ = 1:0.2 โดยน้ำหนัก
Skim Coat
20 by
FOSKOG
FOSROC
FOSROC
ปูนนาน จนพงพีเ
und 124
ปูนงานสนามช
Conpatch
300
BUT GRAND
SKIM COAT MORTA
SHIM CUAT MINIAR
Document No.
[1] Chapter: Materials Data Sheet, Page: 62
디
디
CORMIX
DESCRIPTION
METHOD STATEMENT
CONPATCH 300
Thin Fairing Coat for Concrete Surface Repairs
Conpatch 300 is a one part polymer modified cosmetic repair mortar.
RESURFACING & APPLICATION
☐ 1
Mix Conpatch 300 following the instructions on the data sheet.
Ensure the area to receive the Conpatch 300 is clean, sound and free of all surface
contamination.",Construction-Related,Material,"Apply Conpatch 300 to the prepared area by trowel.
Conpatch 300
CORMIX
ปูน:น้ำ = 1:0.2 โดยน้ำหนัก
Skim Coat
20 by
FOSKOG
FOSROC
FOSROC
ปูนนาน จนพงพีเ
und 124
ปูนงานสนามช
Conpatch
300
BUT GRAND
SKIM COAT MORTA
SHIM CUAT MINIAR
Document No.
[1] Chapter: Materials Data Sheet, Page: 62
디
디
CORMIX
DESCRIPTION
METHOD STATEMENT
CONPATCH 300
Thin Fairing Coat for Concrete Surface Repairs
Conpatch 300 is a one part polymer modified cosmetic repair mortar.
RESURFACING & APPLICATION
☐ 1
Mix Conpatch 300 following the instructions on the data sheet.
Ensure the area to receive the Conpatch 300 is clean, sound and free of all surface
contamination.","62
디
디
CORMIX
DESCRIPTION
METHOD STATEMENT
CONPATCH 300
Thin Fairing Coat for Concrete Surface Repairs
Conpatch 300 is a one part polymer modified cosmetic repair mortar.
RESURFACING & APPLICATION
☐ 1
Mix Conpatch 300 following the instructions on the data sheet.
Ensure the area to receive the Conpatch 300 is clean, sound and free of all surface
contamination.",extractive-fallback,"Apply Conpatch 300 to the prepared area by trowel.
Conpatch 300
CORMIX
ปูน:น้ำ = 1:0.2 โดยน้ำหนัก
Skim Coat
20 by
FOSKOG
FOSROC
FOSROC
ปูนนาน จนพงพีเ
und 124
ปูนงานสนามช
Conpatch
300
BUT GRAND
SKIM COAT MORTA
SHIM CUAT MINIAR
Document No.
[1] Chapter: Materials Data Sheet, Page: 62
디
디
CORMIX
DESCRIPTION
METHOD STATEMENT
CONPATCH 300
Thin Fairing Coat for Concrete Surface Repairs
Conpatch 300 is a one part polymer modified cosmetic repair mortar.
RESURFACING & APPLICATION
☐ 1
Mix Conpatch 300 following the instructions on the data sheet.
Ensure the area to receive the Conpatch 300 is clean, sound and free of all surface
contamination.",Construction-Related,Material,"Apply Conpatch 300 to the prepared area by trowel.
Conpatch 300
CORMIX
ปูน:น้ำ = 1:0.2 โดยน้ำหนัก
Skim Coat
20 by
FOSKOG
FOSROC
FOSROC
ปูนนาน จนพงพีเ
und 124
ปูนงานสนามช
Conpatch
300
BUT GRAND
SKIM COAT MORTA
SHIM CUAT MINIAR
Document No.
[1] Chapter: Materials Data Sheet, Page: 62
디
디
CORMIX
DESCRIPTION
METHOD STATEMENT
CONPATCH 300
Thin Fairing Coat for Concrete Surface Repairs
Conpatch 300 is a one part polymer modified cosmetic repair mortar.
RESURFACING & APPLICATION
☐ 1
Mix Conpatch 300 following the instructions on the data sheet.
Ensure the area to receive the Conpatch 300 is clean, sound and free of all surface
contamination.","62
디
디
CORMIX
DESCRIPTION
METHOD STATEMENT
CONPATCH 300
Thin Fairing Coat for Concrete Surface Repairs
Conpatch 300 is a one part polymer modified cosmetic repair mortar.
RESURFACING & APPLICATION
☐ 1
Mix Conpatch 300 following the instructions on the data sheet.
Ensure the area to receive the Conpatch 300 is clean, sound and free of all surface
contamination.",extractive-fallback,"Apply Conpatch 300 to the prepared area by trowel.
Conpatch 300
CORMIX
ปูน:น้ำ = 1:0.2 โดยน้ำหนัก
Skim Coat
20 by
FOSKOG
FOSROC
FOSROC
ปูนนาน จนพงพีเ
und 124
ปูนงานสนามช
Conpatch
300
BUT GRAND
SKIM COAT MORTA
SHIM CUAT MINIAR
Document No.
[1] Chapter: Materials Data Sheet, Page: 62
디
디
CORMIX
DESCRIPTION
METHOD STATEMENT
CONPATCH 300
Thin Fairing Coat for Concrete Surface Repairs
Conpatch 300 is a one part polymer modified cosmetic repair mortar.
RESURFACING & APPLICATION
☐ 1
Mix Conpatch 300 following the instructions on the data sheet.
Ensure the area to receive the Conpatch 300 is clean, sound and free of all surface
contamination.",Construction-Related,Material,"Apply Conpatch 300 to the prepared area by trowel.
Conpatch 300
CORMIX
ปูน:น้ำ = 1:0.2 โดยน้ำหนัก
Skim Coat
20 by
FOSKOG
FOSROC
FOSROC
ปูนนาน จนพงพีเ
und 124
ปูนงานสนามช
Conpatch
300
BUT GRAND
SKIM COAT MORTA
SHIM CUAT MINIAR
Document No.
[1] Chapter: Materials Data Sheet, Page: 62
디
디
CORMIX
DESCRIPTION
METHOD STATEMENT
CONPATCH 300
Thin Fairing Coat for Concrete Surface Repairs
Conpatch 300 is a one part polymer modified cosmetic repair mortar.
RESURFACING & APPLICATION
☐ 1
Mix Conpatch 300 following the instructions on the data sheet.
Ensure the area to receive the Conpatch 300 is clean, sound and free of all surface
contamination.","62
디
디
CORMIX
DESCRIPTION
METHOD STATEMENT
CONPATCH 300
Thin Fairing Coat for Concrete Surface Repairs
Conpatch 300 is a one part polymer modified cosmetic repair mortar.
RESURFACING & APPLICATION
☐ 1
Mix Conpatch 300 following the instructions on the data sheet.
Ensure the area to receive the Conpatch 300 is clean, sound and free of all surface
contamination.",extractive-fallback,"Apply Conpatch 300 to the prepared area by trowel.
Conpatch 300
CORMIX
ปูน:น้ำ = 1:0.2 โดยน้ำหนัก
Skim Coat
20 by
FOSKOG
FOSROC
FOSROC
ปูนนาน จนพงพีเ
und 124
ปูนงานสนามช
Conpatch
300
BUT GRAND
SKIM COAT MORTA
SHIM CUAT MINIAR
Document No.
[1] Chapter: Materials Data Sheet, Page: 62
디
디
CORMIX
DESCRIPTION
METHOD STATEMENT
CONPATCH 300
Thin Fairing Coat for Concrete Surface Repairs
Conpatch 300 is a one part polymer modified cosmetic repair mortar.
RESURFACING & APPLICATION
☐ 1
Mix Conpatch 300 following the instructions on the data sheet.
Ensure the area to receive the Conpatch 300 is clean, sound and free of all surface
contamination."
" วัสดุปูนฉาบซ่อมกำลังอัดสูง ""ปูนฉาบตราผึ้ง 135F"" มีสถานะการใช้งานอย่างไร", เสนอขออนุมัติใช้งาน,8,Construction-Related,Material,"วัสดุที่ใช้ในการซ่อมแซม
2.1 ปูนฉาบซ่อมกำลังอัดสูงที่เสนอขออนุมัติดังนี้
-ปูนฉาบตราผึ้ง 135F อัตราส่วนผสม ปูน : น้ำ = 1 : 0.18 โดยน้ำหนัก
#135-F
ID
ດຣາຜົ່າ
BEN BRAND
3.
135, 135F
HIGH STRENGTH REPAIR MORTAR
ปูนสําเร็จรูป
อาย อ เ งดสูบ 4 135
asian
BAG BRAND
2525.
Dimension (cm)
Date of Age Weight Density Ultimate 'Ultimate
Remarks
Side A Side B Side C Casting
Load
Stress
3
(Days) (kg)
(kg/m ) (kg)
(kg/cm³)
1
1
10.00 10.05 10.00 13/11/2555 28
2.264
2,253 56,600
563
HIGH STRENGTH REPAIR
MORTAR # 135F
1
2
10.10 10.28 10.02 13/11/2555 28 2.279
2,191 53,000
510
HIGH STRENGTH REPAIR
MORTAR # 135F
3
10.02 10.20 10.00 13/11/2555 28 2.258
2,209
60,400
591
HIGH STRENGTH REPAIR
MORTAR # 135F
4
4
1
NOTE: 1.
[1] Chapter: Guildline For Repair, Page: 8
STECON
บริษัท ชิโน ไทย เ น นี ชิ่ง แอนด์ ตอนจาวัดจั่น จํากัด (ดาน)
SLOWS THAI TNGERING CONSTRUCTION PUBLIC COMPANY FISTED
รายการวัสดุซ่อม
Project: SEWERAGE TUNNEL BUNG NONG BON
TO CHAOPHRAYA RIVER
Conpatch 300
ประเภทของวัสดุ
ซ่อม
ปูนฉาบซ่อม
ชื่อวัสดุซ่อม
Sika Skim Coat
Renderoc Skim Coat
ปูนฉาบตราผึ้ง 124
ปูนฉาบตราผึ้ง 124L
แบรนด์
SIKA
FOSROC
BEE BRAND
BEE BRAND
CORMIX
สถานะการใช้งาน
ได้รับการอนุมัติใช้งาน
ท
ได้รับการอนุมัติใช้งาน
ได้รับการอนุมัติใช้งาน
ท
ได้รับการอนุมัติใช้งาน
ได้รับการอนุมัติใช้งาน
ปูนฉาบซ่อมกำลัง
ปูนฉาบตราผึ้ง 135F
BEE BRAND
เสนอขออนุมัติใช้งาน
อัดสูง
Sikkadur 52 TH
SIKA
อีพ็อกซี่เรซิ่น
เสนอขออนุมัติใช้งาน
Condur SC
CORMIX
เสนอขออนุมัติใช้งาน
Sikadur 41 CF Normal
SIKA
อีพ็อกซี่มอร์ต้าร์
เสนอขออนุมัติใช้งาน
Sikkadur 31 CF Normal
SIKA
เสนอขออนุมัติใช้งาน
วัสดุเชื่อมประสาน
Sikkadur 32 TH
SIKA
เสนอขออนุมัติใช้งาน
คอนกรีต
Document No.","8
STECON
บริษัท ชิโน ไทย เ น นี ชิ่ง แอนด์ ตอนจาวัดจั่น จํากัด (ดาน)
SLOWS THAI TNGERING CONSTRUCTION PUBLIC COMPANY FISTED
รายการวัสดุซ่อม
Project: SEWERAGE TUNNEL BUNG NONG BON
TO CHAOPHRAYA RIVER
Conpatch 300
ประเภทของวัสดุ
ซ่อม
ปูนฉาบซ่อม
ชื่อวัสดุซ่อม
Sika Skim Coat
Renderoc Skim Coat
ปูนฉาบตราผึ้ง 124
ปูนฉาบตราผึ้ง 124L
แบรนด์
SIKA
FOSROC
BEE BRAND
BEE BRAND
CORMIX
สถานะการใช้งาน
ได้รับการอนุมัติใช้งาน
ท
ได้รับการอนุมัติใช้งาน
ได้รับการอนุมัติใช้งาน
ท
ได้รับการอนุมัติใช้งาน
ได้รับการอนุมัติใช้งาน
ปูนฉาบซ่อมกำลัง
ปูนฉาบตราผึ้ง 135F
BEE BRAND
เสนอขออนุมัติใช้งาน
อัดสูง
Sikkadur 52 TH
SIKA
อีพ็อกซี่เรซิ่น
เสนอขออนุมัติใช้งาน
Condur SC
CORMIX
เสนอขออนุมัติใช้งาน
Sikadur 41 CF Normal
SIKA
อีพ็อกซี่มอร์ต้าร์
เสนอขออนุมัติใช้งาน
Sikkadur 31 CF Normal
SIKA
เสนอขออนุมัติใช้งาน
วัสดุเชื่อมประสาน
Sikkadur 32 TH
SIKA
เสนอขออนุมัติใช้งาน
คอนกรีต
Document No.",extractive-fallback,"วัสดุที่ใช้ในการซ่อมแซม
2.1 ปูนฉาบซ่อมกำลังอัดสูงที่เสนอขออนุมัติดังนี้
-ปูนฉาบตราผึ้ง 135F อัตราส่วนผสม ปูน : น้ำ = 1 : 0.18 โดยน้ำหนัก
#135-F
ID
ດຣາຜົ່າ
BEN BRAND
3.
135, 135F
HIGH STRENGTH REPAIR MORTAR
ปูนสําเร็จรูป
อาย อ เ งดสูบ 4 135
asian
BAG BRAND
2525.
Dimension (cm)
Date of Age Weight Density Ultimate 'Ultimate
Remarks
Side A Side B Side C Casting
Load
Stress
3
(Days) (kg)
(kg/m ) (kg)
(kg/cm³)
1
1
10.00 10.05 10.00 13/11/2555 28
2.264
2,253 56,600
563
HIGH STRENGTH REPAIR
MORTAR # 135F
1
2
10.10 10.28 10.02 13/11/2555 28 2.279
2,191 53,000
510
HIGH STRENGTH REPAIR
MORTAR # 135F
3
10.02 10.20 10.00 13/11/2555 28 2.258
2,209
60,400
591
HIGH STRENGTH REPAIR
MORTAR # 135F
4
4
1
NOTE: 1.
[1] Chapter: Guildline For Repair, Page: 8
STECON
บริษัท ชิโน ไทย เ น นี ชิ่ง แอนด์ ตอนจาวัดจั่น จํากัด (ดาน)
SLOWS THAI TNGERING CONSTRUCTION PUBLIC COMPANY FISTED
รายการวัสดุซ่อม
Project: SEWERAGE TUNNEL BUNG NONG BON
TO CHAOPHRAYA RIVER
Conpatch 300
ประเภทของวัสดุ
ซ่อม
ปูนฉาบซ่อม
ชื่อวัสดุซ่อม
Sika Skim Coat
Renderoc Skim Coat
ปูนฉาบตราผึ้ง 124
ปูนฉาบตราผึ้ง 124L
แบรนด์
SIKA
FOSROC
BEE BRAND
BEE BRAND
CORMIX
สถานะการใช้งาน
ได้รับการอนุมัติใช้งาน
ท
ได้รับการอนุมัติใช้งาน
ได้รับการอนุมัติใช้งาน
ท
ได้รับการอนุมัติใช้งาน
ได้รับการอนุมัติใช้งาน
ปูนฉาบซ่อมกำลัง
ปูนฉาบตราผึ้ง 135F
BEE BRAND
เสนอขออนุมัติใช้งาน
อัดสูง
Sikkadur 52 TH
SIKA
อีพ็อกซี่เรซิ่น
เสนอขออนุมัติใช้งาน
Condur SC
CORMIX
เสนอขออนุมัติใช้งาน
Sikadur 41 CF Normal
SIKA
อีพ็อกซี่มอร์ต้าร์
เสนอขออนุมัติใช้งาน
Sikkadur 31 CF Normal
SIKA
เสนอขออนุมัติใช้งาน
วัสดุเชื่อมประสาน
Sikkadur 32 TH
SIKA
เสนอขออนุมัติใช้งาน
คอนกรีต
Document No.",Construction-Related,Material,"วัสดุที่ใช้ในการซ่อมแซม
2.1 ปูนฉาบซ่อมกำลังอัดสูงที่เสนอขออนุมัติดังนี้
-ปูนฉาบตราผึ้ง 135F อัตราส่วนผสม ปูน : น้ำ = 1 : 0.18 โดยน้ำหนัก
#135-F
ID
ດຣາຜົ່າ
BEN BRAND
3.
135, 135F
HIGH STRENGTH REPAIR MORTAR
ปูนสําเร็จรูป
อาย อ เ งดสูบ 4 135
asian
BAG BRAND
2525.
Dimension (cm)
Date of Age Weight Density Ultimate 'Ultimate
Remarks
Side A Side B Side C Casting
Load
Stress
3
(Days) (kg)
(kg/m ) (kg)
(kg/cm³)
1
1
10.00 10.05 10.00 13/11/2555 28
2.264
2,253 56,600
563
HIGH STRENGTH REPAIR
MORTAR # 135F
1
2
10.10 10.28 10.02 13/11/2555 28 2.279
2,191 53,000
510
HIGH STRENGTH REPAIR
MORTAR # 135F
3
10.02 10.20 10.00 13/11/2555 28 2.258
2,209
60,400
591
HIGH STRENGTH REPAIR
MORTAR # 135F
4
4
1
NOTE: 1.
[1] Chapter: Guildline For Repair, Page: 8
STECON
บริษัท ชิโน ไทย เ น นี ชิ่ง แอนด์ ตอนจาวัดจั่น จํากัด (ดาน)
SLOWS THAI TNGERING CONSTRUCTION PUBLIC COMPANY FISTED
รายการวัสดุซ่อม
Project: SEWERAGE TUNNEL BUNG NONG BON
TO CHAOPHRAYA RIVER
Conpatch 300
ประเภทของวัสดุ
ซ่อม
ปูนฉาบซ่อม
ชื่อวัสดุซ่อม
Sika Skim Coat
Renderoc Skim Coat
ปูนฉาบตราผึ้ง 124
ปูนฉาบตราผึ้ง 124L
แบรนด์
SIKA
FOSROC
BEE BRAND
BEE BRAND
CORMIX
สถานะการใช้งาน
ได้รับการอนุมัติใช้งาน
ท
ได้รับการอนุมัติใช้งาน
ได้รับการอนุมัติใช้งาน
ท
ได้รับการอนุมัติใช้งาน
ได้รับการอนุมัติใช้งาน
ปูนฉาบซ่อมกำลัง
ปูนฉาบตราผึ้ง 135F
BEE BRAND
เสนอขออนุมัติใช้งาน
อัดสูง
Sikkadur 52 TH
SIKA
อีพ็อกซี่เรซิ่น
เสนอขออนุมัติใช้งาน
Condur SC
CORMIX
เสนอขออนุมัติใช้งาน
Sikadur 41 CF Normal
SIKA
อีพ็อกซี่มอร์ต้าร์
เสนอขออนุมัติใช้งาน
Sikkadur 31 CF Normal
SIKA
เสนอขออนุมัติใช้งาน
วัสดุเชื่อมประสาน
Sikkadur 32 TH
SIKA
เสนอขออนุมัติใช้งาน
คอนกรีต
Document No.","8
STECON
บริษัท ชิโน ไทย เ น นี ชิ่ง แอนด์ ตอนจาวัดจั่น จํากัด (ดาน)
SLOWS THAI TNGERING CONSTRUCTION PUBLIC COMPANY FISTED
รายการวัสดุซ่อม
Project: SEWERAGE TUNNEL BUNG NONG BON
TO CHAOPHRAYA RIVER
Conpatch 300
ประเภทของวัสดุ
ซ่อม
ปูนฉาบซ่อม
ชื่อวัสดุซ่อม
Sika Skim Coat
Renderoc Skim Coat
ปูนฉาบตราผึ้ง 124
ปูนฉาบตราผึ้ง 124L
แบรนด์
SIKA
FOSROC
BEE BRAND
BEE BRAND
CORMIX
สถานะการใช้งาน
ได้รับการอนุมัติใช้งาน
ท
ได้รับการอนุมัติใช้งาน
ได้รับการอนุมัติใช้งาน
ท
ได้รับการอนุมัติใช้งาน
ได้รับการอนุมัติใช้งาน
ปูนฉาบซ่อมกำลัง
ปูนฉาบตราผึ้ง 135F
BEE BRAND
เสนอขออนุมัติใช้งาน
อัดสูง
Sikkadur 52 TH
SIKA
อีพ็อกซี่เรซิ่น
เสนอขออนุมัติใช้งาน
Condur SC
CORMIX
เสนอขออนุมัติใช้งาน
Sikadur 41 CF Normal
SIKA
อีพ็อกซี่มอร์ต้าร์
เสนอขออนุมัติใช้งาน
Sikkadur 31 CF Normal
SIKA
เสนอขออนุมัติใช้งาน
วัสดุเชื่อมประสาน
Sikkadur 32 TH
SIKA
เสนอขออนุมัติใช้งาน
คอนกรีต
Document No.",extractive-fallback,"วัสดุที่ใช้ในการซ่อมแซม
2.1 ปูนฉาบซ่อมกำลังอัดสูงที่เสนอขออนุมัติดังนี้
-ปูนฉาบตราผึ้ง 135F อัตราส่วนผสม ปูน : น้ำ = 1 : 0.18 โดยน้ำหนัก
#135-F
ID
ດຣາຜົ່າ
BEN BRAND
3.
135, 135F
HIGH STRENGTH REPAIR MORTAR
ปูนสําเร็จรูป
อาย อ เ งดสูบ 4 135
asian
BAG BRAND
2525.
Dimension (cm)
Date of Age Weight Density Ultimate 'Ultimate
Remarks
Side A Side B Side C Casting
Load
Stress
3
(Days) (kg)
(kg/m ) (kg)
(kg/cm³)
1
1
10.00 10.05 10.00 13/11/2555 28
2.264
2,253 56,600
563
HIGH STRENGTH REPAIR
MORTAR # 135F
1
2
10.10 10.28 10.02 13/11/2555 28 2.279
2,191 53,000
510
HIGH STRENGTH REPAIR
MORTAR # 135F
3
10.02 10.20 10.00 13/11/2555 28 2.258
2,209
60,400
591
HIGH STRENGTH REPAIR
MORTAR # 135F
4
4
1
NOTE: 1.
[1] Chapter: Guildline For Repair, Page: 8
STECON
บริษัท ชิโน ไทย เ น นี ชิ่ง แอนด์ ตอนจาวัดจั่น จํากัด (ดาน)
SLOWS THAI TNGERING CONSTRUCTION PUBLIC COMPANY FISTED
รายการวัสดุซ่อม
Project: SEWERAGE TUNNEL BUNG NONG BON
TO CHAOPHRAYA RIVER
Conpatch 300
ประเภทของวัสดุ
ซ่อม
ปูนฉาบซ่อม
ชื่อวัสดุซ่อม
Sika Skim Coat
Renderoc Skim Coat
ปูนฉาบตราผึ้ง 124
ปูนฉาบตราผึ้ง 124L
แบรนด์
SIKA
FOSROC
BEE BRAND
BEE BRAND
CORMIX
สถานะการใช้งาน
ได้รับการอนุมัติใช้งาน
ท
ได้รับการอนุมัติใช้งาน
ได้รับการอนุมัติใช้งาน
ท
ได้รับการอนุมัติใช้งาน
ได้รับการอนุมัติใช้งาน
ปูนฉาบซ่อมกำลัง
ปูนฉาบตราผึ้ง 135F
BEE BRAND
เสนอขออนุมัติใช้งาน
อัดสูง
Sikkadur 52 TH
SIKA
อีพ็อกซี่เรซิ่น
เสนอขออนุมัติใช้งาน
Condur SC
CORMIX
เสนอขออนุมัติใช้งาน
Sikadur 41 CF Normal
SIKA
อีพ็อกซี่มอร์ต้าร์
เสนอขออนุมัติใช้งาน
Sikkadur 31 CF Normal
SIKA
เสนอขออนุมัติใช้งาน
วัสดุเชื่อมประสาน
Sikkadur 32 TH
SIKA
เสนอขออนุมัติใช้งาน
คอนกรีต
Document No.",Construction-Related,Material,"วัสดุที่ใช้ในการซ่อมแซม
2.1 ปูนฉาบซ่อมกำลังอัดสูงที่เสนอขออนุมัติดังนี้
-ปูนฉาบตราผึ้ง 135F อัตราส่วนผสม ปูน : น้ำ = 1 : 0.18 โดยน้ำหนัก
#135-F
ID
ດຣາຜົ່າ
BEN BRAND
3.
135, 135F
HIGH STRENGTH REPAIR MORTAR
ปูนสําเร็จรูป
อาย อ เ งดสูบ 4 135
asian
BAG BRAND
2525.
Dimension (cm)
Date of Age Weight Density Ultimate 'Ultimate
Remarks
Side A Side B Side C Casting
Load
Stress
3
(Days) (kg)
(kg/m ) (kg)
(kg/cm³)
1
1
10.00 10.05 10.00 13/11/2555 28
2.264
2,253 56,600
563
HIGH STRENGTH REPAIR
MORTAR # 135F
1
2
10.10 10.28 10.02 13/11/2555 28 2.279
2,191 53,000
510
HIGH STRENGTH REPAIR
MORTAR # 135F
3
10.02 10.20 10.00 13/11/2555 28 2.258
2,209
60,400
591
HIGH STRENGTH REPAIR
MORTAR # 135F
4
4
1
NOTE: 1.
[1] Chapter: Guildline For Repair, Page: 8
STECON
บริษัท ชิโน ไทย เ น นี ชิ่ง แอนด์ ตอนจาวัดจั่น จํากัด (ดาน)
SLOWS THAI TNGERING CONSTRUCTION PUBLIC COMPANY FISTED
รายการวัสดุซ่อม
Project: SEWERAGE TUNNEL BUNG NONG BON
TO CHAOPHRAYA RIVER
Conpatch 300
ประเภทของวัสดุ
ซ่อม
ปูนฉาบซ่อม
ชื่อวัสดุซ่อม
Sika Skim Coat
Renderoc Skim Coat
ปูนฉาบตราผึ้ง 124
ปูนฉาบตราผึ้ง 124L
แบรนด์
SIKA
FOSROC
BEE BRAND
BEE BRAND
CORMIX
สถานะการใช้งาน
ได้รับการอนุมัติใช้งาน
ท
ได้รับการอนุมัติใช้งาน
ได้รับการอนุมัติใช้งาน
ท
ได้รับการอนุมัติใช้งาน
ได้รับการอนุมัติใช้งาน
ปูนฉาบซ่อมกำลัง
ปูนฉาบตราผึ้ง 135F
BEE BRAND
เสนอขออนุมัติใช้งาน
อัดสูง
Sikkadur 52 TH
SIKA
อีพ็อกซี่เรซิ่น
เสนอขออนุมัติใช้งาน
Condur SC
CORMIX
เสนอขออนุมัติใช้งาน
Sikadur 41 CF Normal
SIKA
อีพ็อกซี่มอร์ต้าร์
เสนอขออนุมัติใช้งาน
Sikkadur 31 CF Normal
SIKA
เสนอขออนุมัติใช้งาน
วัสดุเชื่อมประสาน
Sikkadur 32 TH
SIKA
เสนอขออนุมัติใช้งาน
คอนกรีต
Document No.","8
STECON
บริษัท ชิโน ไทย เ น นี ชิ่ง แอนด์ ตอนจาวัดจั่น จํากัด (ดาน)
SLOWS THAI TNGERING CONSTRUCTION PUBLIC COMPANY FISTED
รายการวัสดุซ่อม
Project: SEWERAGE TUNNEL BUNG NONG BON
TO CHAOPHRAYA RIVER
Conpatch 300
ประเภทของวัสดุ
ซ่อม
ปูนฉาบซ่อม
ชื่อวัสดุซ่อม
Sika Skim Coat
Renderoc Skim Coat
ปูนฉาบตราผึ้ง 124
ปูนฉาบตราผึ้ง 124L
แบรนด์
SIKA
FOSROC
BEE BRAND
BEE BRAND
CORMIX
สถานะการใช้งาน
ได้รับการอนุมัติใช้งาน
ท
ได้รับการอนุมัติใช้งาน
ได้รับการอนุมัติใช้งาน
ท
ได้รับการอนุมัติใช้งาน
ได้รับการอนุมัติใช้งาน
ปูนฉาบซ่อมกำลัง
ปูนฉาบตราผึ้ง 135F
BEE BRAND
เสนอขออนุมัติใช้งาน
อัดสูง
Sikkadur 52 TH
SIKA
อีพ็อกซี่เรซิ่น
เสนอขออนุมัติใช้งาน
Condur SC
CORMIX
เสนอขออนุมัติใช้งาน
Sikadur 41 CF Normal
SIKA
อีพ็อกซี่มอร์ต้าร์
เสนอขออนุมัติใช้งาน
Sikkadur 31 CF Normal
SIKA
เสนอขออนุมัติใช้งาน
วัสดุเชื่อมประสาน
Sikkadur 32 TH
SIKA
เสนอขออนุมัติใช้งาน
คอนกรีต
Document No.",extractive-fallback,"วัสดุที่ใช้ในการซ่อมแซม
2.1 ปูนฉาบซ่อมกำลังอัดสูงที่เสนอขออนุมัติดังนี้
-ปูนฉาบตราผึ้ง 135F อัตราส่วนผสม ปูน : น้ำ = 1 : 0.18 โดยน้ำหนัก
#135-F
ID
ດຣາຜົ່າ
BEN BRAND
3.
135, 135F
HIGH STRENGTH REPAIR MORTAR
ปูนสําเร็จรูป
อาย อ เ งดสูบ 4 135
asian
BAG BRAND
2525.
Dimension (cm)
Date of Age Weight Density Ultimate 'Ultimate
Remarks
Side A Side B Side C Casting
Load
Stress
3
(Days) (kg)
(kg/m ) (kg)
(kg/cm³)
1
1
10.00 10.05 10.00 13/11/2555 28
2.264
2,253 56,600
563
HIGH STRENGTH REPAIR
MORTAR # 135F
1
2
10.10 10.28 10.02 13/11/2555 28 2.279
2,191 53,000
510
HIGH STRENGTH REPAIR
MORTAR # 135F
3
10.02 10.20 10.00 13/11/2555 28 2.258
2,209
60,400
591
HIGH STRENGTH REPAIR
MORTAR # 135F
4
4
1
NOTE: 1.
[1] Chapter: Guildline For Repair, Page: 8
STECON
บริษัท ชิโน ไทย เ น นี ชิ่ง แอนด์ ตอนจาวัดจั่น จํากัด (ดาน)
SLOWS THAI TNGERING CONSTRUCTION PUBLIC COMPANY FISTED
รายการวัสดุซ่อม
Project: SEWERAGE TUNNEL BUNG NONG BON
TO CHAOPHRAYA RIVER
Conpatch 300
ประเภทของวัสดุ
ซ่อม
ปูนฉาบซ่อม
ชื่อวัสดุซ่อม
Sika Skim Coat
Renderoc Skim Coat
ปูนฉาบตราผึ้ง 124
ปูนฉาบตราผึ้ง 124L
แบรนด์
SIKA
FOSROC
BEE BRAND
BEE BRAND
CORMIX
สถานะการใช้งาน
ได้รับการอนุมัติใช้งาน
ท
ได้รับการอนุมัติใช้งาน
ได้รับการอนุมัติใช้งาน
ท
ได้รับการอนุมัติใช้งาน
ได้รับการอนุมัติใช้งาน
ปูนฉาบซ่อมกำลัง
ปูนฉาบตราผึ้ง 135F
BEE BRAND
เสนอขออนุมัติใช้งาน
อัดสูง
Sikkadur 52 TH
SIKA
อีพ็อกซี่เรซิ่น
เสนอขออนุมัติใช้งาน
Condur SC
CORMIX
เสนอขออนุมัติใช้งาน
Sikadur 41 CF Normal
SIKA
อีพ็อกซี่มอร์ต้าร์
เสนอขออนุมัติใช้งาน
Sikkadur 31 CF Normal
SIKA
เสนอขออนุมัติใช้งาน
วัสดุเชื่อมประสาน
Sikkadur 32 TH
SIKA
เสนอขออนุมัติใช้งาน
คอนกรีต
Document No.",Construction-Related,Material,"วัสดุที่ใช้ในการซ่อมแซม
2.1 ปูนฉาบซ่อมกำลังอัดสูงที่เสนอขออนุมัติดังนี้
-ปูนฉาบตราผึ้ง 135F อัตราส่วนผสม ปูน : น้ำ = 1 : 0.18 โดยน้ำหนัก
#135-F
ID
ດຣາຜົ່າ
BEN BRAND
3.
135, 135F
HIGH STRENGTH REPAIR MORTAR
ปูนสําเร็จรูป
อาย อ เ งดสูบ 4 135
asian
BAG BRAND
2525.
Dimension (cm)
Date of Age Weight Density Ultimate 'Ultimate
Remarks
Side A Side B Side C Casting
Load
Stress
3
(Days) (kg)
(kg/m ) (kg)
(kg/cm³)
1
1
10.00 10.05 10.00 13/11/2555 28
2.264
2,253 56,600
563
HIGH STRENGTH REPAIR
MORTAR # 135F
1
2
10.10 10.28 10.02 13/11/2555 28 2.279
2,191 53,000
510
HIGH STRENGTH REPAIR
MORTAR # 135F
3
10.02 10.20 10.00 13/11/2555 28 2.258
2,209
60,400
591
HIGH STRENGTH REPAIR
MORTAR # 135F
4
4
1
NOTE: 1.
[1] Chapter: Guildline For Repair, Page: 8
STECON
บริษัท ชิโน ไทย เ น นี ชิ่ง แอนด์ ตอนจาวัดจั่น จํากัด (ดาน)
SLOWS THAI TNGERING CONSTRUCTION PUBLIC COMPANY FISTED
รายการวัสดุซ่อม
Project: SEWERAGE TUNNEL BUNG NONG BON
TO CHAOPHRAYA RIVER
Conpatch 300
ประเภทของวัสดุ
ซ่อม
ปูนฉาบซ่อม
ชื่อวัสดุซ่อม
Sika Skim Coat
Renderoc Skim Coat
ปูนฉาบตราผึ้ง 124
ปูนฉาบตราผึ้ง 124L
แบรนด์
SIKA
FOSROC
BEE BRAND
BEE BRAND
CORMIX
สถานะการใช้งาน
ได้รับการอนุมัติใช้งาน
ท
ได้รับการอนุมัติใช้งาน
ได้รับการอนุมัติใช้งาน
ท
ได้รับการอนุมัติใช้งาน
ได้รับการอนุมัติใช้งาน
ปูนฉาบซ่อมกำลัง
ปูนฉาบตราผึ้ง 135F
BEE BRAND
เสนอขออนุมัติใช้งาน
อัดสูง
Sikkadur 52 TH
SIKA
อีพ็อกซี่เรซิ่น
เสนอขออนุมัติใช้งาน
Condur SC
CORMIX
เสนอขออนุมัติใช้งาน
Sikadur 41 CF Normal
SIKA
อีพ็อกซี่มอร์ต้าร์
เสนอขออนุมัติใช้งาน
Sikkadur 31 CF Normal
SIKA
เสนอขออนุมัติใช้งาน
วัสดุเชื่อมประสาน
Sikkadur 32 TH
SIKA
เสนอขออนุมัติใช้งาน
คอนกรีต
Document No.","8
STECON
บริษัท ชิโน ไทย เ น นี ชิ่ง แอนด์ ตอนจาวัดจั่น จํากัด (ดาน)
SLOWS THAI TNGERING CONSTRUCTION PUBLIC COMPANY FISTED
รายการวัสดุซ่อม
Project: SEWERAGE TUNNEL BUNG NONG BON
TO CHAOPHRAYA RIVER
Conpatch 300
ประเภทของวัสดุ
ซ่อม
ปูนฉาบซ่อม
ชื่อวัสดุซ่อม
Sika Skim Coat
Renderoc Skim Coat
ปูนฉาบตราผึ้ง 124
ปูนฉาบตราผึ้ง 124L
แบรนด์
SIKA
FOSROC
BEE BRAND
BEE BRAND
CORMIX
สถานะการใช้งาน
ได้รับการอนุมัติใช้งาน
ท
ได้รับการอนุมัติใช้งาน
ได้รับการอนุมัติใช้งาน
ท
ได้รับการอนุมัติใช้งาน
ได้รับการอนุมัติใช้งาน
ปูนฉาบซ่อมกำลัง
ปูนฉาบตราผึ้ง 135F
BEE BRAND
เสนอขออนุมัติใช้งาน
อัดสูง
Sikkadur 52 TH
SIKA
อีพ็อกซี่เรซิ่น
เสนอขออนุมัติใช้งาน
Condur SC
CORMIX
เสนอขออนุมัติใช้งาน
Sikadur 41 CF Normal
SIKA
อีพ็อกซี่มอร์ต้าร์
เสนอขออนุมัติใช้งาน
Sikkadur 31 CF Normal
SIKA
เสนอขออนุมัติใช้งาน
วัสดุเชื่อมประสาน
Sikkadur 32 TH
SIKA
เสนอขออนุมัติใช้งาน
คอนกรีต
Document No.",extractive-fallback,"วัสดุที่ใช้ในการซ่อมแซม
2.1 ปูนฉาบซ่อมกำลังอัดสูงที่เสนอขออนุมัติดังนี้
-ปูนฉาบตราผึ้ง 135F อัตราส่วนผสม ปูน : น้ำ = 1 : 0.18 โดยน้ำหนัก
#135-F
ID
ດຣາຜົ່າ
BEN BRAND
3.
135, 135F
HIGH STRENGTH REPAIR MORTAR
ปูนสําเร็จรูป
อาย อ เ งดสูบ 4 135
asian
BAG BRAND
2525.
Dimension (cm)
Date of Age Weight Density Ultimate 'Ultimate
Remarks
Side A Side B Side C Casting
Load
Stress
3
(Days) (kg)
(kg/m ) (kg)
(kg/cm³)
1
1
10.00 10.05 10.00 13/11/2555 28
2.264
2,253 56,600
563
HIGH STRENGTH REPAIR
MORTAR # 135F
1
2
10.10 10.28 10.02 13/11/2555 28 2.279
2,191 53,000
510
HIGH STRENGTH REPAIR
MORTAR # 135F
3
10.02 10.20 10.00 13/11/2555 28 2.258
2,209
60,400
591
HIGH STRENGTH REPAIR
MORTAR # 135F
4
4
1
NOTE: 1.
[1] Chapter: Guildline For Repair, Page: 8
STECON
บริษัท ชิโน ไทย เ น นี ชิ่ง แอนด์ ตอนจาวัดจั่น จํากัด (ดาน)
SLOWS THAI TNGERING CONSTRUCTION PUBLIC COMPANY FISTED
รายการวัสดุซ่อม
Project: SEWERAGE TUNNEL BUNG NONG BON
TO CHAOPHRAYA RIVER
Conpatch 300
ประเภทของวัสดุ
ซ่อม
ปูนฉาบซ่อม
ชื่อวัสดุซ่อม
Sika Skim Coat
Renderoc Skim Coat
ปูนฉาบตราผึ้ง 124
ปูนฉาบตราผึ้ง 124L
แบรนด์
SIKA
FOSROC
BEE BRAND
BEE BRAND
CORMIX
สถานะการใช้งาน
ได้รับการอนุมัติใช้งาน
ท
ได้รับการอนุมัติใช้งาน
ได้รับการอนุมัติใช้งาน
ท
ได้รับการอนุมัติใช้งาน
ได้รับการอนุมัติใช้งาน
ปูนฉาบซ่อมกำลัง
ปูนฉาบตราผึ้ง 135F
BEE BRAND
เสนอขออนุมัติใช้งาน
อัดสูง
Sikkadur 52 TH
SIKA
อีพ็อกซี่เรซิ่น
เสนอขออนุมัติใช้งาน
Condur SC
CORMIX
เสนอขออนุมัติใช้งาน
Sikadur 41 CF Normal
SIKA
อีพ็อกซี่มอร์ต้าร์
เสนอขออนุมัติใช้งาน
Sikkadur 31 CF Normal
SIKA
เสนอขออนุมัติใช้งาน
วัสดุเชื่อมประสาน
Sikkadur 32 TH
SIKA
เสนอขออนุมัติใช้งาน
คอนกรีต
Document No."
 วัสดุ Epoxy Resin ที่เสนอขออนุมัติใช้งานคือรุ่นใด, Sikadur 52 TH (แบรนด์ SIKA) และ Condur SC (แบรนด์ CORMIX),8,Construction-Related,Human Risk,"[1] Chapter: Repair With Epoxy Resin, Page: 16
บริษัท ชิโน-ไทย เอนจีเนีย ง แอนด์ คอนสตรัคชั่น จํากัด (มหาชน)
STECON
SING THAI ENGINEERING & CONSTRUCTION PUBLIC COMPANY LIMITEDE
Project: SEWERAGE TUNNEL BUNG NONG BON
TO CHAOPHRAYA RIVER
O RP-TN-02 (Crack Repair With Epoxy Resin)
วิธีการ Repair With Epoxy Resin ใช้ในการซ่อมแซมรอยร้าวทั่วไปที่มีความกว้างตั้งแต่ 0.3 mm.
[2] Chapter: Repair With Epoxy Resin, Page: 15
STECON
บริษัท ชิโน ไทย เอนจิเนีย แอนด์ ดอน ห น จํากัด (181)
SING-THAL ENGINEERING COCHO PONTE DAPser FSTED
RP-TN-02
REPAIR WITH EPOXY RESIN
PROJECT: SEWERAGE TUNNEL BUNG NONG BON TO
CHAOPHRAYA RIVER
15
วัสดุ ซ่อม แบบผง
ปนเปื้อนในท่อระบาย
น้ำเสีย
วิธีการแก้ไข
มาตรการการป้องกันผลกระทบ
ปิดทางระบายท่อน้ำทิ้ง แล้วกำจัดน้ำที่ แบ่งพื้นที่สำหรับงานซ่อมแซม ห้ามใช้วัสดุ
ปนเปื้อนในท่อระบายออก ห้ามทิ้งน้ำที่ ซ่อมนอกพื้นที่ที่จัดเตรียมไว้โดยเด็ดขาด หาก
ปนเปื้อนลงพื้นดินโดยเด็ดขาด หาก บรรจุภัณฑ์ฉีกขาด ให้เปลี่ยนบรรจุภัณฑ์ใหม่
ปนเปื้อนในปริมาณมากจนไม่สามารถ หรือภาชนะที่สามารถปิดมิดชิดได้ ห้ามนำ
กำจัดทิ้งได้ จะต้องติดต่อหน่วยงานที่ บรรจุภัณฑ์เก่ามาใช้โดยเด็ดขาด
สามารถกำจัดสารเคมีได้ทันที
วัสดุ ซ่อมแบบผง แจ้งหน่วยงานของรัฐที่ดูแลเรื่อง จัดพื้นที่สำหรับงานซ่อมแซม ให้อยู่ห่างจาก
ปนเปื้อนในแหล่งน้ำ สิ่งแวดล้อมทันที เนื่องจากวัสดุซ่อม แหล่งน้ำธรรมชาติ เพื่อป้องกันการปนเปื้อน
ดังกล่าวก่อให้เกิดผลกระทบต่อสิ่งมีชีวิต และจัดให้มีบ่อพักน้ำและบ่อบำบัดก่อนปล่อย
ธรรมชาติ
โดยตรง
[4] Chapter: Guildline For Repair, Page: 7
STECON
บวิชา โน-ไทย เ คีเนียชิ่ง แอนด์ คอนสตรัคชั่น จํากัด (มหาชน)
Project: SEWERAGE TUNNEL BUNG NONG BON
SING THAI ENGINEERING & CONSTRUCTION PUBLIC COMPANY LIMITED
TO CHAOPHRAYA RIVER
ตารางแสดงวัสดุที่ใช้ซ่อมแซมความเสียหายประเภทต่างๆ
ประเภทของวัสดุซ่อมแซม
ประเภท
วิธีการ
ความ
Method
Reference | ปูนฉาบ | ปูนฉาบ
ซ่อม
อพอก
อีพ็อกซี่
วัสดุ
ซ่อม
ซเรซน มอรตาร เชอม
เชื่อม
เสียหาย
ซ่อมแซม
กำลังอัด
ประสาน
สูง
คอนกรีต
Repair with
Cementitious
RP-TN-01
Crack
Mortar
Repair with
RE-TN-02
Epoxy Resin
Repair with
Spalling
Cementitious
RP-TN-03
Edge
Mortar
Repair with
Spalling
Cementitious
RP-TN-03
Recesses
Mortar
Repair with
Voids or
Cementitious
RP-TN-04
Blowholes
Mortar
Repair with High
RP-TN-05
Strength Mortar
Document No.","16
บริษัท ชิโน-ไทย เอนจีเนีย ง แอนด์ คอนสตรัคชั่น จํากัด (มหาชน)
STECON
SING THAI ENGINEERING & CONSTRUCTION PUBLIC COMPANY LIMITEDE
Project: SEWERAGE TUNNEL BUNG NONG BON
TO CHAOPHRAYA RIVER
O RP-TN-02 (Crack Repair With Epoxy Resin)
วิธีการ Repair With Epoxy Resin ใช้ในการซ่อมแซมรอยร้าวทั่วไปที่มีความกว้างตั้งแต่ 0.3 mm.
[2] Chapter: Repair With Epoxy Resin, Page: 15
STECON
บริษัท ชิโน ไทย เอนจิเนีย แอนด์ ดอน ห น จํากัด (181)
SING-THAL ENGINEERING COCHO PONTE DAPser FSTED
RP-TN-02
REPAIR WITH EPOXY RESIN
PROJECT: SEWERAGE TUNNEL BUNG NONG BON TO
CHAOPHRAYA RIVER
15
วัสดุ ซ่อม แบบผง
ปนเปื้อนในท่อระบาย
น้ำเสีย
วิธีการแก้ไข
มาตรการการป้องกันผลกระทบ
ปิดทางระบายท่อน้ำทิ้ง แล้วกำจัดน้ำที่ แบ่งพื้นที่สำหรับงานซ่อมแซม ห้ามใช้วัสดุ
ปนเปื้อนในท่อระบายออก ห้ามทิ้งน้ำที่ ซ่อมนอกพื้นที่ที่จัดเตรียมไว้โดยเด็ดขาด หาก
ปนเปื้อนลงพื้นดินโดยเด็ดขาด หาก บรรจุภัณฑ์ฉีกขาด ให้เปลี่ยนบรรจุภัณฑ์ใหม่
ปนเปื้อนในปริมาณมากจนไม่สามารถ หรือภาชนะที่สามารถปิดมิดชิดได้ ห้ามนำ
กำจัดทิ้งได้ จะต้องติดต่อหน่วยงานที่ บรรจุภัณฑ์เก่ามาใช้โดยเด็ดขาด
สามารถกำจัดสารเคมีได้ทันที
วัสดุ ซ่อมแบบผง แจ้งหน่วยงานของรัฐที่ดูแลเรื่อง จัดพื้นที่สำหรับงานซ่อมแซม ให้อยู่ห่างจาก
ปนเปื้อนในแหล่งน้ำ สิ่งแวดล้อมทันที เนื่องจากวัสดุซ่อม แหล่งน้ำธรรมชาติ เพื่อป้องกันการปนเปื้อน
ดังกล่าวก่อให้เกิดผลกระทบต่อสิ่งมีชีวิต และจัดให้มีบ่อพักน้ำและบ่อบำบัดก่อนปล่อย
ธรรมชาติ
โดยตรง
[4] Chapter: Guildline For Repair, Page: 7
STECON
บวิชา โน-ไทย เ คีเนียชิ่ง แอนด์ คอนสตรัคชั่น จํากัด (มหาชน)
Project: SEWERAGE TUNNEL BUNG NONG BON
SING THAI ENGINEERING & CONSTRUCTION PUBLIC COMPANY LIMITED
TO CHAOPHRAYA RIVER
ตารางแสดงวัสดุที่ใช้ซ่อมแซมความเสียหายประเภทต่างๆ
ประเภทของวัสดุซ่อมแซม
ประเภท
วิธีการ
ความ
Method
Reference | ปูนฉาบ | ปูนฉาบ
ซ่อม
อพอก
อีพ็อกซี่
วัสดุ
ซ่อม
ซเรซน มอรตาร เชอม
เชื่อม
เสียหาย
ซ่อมแซม
กำลังอัด
ประสาน
สูง
คอนกรีต
Repair with
Cementitious
RP-TN-01
Crack
Mortar
Repair with
RE-TN-02
Epoxy Resin
Repair with
Spalling
Cementitious
RP-TN-03
Edge
Mortar
Repair with
Spalling
Cementitious
RP-TN-03
Recesses
Mortar
Repair with
Voids or
Cementitious
RP-TN-04
Blowholes
Mortar
Repair with High
RP-TN-05
Strength Mortar
Document No.",extractive-fallback,"[1] Chapter: Repair With Epoxy Resin, Page: 16
บริษัท ชิโน-ไทย เอนจีเนีย ง แอนด์ คอนสตรัคชั่น จํากัด (มหาชน)
STECON
SING THAI ENGINEERING & CONSTRUCTION PUBLIC COMPANY LIMITEDE
Project: SEWERAGE TUNNEL BUNG NONG BON
TO CHAOPHRAYA RIVER
O RP-TN-02 (Crack Repair With Epoxy Resin)
วิธีการ Repair With Epoxy Resin ใช้ในการซ่อมแซมรอยร้าวทั่วไปที่มีความกว้างตั้งแต่ 0.3 mm.
[2] Chapter: Repair With Epoxy Resin, Page: 15
STECON
บริษัท ชิโน ไทย เอนจิเนีย แอนด์ ดอน ห น จํากัด (181)
SING-THAL ENGINEERING COCHO PONTE DAPser FSTED
RP-TN-02
REPAIR WITH EPOXY RESIN
PROJECT: SEWERAGE TUNNEL BUNG NONG BON TO
CHAOPHRAYA RIVER
15
วัสดุ ซ่อม แบบผง
ปนเปื้อนในท่อระบาย
น้ำเสีย
วิธีการแก้ไข
มาตรการการป้องกันผลกระทบ
ปิดทางระบายท่อน้ำทิ้ง แล้วกำจัดน้ำที่ แบ่งพื้นที่สำหรับงานซ่อมแซม ห้ามใช้วัสดุ
ปนเปื้อนในท่อระบายออก ห้ามทิ้งน้ำที่ ซ่อมนอกพื้นที่ที่จัดเตรียมไว้โดยเด็ดขาด หาก
ปนเปื้อนลงพื้นดินโดยเด็ดขาด หาก บรรจุภัณฑ์ฉีกขาด ให้เปลี่ยนบรรจุภัณฑ์ใหม่
ปนเปื้อนในปริมาณมากจนไม่สามารถ หรือภาชนะที่สามารถปิดมิดชิดได้ ห้ามนำ
กำจัดทิ้งได้ จะต้องติดต่อหน่วยงานที่ บรรจุภัณฑ์เก่ามาใช้โดยเด็ดขาด
สามารถกำจัดสารเคมีได้ทันที
วัสดุ ซ่อมแบบผง แจ้งหน่วยงานของรัฐที่ดูแลเรื่อง จัดพื้นที่สำหรับงานซ่อมแซม ให้อยู่ห่างจาก
ปนเปื้อนในแหล่งน้ำ สิ่งแวดล้อมทันที เนื่องจากวัสดุซ่อม แหล่งน้ำธรรมชาติ เพื่อป้องกันการปนเปื้อน
ดังกล่าวก่อให้เกิดผลกระทบต่อสิ่งมีชีวิต และจัดให้มีบ่อพักน้ำและบ่อบำบัดก่อนปล่อย
ธรรมชาติ
โดยตรง
[4] Chapter: Guildline For Repair, Page: 7
STECON
บวิชา โน-ไทย เ คีเนียชิ่ง แอนด์ คอนสตรัคชั่น จํากัด (มหาชน)
Project: SEWERAGE TUNNEL BUNG NONG BON
SING THAI ENGINEERING & CONSTRUCTION PUBLIC COMPANY LIMITED
TO CHAOPHRAYA RIVER
ตารางแสดงวัสดุที่ใช้ซ่อมแซมความเสียหายประเภทต่างๆ
ประเภทของวัสดุซ่อมแซม
ประเภท
วิธีการ
ความ
Method
Reference | ปูนฉาบ | ปูนฉาบ
ซ่อม
อพอก
อีพ็อกซี่
วัสดุ
ซ่อม
ซเรซน มอรตาร เชอม
เชื่อม
เสียหาย
ซ่อมแซม
กำลังอัด
ประสาน
สูง
คอนกรีต
Repair with
Cementitious
RP-TN-01
Crack
Mortar
Repair with
RE-TN-02
Epoxy Resin
Repair with
Spalling
Cementitious
RP-TN-03
Edge
Mortar
Repair with
Spalling
Cementitious
RP-TN-03
Recesses
Mortar
Repair with
Voids or
Cementitious
RP-TN-04
Blowholes
Mortar
Repair with High
RP-TN-05
Strength Mortar
Document No.",Construction-Related,Human Risk,"[1] Chapter: Repair With Epoxy Resin, Page: 16
บริษัท ชิโน-ไทย เอนจีเนีย ง แอนด์ คอนสตรัคชั่น จํากัด (มหาชน)
STECON
SING THAI ENGINEERING & CONSTRUCTION PUBLIC COMPANY LIMITEDE
Project: SEWERAGE TUNNEL BUNG NONG BON
TO CHAOPHRAYA RIVER
O RP-TN-02 (Crack Repair With Epoxy Resin)
วิธีการ Repair With Epoxy Resin ใช้ในการซ่อมแซมรอยร้าวทั่วไปที่มีความกว้างตั้งแต่ 0.3 mm.
[2] Chapter: Repair With Epoxy Resin, Page: 15
STECON
บริษัท ชิโน ไทย เอนจิเนีย แอนด์ ดอน ห น จํากัด (181)
SING-THAL ENGINEERING COCHO PONTE DAPser FSTED
RP-TN-02
REPAIR WITH EPOXY RESIN
PROJECT: SEWERAGE TUNNEL BUNG NONG BON TO
CHAOPHRAYA RIVER
15
วัสดุ ซ่อม แบบผง
ปนเปื้อนในท่อระบาย
น้ำเสีย
วิธีการแก้ไข
มาตรการการป้องกันผลกระทบ
ปิดทางระบายท่อน้ำทิ้ง แล้วกำจัดน้ำที่ แบ่งพื้นที่สำหรับงานซ่อมแซม ห้ามใช้วัสดุ
ปนเปื้อนในท่อระบายออก ห้ามทิ้งน้ำที่ ซ่อมนอกพื้นที่ที่จัดเตรียมไว้โดยเด็ดขาด หาก
ปนเปื้อนลงพื้นดินโดยเด็ดขาด หาก บรรจุภัณฑ์ฉีกขาด ให้เปลี่ยนบรรจุภัณฑ์ใหม่
ปนเปื้อนในปริมาณมากจนไม่สามารถ หรือภาชนะที่สามารถปิดมิดชิดได้ ห้ามนำ
กำจัดทิ้งได้ จะต้องติดต่อหน่วยงานที่ บรรจุภัณฑ์เก่ามาใช้โดยเด็ดขาด
สามารถกำจัดสารเคมีได้ทันที
วัสดุ ซ่อมแบบผง แจ้งหน่วยงานของรัฐที่ดูแลเรื่อง จัดพื้นที่สำหรับงานซ่อมแซม ให้อยู่ห่างจาก
ปนเปื้อนในแหล่งน้ำ สิ่งแวดล้อมทันที เนื่องจากวัสดุซ่อม แหล่งน้ำธรรมชาติ เพื่อป้องกันการปนเปื้อน
ดังกล่าวก่อให้เกิดผลกระทบต่อสิ่งมีชีวิต และจัดให้มีบ่อพักน้ำและบ่อบำบัดก่อนปล่อย
ธรรมชาติ
โดยตรง
[4] Chapter: Guildline For Repair, Page: 7
STECON
บวิชา โน-ไทย เ คีเนียชิ่ง แอนด์ คอนสตรัคชั่น จํากัด (มหาชน)
Project: SEWERAGE TUNNEL BUNG NONG BON
SING THAI ENGINEERING & CONSTRUCTION PUBLIC COMPANY LIMITED
TO CHAOPHRAYA RIVER
ตารางแสดงวัสดุที่ใช้ซ่อมแซมความเสียหายประเภทต่างๆ
ประเภทของวัสดุซ่อมแซม
ประเภท
วิธีการ
ความ
Method
Reference | ปูนฉาบ | ปูนฉาบ
ซ่อม
อพอก
อีพ็อกซี่
วัสดุ
ซ่อม
ซเรซน มอรตาร เชอม
เชื่อม
เสียหาย
ซ่อมแซม
กำลังอัด
ประสาน
สูง
คอนกรีต
Repair with
Cementitious
RP-TN-01
Crack
Mortar
Repair with
RE-TN-02
Epoxy Resin
Repair with
Spalling
Cementitious
RP-TN-03
Edge
Mortar
Repair with
Spalling
Cementitious
RP-TN-03
Recesses
Mortar
Repair with
Voids or
Cementitious
RP-TN-04
Blowholes
Mortar
Repair with High
RP-TN-05
Strength Mortar
Document No.","16
บริษัท ชิโน-ไทย เอนจีเนีย ง แอนด์ คอนสตรัคชั่น จํากัด (มหาชน)
STECON
SING THAI ENGINEERING & CONSTRUCTION PUBLIC COMPANY LIMITEDE
Project: SEWERAGE TUNNEL BUNG NONG BON
TO CHAOPHRAYA RIVER
O RP-TN-02 (Crack Repair With Epoxy Resin)
วิธีการ Repair With Epoxy Resin ใช้ในการซ่อมแซมรอยร้าวทั่วไปที่มีความกว้างตั้งแต่ 0.3 mm.
[2] Chapter: Repair With Epoxy Resin, Page: 15
STECON
บริษัท ชิโน ไทย เอนจิเนีย แอนด์ ดอน ห น จํากัด (181)
SING-THAL ENGINEERING COCHO PONTE DAPser FSTED
RP-TN-02
REPAIR WITH EPOXY RESIN
PROJECT: SEWERAGE TUNNEL BUNG NONG BON TO
CHAOPHRAYA RIVER
15
วัสดุ ซ่อม แบบผง
ปนเปื้อนในท่อระบาย
น้ำเสีย
วิธีการแก้ไข
มาตรการการป้องกันผลกระทบ
ปิดทางระบายท่อน้ำทิ้ง แล้วกำจัดน้ำที่ แบ่งพื้นที่สำหรับงานซ่อมแซม ห้ามใช้วัสดุ
ปนเปื้อนในท่อระบายออก ห้ามทิ้งน้ำที่ ซ่อมนอกพื้นที่ที่จัดเตรียมไว้โดยเด็ดขาด หาก
ปนเปื้อนลงพื้นดินโดยเด็ดขาด หาก บรรจุภัณฑ์ฉีกขาด ให้เปลี่ยนบรรจุภัณฑ์ใหม่
ปนเปื้อนในปริมาณมากจนไม่สามารถ หรือภาชนะที่สามารถปิดมิดชิดได้ ห้ามนำ
กำจัดทิ้งได้ จะต้องติดต่อหน่วยงานที่ บรรจุภัณฑ์เก่ามาใช้โดยเด็ดขาด
สามารถกำจัดสารเคมีได้ทันที
วัสดุ ซ่อมแบบผง แจ้งหน่วยงานของรัฐที่ดูแลเรื่อง จัดพื้นที่สำหรับงานซ่อมแซม ให้อยู่ห่างจาก
ปนเปื้อนในแหล่งน้ำ สิ่งแวดล้อมทันที เนื่องจากวัสดุซ่อม แหล่งน้ำธรรมชาติ เพื่อป้องกันการปนเปื้อน
ดังกล่าวก่อให้เกิดผลกระทบต่อสิ่งมีชีวิต และจัดให้มีบ่อพักน้ำและบ่อบำบัดก่อนปล่อย
ธรรมชาติ
โดยตรง
[4] Chapter: Guildline For Repair, Page: 7
STECON
บวิชา โน-ไทย เ คีเนียชิ่ง แอนด์ คอนสตรัคชั่น จํากัด (มหาชน)
Project: SEWERAGE TUNNEL BUNG NONG BON
SING THAI ENGINEERING & CONSTRUCTION PUBLIC COMPANY LIMITED
TO CHAOPHRAYA RIVER
ตารางแสดงวัสดุที่ใช้ซ่อมแซมความเสียหายประเภทต่างๆ
ประเภทของวัสดุซ่อมแซม
ประเภท
วิธีการ
ความ
Method
Reference | ปูนฉาบ | ปูนฉาบ
ซ่อม
อพอก
อีพ็อกซี่
วัสดุ
ซ่อม
ซเรซน มอรตาร เชอม
เชื่อม
เสียหาย
ซ่อมแซม
กำลังอัด
ประสาน
สูง
คอนกรีต
Repair with
Cementitious
RP-TN-01
Crack
Mortar
Repair with
RE-TN-02
Epoxy Resin
Repair with
Spalling
Cementitious
RP-TN-03
Edge
Mortar
Repair with
Spalling
Cementitious
RP-TN-03
Recesses
Mortar
Repair with
Voids or
Cementitious
RP-TN-04
Blowholes
Mortar
Repair with High
RP-TN-05
Strength Mortar
Document No.",extractive-fallback,"[1] Chapter: Repair With Epoxy Resin, Page: 16
บริษัท ชิโน-ไทย เอนจีเนีย ง แอนด์ คอนสตรัคชั่น จํากัด (มหาชน)
STECON
SING THAI ENGINEERING & CONSTRUCTION PUBLIC COMPANY LIMITEDE
Project: SEWERAGE TUNNEL BUNG NONG BON
TO CHAOPHRAYA RIVER
O RP-TN-02 (Crack Repair With Epoxy Resin)
วิธีการ Repair With Epoxy Resin ใช้ในการซ่อมแซมรอยร้าวทั่วไปที่มีความกว้างตั้งแต่ 0.3 mm.
[2] Chapter: Repair With Epoxy Resin, Page: 15
STECON
บริษัท ชิโน ไทย เอนจิเนีย แอนด์ ดอน ห น จํากัด (181)
SING-THAL ENGINEERING COCHO PONTE DAPser FSTED
RP-TN-02
REPAIR WITH EPOXY RESIN
PROJECT: SEWERAGE TUNNEL BUNG NONG BON TO
CHAOPHRAYA RIVER
15
วัสดุ ซ่อม แบบผง
ปนเปื้อนในท่อระบาย
น้ำเสีย
วิธีการแก้ไข
มาตรการการป้องกันผลกระทบ
ปิดทางระบายท่อน้ำทิ้ง แล้วกำจัดน้ำที่ แบ่งพื้นที่สำหรับงานซ่อมแซม ห้ามใช้วัสดุ
ปนเปื้อนในท่อระบายออก ห้ามทิ้งน้ำที่ ซ่อมนอกพื้นที่ที่จัดเตรียมไว้โดยเด็ดขาด หาก
ปนเปื้อนลงพื้นดินโดยเด็ดขาด หาก บรรจุภัณฑ์ฉีกขาด ให้เปลี่ยนบรรจุภัณฑ์ใหม่
ปนเปื้อนในปริมาณมากจนไม่สามารถ หรือภาชนะที่สามารถปิดมิดชิดได้ ห้ามนำ
กำจัดทิ้งได้ จะต้องติดต่อหน่วยงานที่ บรรจุภัณฑ์เก่ามาใช้โดยเด็ดขาด
สามารถกำจัดสารเคมีได้ทันที
วัสดุ ซ่อมแบบผง แจ้งหน่วยงานของรัฐที่ดูแลเรื่อง จัดพื้นที่สำหรับงานซ่อมแซม ให้อยู่ห่างจาก
ปนเปื้อนในแหล่งน้ำ สิ่งแวดล้อมทันที เนื่องจากวัสดุซ่อม แหล่งน้ำธรรมชาติ เพื่อป้องกันการปนเปื้อน
ดังกล่าวก่อให้เกิดผลกระทบต่อสิ่งมีชีวิต และจัดให้มีบ่อพักน้ำและบ่อบำบัดก่อนปล่อย
ธรรมชาติ
โดยตรง
[4] Chapter: Guildline For Repair, Page: 7
STECON
บวิชา โน-ไทย เ คีเนียชิ่ง แอนด์ คอนสตรัคชั่น จํากัด (มหาชน)
Project: SEWERAGE TUNNEL BUNG NONG BON
SING THAI ENGINEERING & CONSTRUCTION PUBLIC COMPANY LIMITED
TO CHAOPHRAYA RIVER
ตารางแสดงวัสดุที่ใช้ซ่อมแซมความเสียหายประเภทต่างๆ
ประเภทของวัสดุซ่อมแซม
ประเภท
วิธีการ
ความ
Method
Reference | ปูนฉาบ | ปูนฉาบ
ซ่อม
อพอก
อีพ็อกซี่
วัสดุ
ซ่อม
ซเรซน มอรตาร เชอม
เชื่อม
เสียหาย
ซ่อมแซม
กำลังอัด
ประสาน
สูง
คอนกรีต
Repair with
Cementitious
RP-TN-01
Crack
Mortar
Repair with
RE-TN-02
Epoxy Resin
Repair with
Spalling
Cementitious
RP-TN-03
Edge
Mortar
Repair with
Spalling
Cementitious
RP-TN-03
Recesses
Mortar
Repair with
Voids or
Cementitious
RP-TN-04
Blowholes
Mortar
Repair with High
RP-TN-05
Strength Mortar
Document No.",Construction-Related,Human Risk,"[1] Chapter: Repair With Epoxy Resin, Page: 16
บริษัท ชิโน-ไทย เอนจีเนีย ง แอนด์ คอนสตรัคชั่น จํากัด (มหาชน)
STECON
SING THAI ENGINEERING & CONSTRUCTION PUBLIC COMPANY LIMITEDE
Project: SEWERAGE TUNNEL BUNG NONG BON
TO CHAOPHRAYA RIVER
O RP-TN-02 (Crack Repair With Epoxy Resin)
วิธีการ Repair With Epoxy Resin ใช้ในการซ่อมแซมรอยร้าวทั่วไปที่มีความกว้างตั้งแต่ 0.3 mm.
[2] Chapter: Repair With Epoxy Resin, Page: 15
STECON
บริษัท ชิโน ไทย เอนจิเนีย แอนด์ ดอน ห น จํากัด (181)
SING-THAL ENGINEERING COCHO PONTE DAPser FSTED
RP-TN-02
REPAIR WITH EPOXY RESIN
PROJECT: SEWERAGE TUNNEL BUNG NONG BON TO
CHAOPHRAYA RIVER
15
วัสดุ ซ่อม แบบผง
ปนเปื้อนในท่อระบาย
น้ำเสีย
วิธีการแก้ไข
มาตรการการป้องกันผลกระทบ
ปิดทางระบายท่อน้ำทิ้ง แล้วกำจัดน้ำที่ แบ่งพื้นที่สำหรับงานซ่อมแซม ห้ามใช้วัสดุ
ปนเปื้อนในท่อระบายออก ห้ามทิ้งน้ำที่ ซ่อมนอกพื้นที่ที่จัดเตรียมไว้โดยเด็ดขาด หาก
ปนเปื้อนลงพื้นดินโดยเด็ดขาด หาก บรรจุภัณฑ์ฉีกขาด ให้เปลี่ยนบรรจุภัณฑ์ใหม่
ปนเปื้อนในปริมาณมากจนไม่สามารถ หรือภาชนะที่สามารถปิดมิดชิดได้ ห้ามนำ
กำจัดทิ้งได้ จะต้องติดต่อหน่วยงานที่ บรรจุภัณฑ์เก่ามาใช้โดยเด็ดขาด
สามารถกำจัดสารเคมีได้ทันที
วัสดุ ซ่อมแบบผง แจ้งหน่วยงานของรัฐที่ดูแลเรื่อง จัดพื้นที่สำหรับงานซ่อมแซม ให้อยู่ห่างจาก
ปนเปื้อนในแหล่งน้ำ สิ่งแวดล้อมทันที เนื่องจากวัสดุซ่อม แหล่งน้ำธรรมชาติ เพื่อป้องกันการปนเปื้อน
ดังกล่าวก่อให้เกิดผลกระทบต่อสิ่งมีชีวิต และจัดให้มีบ่อพักน้ำและบ่อบำบัดก่อนปล่อย
ธรรมชาติ
โดยตรง
[4] Chapter: Guildline For Repair, Page: 7
STECON
บวิชา โน-ไทย เ คีเนียชิ่ง แอนด์ คอนสตรัคชั่น จํากัด (มหาชน)
Project: SEWERAGE TUNNEL BUNG NONG BON
SING THAI ENGINEERING & CONSTRUCTION PUBLIC COMPANY LIMITED
TO CHAOPHRAYA RIVER
ตารางแสดงวัสดุที่ใช้ซ่อมแซมความเสียหายประเภทต่างๆ
ประเภทของวัสดุซ่อมแซม
ประเภท
วิธีการ
ความ
Method
Reference | ปูนฉาบ | ปูนฉาบ
ซ่อม
อพอก
อีพ็อกซี่
วัสดุ
ซ่อม
ซเรซน มอรตาร เชอม
เชื่อม
เสียหาย
ซ่อมแซม
กำลังอัด
ประสาน
สูง
คอนกรีต
Repair with
Cementitious
RP-TN-01
Crack
Mortar
Repair with
RE-TN-02
Epoxy Resin
Repair with
Spalling
Cementitious
RP-TN-03
Edge
Mortar
Repair with
Spalling
Cementitious
RP-TN-03
Recesses
Mortar
Repair with
Voids or
Cementitious
RP-TN-04
Blowholes
Mortar
Repair with High
RP-TN-05
Strength Mortar
Document No.","16
บริษัท ชิโน-ไทย เอนจีเนีย ง แอนด์ คอนสตรัคชั่น จํากัด (มหาชน)
STECON
SING THAI ENGINEERING & CONSTRUCTION PUBLIC COMPANY LIMITEDE
Project: SEWERAGE TUNNEL BUNG NONG BON
TO CHAOPHRAYA RIVER
O RP-TN-02 (Crack Repair With Epoxy Resin)
วิธีการ Repair With Epoxy Resin ใช้ในการซ่อมแซมรอยร้าวทั่วไปที่มีความกว้างตั้งแต่ 0.3 mm.
[2] Chapter: Repair With Epoxy Resin, Page: 15
STECON
บริษัท ชิโน ไทย เอนจิเนีย แอนด์ ดอน ห น จํากัด (181)
SING-THAL ENGINEERING COCHO PONTE DAPser FSTED
RP-TN-02
REPAIR WITH EPOXY RESIN
PROJECT: SEWERAGE TUNNEL BUNG NONG BON TO
CHAOPHRAYA RIVER
15
วัสดุ ซ่อม แบบผง
ปนเปื้อนในท่อระบาย
น้ำเสีย
วิธีการแก้ไข
มาตรการการป้องกันผลกระทบ
ปิดทางระบายท่อน้ำทิ้ง แล้วกำจัดน้ำที่ แบ่งพื้นที่สำหรับงานซ่อมแซม ห้ามใช้วัสดุ
ปนเปื้อนในท่อระบายออก ห้ามทิ้งน้ำที่ ซ่อมนอกพื้นที่ที่จัดเตรียมไว้โดยเด็ดขาด หาก
ปนเปื้อนลงพื้นดินโดยเด็ดขาด หาก บรรจุภัณฑ์ฉีกขาด ให้เปลี่ยนบรรจุภัณฑ์ใหม่
ปนเปื้อนในปริมาณมากจนไม่สามารถ หรือภาชนะที่สามารถปิดมิดชิดได้ ห้ามนำ
กำจัดทิ้งได้ จะต้องติดต่อหน่วยงานที่ บรรจุภัณฑ์เก่ามาใช้โดยเด็ดขาด
สามารถกำจัดสารเคมีได้ทันที
วัสดุ ซ่อมแบบผง แจ้งหน่วยงานของรัฐที่ดูแลเรื่อง จัดพื้นที่สำหรับงานซ่อมแซม ให้อยู่ห่างจาก
ปนเปื้อนในแหล่งน้ำ สิ่งแวดล้อมทันที เนื่องจากวัสดุซ่อม แหล่งน้ำธรรมชาติ เพื่อป้องกันการปนเปื้อน
ดังกล่าวก่อให้เกิดผลกระทบต่อสิ่งมีชีวิต และจัดให้มีบ่อพักน้ำและบ่อบำบัดก่อนปล่อย
ธรรมชาติ
โดยตรง
[4] Chapter: Guildline For Repair, Page: 7
STECON
บวิชา โน-ไทย เ คีเนียชิ่ง แอนด์ คอนสตรัคชั่น จํากัด (มหาชน)
Project: SEWERAGE TUNNEL BUNG NONG BON
SING THAI ENGINEERING & CONSTRUCTION PUBLIC COMPANY LIMITED
TO CHAOPHRAYA RIVER
ตารางแสดงวัสดุที่ใช้ซ่อมแซมความเสียหายประเภทต่างๆ
ประเภทของวัสดุซ่อมแซม
ประเภท
วิธีการ
ความ
Method
Reference | ปูนฉาบ | ปูนฉาบ
ซ่อม
อพอก
อีพ็อกซี่
วัสดุ
ซ่อม
ซเรซน มอรตาร เชอม
เชื่อม
เสียหาย
ซ่อมแซม
กำลังอัด
ประสาน
สูง
คอนกรีต
Repair with
Cementitious
RP-TN-01
Crack
Mortar
Repair with
RE-TN-02
Epoxy Resin
Repair with
Spalling
Cementitious
RP-TN-03
Edge
Mortar
Repair with
Spalling
Cementitious
RP-TN-03
Recesses
Mortar
Repair with
Voids or
Cementitious
RP-TN-04
Blowholes
Mortar
Repair with High
RP-TN-05
Strength Mortar
Document No.",extractive-fallback,"[1] Chapter: Repair With Epoxy Resin, Page: 16
บริษัท ชิโน-ไทย เอนจีเนีย ง แอนด์ คอนสตรัคชั่น จํากัด (มหาชน)
STECON
SING THAI ENGINEERING & CONSTRUCTION PUBLIC COMPANY LIMITEDE
Project: SEWERAGE TUNNEL BUNG NONG BON
TO CHAOPHRAYA RIVER
O RP-TN-02 (Crack Repair With Epoxy Resin)
วิธีการ Repair With Epoxy Resin ใช้ในการซ่อมแซมรอยร้าวทั่วไปที่มีความกว้างตั้งแต่ 0.3 mm.
[2] Chapter: Repair With Epoxy Resin, Page: 15
STECON
บริษัท ชิโน ไทย เอนจิเนีย แอนด์ ดอน ห น จํากัด (181)
SING-THAL ENGINEERING COCHO PONTE DAPser FSTED
RP-TN-02
REPAIR WITH EPOXY RESIN
PROJECT: SEWERAGE TUNNEL BUNG NONG BON TO
CHAOPHRAYA RIVER
15
วัสดุ ซ่อม แบบผง
ปนเปื้อนในท่อระบาย
น้ำเสีย
วิธีการแก้ไข
มาตรการการป้องกันผลกระทบ
ปิดทางระบายท่อน้ำทิ้ง แล้วกำจัดน้ำที่ แบ่งพื้นที่สำหรับงานซ่อมแซม ห้ามใช้วัสดุ
ปนเปื้อนในท่อระบายออก ห้ามทิ้งน้ำที่ ซ่อมนอกพื้นที่ที่จัดเตรียมไว้โดยเด็ดขาด หาก
ปนเปื้อนลงพื้นดินโดยเด็ดขาด หาก บรรจุภัณฑ์ฉีกขาด ให้เปลี่ยนบรรจุภัณฑ์ใหม่
ปนเปื้อนในปริมาณมากจนไม่สามารถ หรือภาชนะที่สามารถปิดมิดชิดได้ ห้ามนำ
กำจัดทิ้งได้ จะต้องติดต่อหน่วยงานที่ บรรจุภัณฑ์เก่ามาใช้โดยเด็ดขาด
สามารถกำจัดสารเคมีได้ทันที
วัสดุ ซ่อมแบบผง แจ้งหน่วยงานของรัฐที่ดูแลเรื่อง จัดพื้นที่สำหรับงานซ่อมแซม ให้อยู่ห่างจาก
ปนเปื้อนในแหล่งน้ำ สิ่งแวดล้อมทันที เนื่องจากวัสดุซ่อม แหล่งน้ำธรรมชาติ เพื่อป้องกันการปนเปื้อน
ดังกล่าวก่อให้เกิดผลกระทบต่อสิ่งมีชีวิต และจัดให้มีบ่อพักน้ำและบ่อบำบัดก่อนปล่อย
ธรรมชาติ
โดยตรง
[4] Chapter: Guildline For Repair, Page: 7
STECON
บวิชา โน-ไทย เ คีเนียชิ่ง แอนด์ คอนสตรัคชั่น จํากัด (มหาชน)
Project: SEWERAGE TUNNEL BUNG NONG BON
SING THAI ENGINEERING & CONSTRUCTION PUBLIC COMPANY LIMITED
TO CHAOPHRAYA RIVER
ตารางแสดงวัสดุที่ใช้ซ่อมแซมความเสียหายประเภทต่างๆ
ประเภทของวัสดุซ่อมแซม
ประเภท
วิธีการ
ความ
Method
Reference | ปูนฉาบ | ปูนฉาบ
ซ่อม
อพอก
อีพ็อกซี่
วัสดุ
ซ่อม
ซเรซน มอรตาร เชอม
เชื่อม
เสียหาย
ซ่อมแซม
กำลังอัด
ประสาน
สูง
คอนกรีต
Repair with
Cementitious
RP-TN-01
Crack
Mortar
Repair with
RE-TN-02
Epoxy Resin
Repair with
Spalling
Cementitious
RP-TN-03
Edge
Mortar
Repair with
Spalling
Cementitious
RP-TN-03
Recesses
Mortar
Repair with
Voids or
Cementitious
RP-TN-04
Blowholes
Mortar
Repair with High
RP-TN-05
Strength Mortar
Document No.",Construction-Related,Human Risk,"[1] Chapter: Repair With Epoxy Resin, Page: 16
บริษัท ชิโน-ไทย เอนจีเนีย ง แอนด์ คอนสตรัคชั่น จํากัด (มหาชน)
STECON
SING THAI ENGINEERING & CONSTRUCTION PUBLIC COMPANY LIMITEDE
Project: SEWERAGE TUNNEL BUNG NONG BON
TO CHAOPHRAYA RIVER
O RP-TN-02 (Crack Repair With Epoxy Resin)
วิธีการ Repair With Epoxy Resin ใช้ในการซ่อมแซมรอยร้าวทั่วไปที่มีความกว้างตั้งแต่ 0.3 mm.
[2] Chapter: Repair With Epoxy Resin, Page: 15
STECON
บริษัท ชิโน ไทย เอนจิเนีย แอนด์ ดอน ห น จํากัด (181)
SING-THAL ENGINEERING COCHO PONTE DAPser FSTED
RP-TN-02
REPAIR WITH EPOXY RESIN
PROJECT: SEWERAGE TUNNEL BUNG NONG BON TO
CHAOPHRAYA RIVER
15
วัสดุ ซ่อม แบบผง
ปนเปื้อนในท่อระบาย
น้ำเสีย
วิธีการแก้ไข
มาตรการการป้องกันผลกระทบ
ปิดทางระบายท่อน้ำทิ้ง แล้วกำจัดน้ำที่ แบ่งพื้นที่สำหรับงานซ่อมแซม ห้ามใช้วัสดุ
ปนเปื้อนในท่อระบายออก ห้ามทิ้งน้ำที่ ซ่อมนอกพื้นที่ที่จัดเตรียมไว้โดยเด็ดขาด หาก
ปนเปื้อนลงพื้นดินโดยเด็ดขาด หาก บรรจุภัณฑ์ฉีกขาด ให้เปลี่ยนบรรจุภัณฑ์ใหม่
ปนเปื้อนในปริมาณมากจนไม่สามารถ หรือภาชนะที่สามารถปิดมิดชิดได้ ห้ามนำ
กำจัดทิ้งได้ จะต้องติดต่อหน่วยงานที่ บรรจุภัณฑ์เก่ามาใช้โดยเด็ดขาด
สามารถกำจัดสารเคมีได้ทันที
วัสดุ ซ่อมแบบผง แจ้งหน่วยงานของรัฐที่ดูแลเรื่อง จัดพื้นที่สำหรับงานซ่อมแซม ให้อยู่ห่างจาก
ปนเปื้อนในแหล่งน้ำ สิ่งแวดล้อมทันที เนื่องจากวัสดุซ่อม แหล่งน้ำธรรมชาติ เพื่อป้องกันการปนเปื้อน
ดังกล่าวก่อให้เกิดผลกระทบต่อสิ่งมีชีวิต และจัดให้มีบ่อพักน้ำและบ่อบำบัดก่อนปล่อย
ธรรมชาติ
โดยตรง
[4] Chapter: Guildline For Repair, Page: 7
STECON
บวิชา โน-ไทย เ คีเนียชิ่ง แอนด์ คอนสตรัคชั่น จํากัด (มหาชน)
Project: SEWERAGE TUNNEL BUNG NONG BON
SING THAI ENGINEERING & CONSTRUCTION PUBLIC COMPANY LIMITED
TO CHAOPHRAYA RIVER
ตารางแสดงวัสดุที่ใช้ซ่อมแซมความเสียหายประเภทต่างๆ
ประเภทของวัสดุซ่อมแซม
ประเภท
วิธีการ
ความ
Method
Reference | ปูนฉาบ | ปูนฉาบ
ซ่อม
อพอก
อีพ็อกซี่
วัสดุ
ซ่อม
ซเรซน มอรตาร เชอม
เชื่อม
เสียหาย
ซ่อมแซม
กำลังอัด
ประสาน
สูง
คอนกรีต
Repair with
Cementitious
RP-TN-01
Crack
Mortar
Repair with
RE-TN-02
Epoxy Resin
Repair with
Spalling
Cementitious
RP-TN-03
Edge
Mortar
Repair with
Spalling
Cementitious
RP-TN-03
Recesses
Mortar
Repair with
Voids or
Cementitious
RP-TN-04
Blowholes
Mortar
Repair with High
RP-TN-05
Strength Mortar
Document No.","16
บริษัท ชิโน-ไทย เอนจีเนีย ง แอนด์ คอนสตรัคชั่น จํากัด (มหาชน)
STECON
SING THAI ENGINEERING & CONSTRUCTION PUBLIC COMPANY LIMITEDE
Project: SEWERAGE TUNNEL BUNG NONG BON
TO CHAOPHRAYA RIVER
O RP-TN-02 (Crack Repair With Epoxy Resin)
วิธีการ Repair With Epoxy Resin ใช้ในการซ่อมแซมรอยร้าวทั่วไปที่มีความกว้างตั้งแต่ 0.3 mm.
[2] Chapter: Repair With Epoxy Resin, Page: 15
STECON
บริษัท ชิโน ไทย เอนจิเนีย แอนด์ ดอน ห น จํากัด (181)
SING-THAL ENGINEERING COCHO PONTE DAPser FSTED
RP-TN-02
REPAIR WITH EPOXY RESIN
PROJECT: SEWERAGE TUNNEL BUNG NONG BON TO
CHAOPHRAYA RIVER
15
วัสดุ ซ่อม แบบผง
ปนเปื้อนในท่อระบาย
น้ำเสีย
วิธีการแก้ไข
มาตรการการป้องกันผลกระทบ
ปิดทางระบายท่อน้ำทิ้ง แล้วกำจัดน้ำที่ แบ่งพื้นที่สำหรับงานซ่อมแซม ห้ามใช้วัสดุ
ปนเปื้อนในท่อระบายออก ห้ามทิ้งน้ำที่ ซ่อมนอกพื้นที่ที่จัดเตรียมไว้โดยเด็ดขาด หาก
ปนเปื้อนลงพื้นดินโดยเด็ดขาด หาก บรรจุภัณฑ์ฉีกขาด ให้เปลี่ยนบรรจุภัณฑ์ใหม่
ปนเปื้อนในปริมาณมากจนไม่สามารถ หรือภาชนะที่สามารถปิดมิดชิดได้ ห้ามนำ
กำจัดทิ้งได้ จะต้องติดต่อหน่วยงานที่ บรรจุภัณฑ์เก่ามาใช้โดยเด็ดขาด
สามารถกำจัดสารเคมีได้ทันที
วัสดุ ซ่อมแบบผง แจ้งหน่วยงานของรัฐที่ดูแลเรื่อง จัดพื้นที่สำหรับงานซ่อมแซม ให้อยู่ห่างจาก
ปนเปื้อนในแหล่งน้ำ สิ่งแวดล้อมทันที เนื่องจากวัสดุซ่อม แหล่งน้ำธรรมชาติ เพื่อป้องกันการปนเปื้อน
ดังกล่าวก่อให้เกิดผลกระทบต่อสิ่งมีชีวิต และจัดให้มีบ่อพักน้ำและบ่อบำบัดก่อนปล่อย
ธรรมชาติ
โดยตรง
[4] Chapter: Guildline For Repair, Page: 7
STECON
บวิชา โน-ไทย เ คีเนียชิ่ง แอนด์ คอนสตรัคชั่น จํากัด (มหาชน)
Project: SEWERAGE TUNNEL BUNG NONG BON
SING THAI ENGINEERING & CONSTRUCTION PUBLIC COMPANY LIMITED
TO CHAOPHRAYA RIVER
ตารางแสดงวัสดุที่ใช้ซ่อมแซมความเสียหายประเภทต่างๆ
ประเภทของวัสดุซ่อมแซม
ประเภท
วิธีการ
ความ
Method
Reference | ปูนฉาบ | ปูนฉาบ
ซ่อม
อพอก
อีพ็อกซี่
วัสดุ
ซ่อม
ซเรซน มอรตาร เชอม
เชื่อม
เสียหาย
ซ่อมแซม
กำลังอัด
ประสาน
สูง
คอนกรีต
Repair with
Cementitious
RP-TN-01
Crack
Mortar
Repair with
RE-TN-02
Epoxy Resin
Repair with
Spalling
Cementitious
RP-TN-03
Edge
Mortar
Repair with
Spalling
Cementitious
RP-TN-03
Recesses
Mortar
Repair with
Voids or
Cementitious
RP-TN-04
Blowholes
Mortar
Repair with High
RP-TN-05
Strength Mortar
Document No.",extractive-fallback,"[1] Chapter: Repair With Epoxy Resin, Page: 16
บริษัท ชิโน-ไทย เอนจีเนีย ง แอนด์ คอนสตรัคชั่น จํากัด (มหาชน)
STECON
SING THAI ENGINEERING & CONSTRUCTION PUBLIC COMPANY LIMITEDE
Project: SEWERAGE TUNNEL BUNG NONG BON
TO CHAOPHRAYA RIVER
O RP-TN-02 (Crack Repair With Epoxy Resin)
วิธีการ Repair With Epoxy Resin ใช้ในการซ่อมแซมรอยร้าวทั่วไปที่มีความกว้างตั้งแต่ 0.3 mm.
[2] Chapter: Repair With Epoxy Resin, Page: 15
STECON
บริษัท ชิโน ไทย เอนจิเนีย แอนด์ ดอน ห น จํากัด (181)
SING-THAL ENGINEERING COCHO PONTE DAPser FSTED
RP-TN-02
REPAIR WITH EPOXY RESIN
PROJECT: SEWERAGE TUNNEL BUNG NONG BON TO
CHAOPHRAYA RIVER
15
วัสดุ ซ่อม แบบผง
ปนเปื้อนในท่อระบาย
น้ำเสีย
วิธีการแก้ไข
มาตรการการป้องกันผลกระทบ
ปิดทางระบายท่อน้ำทิ้ง แล้วกำจัดน้ำที่ แบ่งพื้นที่สำหรับงานซ่อมแซม ห้ามใช้วัสดุ
ปนเปื้อนในท่อระบายออก ห้ามทิ้งน้ำที่ ซ่อมนอกพื้นที่ที่จัดเตรียมไว้โดยเด็ดขาด หาก
ปนเปื้อนลงพื้นดินโดยเด็ดขาด หาก บรรจุภัณฑ์ฉีกขาด ให้เปลี่ยนบรรจุภัณฑ์ใหม่
ปนเปื้อนในปริมาณมากจนไม่สามารถ หรือภาชนะที่สามารถปิดมิดชิดได้ ห้ามนำ
กำจัดทิ้งได้ จะต้องติดต่อหน่วยงานที่ บรรจุภัณฑ์เก่ามาใช้โดยเด็ดขาด
สามารถกำจัดสารเคมีได้ทันที
วัสดุ ซ่อมแบบผง แจ้งหน่วยงานของรัฐที่ดูแลเรื่อง จัดพื้นที่สำหรับงานซ่อมแซม ให้อยู่ห่างจาก
ปนเปื้อนในแหล่งน้ำ สิ่งแวดล้อมทันที เนื่องจากวัสดุซ่อม แหล่งน้ำธรรมชาติ เพื่อป้องกันการปนเปื้อน
ดังกล่าวก่อให้เกิดผลกระทบต่อสิ่งมีชีวิต และจัดให้มีบ่อพักน้ำและบ่อบำบัดก่อนปล่อย
ธรรมชาติ
โดยตรง
[4] Chapter: Guildline For Repair, Page: 7
STECON
บวิชา โน-ไทย เ คีเนียชิ่ง แอนด์ คอนสตรัคชั่น จํากัด (มหาชน)
Project: SEWERAGE TUNNEL BUNG NONG BON
SING THAI ENGINEERING & CONSTRUCTION PUBLIC COMPANY LIMITED
TO CHAOPHRAYA RIVER
ตารางแสดงวัสดุที่ใช้ซ่อมแซมความเสียหายประเภทต่างๆ
ประเภทของวัสดุซ่อมแซม
ประเภท
วิธีการ
ความ
Method
Reference | ปูนฉาบ | ปูนฉาบ
ซ่อม
อพอก
อีพ็อกซี่
วัสดุ
ซ่อม
ซเรซน มอรตาร เชอม
เชื่อม
เสียหาย
ซ่อมแซม
กำลังอัด
ประสาน
สูง
คอนกรีต
Repair with
Cementitious
RP-TN-01
Crack
Mortar
Repair with
RE-TN-02
Epoxy Resin
Repair with
Spalling
Cementitious
RP-TN-03
Edge
Mortar
Repair with
Spalling
Cementitious
RP-TN-03
Recesses
Mortar
Repair with
Voids or
Cementitious
RP-TN-04
Blowholes
Mortar
Repair with High
RP-TN-05
Strength Mortar
Document No."
 วัสดุประเภทอีพ็อกซี่มอร์ต้าร์ (Epoxy Mortar) ที่เสนอขออนุมัติใช้งานมีชื่อรุ่นอะไรบ้าง, Sikadur 41 CF Normal และ Sikadur 31 CF Normal,8,Construction-Related,Material,"Repair mortar shall contain no calcium chloride or gypsum.
As repair and bonding mortar for:
Concrete elements
Hard natural stone
Ceramics, fiber cement
Mortar, Bricks, Masonry
Steel, Iron, Aluminium
Wood
Polyester, Epoxy
Glass
As a repair mortar:
Filling of cavities and voids
Vertical and overhead use
As an abrasion and impact resistant wearing course.
[5] Chapter: Materials Data Sheet, Page: 115
Repair Mortar No.135/135 F will cover approximately 2.25 m²
SPECIFICATION GUIDE
Repair mortar shall be a Portland Cement base system such as
High Strength Repair Mortar No.135 / 135 F or and approved
equal.
[2] Chapter: Guildline For Repair, Page: 7
STECON
บวิชา โน-ไทย เ คีเนียชิ่ง แอนด์ คอนสตรัคชั่น จํากัด (มหาชน)
Project: SEWERAGE TUNNEL BUNG NONG BON
SING THAI ENGINEERING & CONSTRUCTION PUBLIC COMPANY LIMITED
TO CHAOPHRAYA RIVER
ตารางแสดงวัสดุที่ใช้ซ่อมแซมความเสียหายประเภทต่างๆ
ประเภทของวัสดุซ่อมแซม
ประเภท
วิธีการ
ความ
Method
Reference | ปูนฉาบ | ปูนฉาบ
ซ่อม
อพอก
อีพ็อกซี่
วัสดุ
ซ่อม
ซเรซน มอรตาร เชอม
เชื่อม
เสียหาย
ซ่อมแซม
กำลังอัด
ประสาน
สูง
คอนกรีต
Repair with
Cementitious
RP-TN-01
Crack
Mortar
Repair with
RE-TN-02
Epoxy Resin
Repair with
Spalling
Cementitious
RP-TN-03
Edge
Mortar
Repair with
Spalling
Cementitious
RP-TN-03
Recesses
Mortar
Repair with
Voids or
Cementitious
RP-TN-04
Blowholes
Mortar
Repair with High
RP-TN-05
Strength Mortar
Document No.
[4] Chapter: Repair With Epoxy Resin, Page: 16
บริษัท ชิโน-ไทย เอนจีเนีย ง แอนด์ คอนสตรัคชั่น จํากัด (มหาชน)
STECON
SING THAI ENGINEERING & CONSTRUCTION PUBLIC COMPANY LIMITEDE
Project: SEWERAGE TUNNEL BUNG NONG BON
TO CHAOPHRAYA RIVER
O RP-TN-02 (Crack Repair With Epoxy Resin)
วิธีการ Repair With Epoxy Resin ใช้ในการซ่อมแซมรอยร้าวทั่วไปที่มีความกว้างตั้งแต่ 0.3 mm.","115
Repair Mortar No.135/135 F will cover approximately 2.25 m²
SPECIFICATION GUIDE
Repair mortar shall be a Portland Cement base system such as
High Strength Repair Mortar No.135 / 135 F or and approved
equal.
[2] Chapter: Guildline For Repair, Page: 7
STECON
บวิชา โน-ไทย เ คีเนียชิ่ง แอนด์ คอนสตรัคชั่น จํากัด (มหาชน)
Project: SEWERAGE TUNNEL BUNG NONG BON
SING THAI ENGINEERING & CONSTRUCTION PUBLIC COMPANY LIMITED
TO CHAOPHRAYA RIVER
ตารางแสดงวัสดุที่ใช้ซ่อมแซมความเสียหายประเภทต่างๆ
ประเภทของวัสดุซ่อมแซม
ประเภท
วิธีการ
ความ
Method
Reference | ปูนฉาบ | ปูนฉาบ
ซ่อม
อพอก
อีพ็อกซี่
วัสดุ
ซ่อม
ซเรซน มอรตาร เชอม
เชื่อม
เสียหาย
ซ่อมแซม
กำลังอัด
ประสาน
สูง
คอนกรีต
Repair with
Cementitious
RP-TN-01
Crack
Mortar
Repair with
RE-TN-02
Epoxy Resin
Repair with
Spalling
Cementitious
RP-TN-03
Edge
Mortar
Repair with
Spalling
Cementitious
RP-TN-03
Recesses
Mortar
Repair with
Voids or
Cementitious
RP-TN-04
Blowholes
Mortar
Repair with High
RP-TN-05
Strength Mortar
Document No.
[4] Chapter: Repair With Epoxy Resin, Page: 16
บริษัท ชิโน-ไทย เอนจีเนีย ง แอนด์ คอนสตรัคชั่น จํากัด (มหาชน)
STECON
SING THAI ENGINEERING & CONSTRUCTION PUBLIC COMPANY LIMITEDE
Project: SEWERAGE TUNNEL BUNG NONG BON
TO CHAOPHRAYA RIVER
O RP-TN-02 (Crack Repair With Epoxy Resin)
วิธีการ Repair With Epoxy Resin ใช้ในการซ่อมแซมรอยร้าวทั่วไปที่มีความกว้างตั้งแต่ 0.3 mm.",extractive-fallback,"Repair mortar shall contain no calcium chloride or gypsum.
As repair and bonding mortar for:
Concrete elements
Hard natural stone
Ceramics, fiber cement
Mortar, Bricks, Masonry
Steel, Iron, Aluminium
Wood
Polyester, Epoxy
Glass
As a repair mortar:
Filling of cavities and voids
Vertical and overhead use
As an abrasion and impact resistant wearing course.
[5] Chapter: Materials Data Sheet, Page: 115
Repair Mortar No.135/135 F will cover approximately 2.25 m²
SPECIFICATION GUIDE
Repair mortar shall be a Portland Cement base system such as
High Strength Repair Mortar No.135 / 135 F or and approved
equal.
[2] Chapter: Guildline For Repair, Page: 7
STECON
บวิชา โน-ไทย เ คีเนียชิ่ง แอนด์ คอนสตรัคชั่น จํากัด (มหาชน)
Project: SEWERAGE TUNNEL BUNG NONG BON
SING THAI ENGINEERING & CONSTRUCTION PUBLIC COMPANY LIMITED
TO CHAOPHRAYA RIVER
ตารางแสดงวัสดุที่ใช้ซ่อมแซมความเสียหายประเภทต่างๆ
ประเภทของวัสดุซ่อมแซม
ประเภท
วิธีการ
ความ
Method
Reference | ปูนฉาบ | ปูนฉาบ
ซ่อม
อพอก
อีพ็อกซี่
วัสดุ
ซ่อม
ซเรซน มอรตาร เชอม
เชื่อม
เสียหาย
ซ่อมแซม
กำลังอัด
ประสาน
สูง
คอนกรีต
Repair with
Cementitious
RP-TN-01
Crack
Mortar
Repair with
RE-TN-02
Epoxy Resin
Repair with
Spalling
Cementitious
RP-TN-03
Edge
Mortar
Repair with
Spalling
Cementitious
RP-TN-03
Recesses
Mortar
Repair with
Voids or
Cementitious
RP-TN-04
Blowholes
Mortar
Repair with High
RP-TN-05
Strength Mortar
Document No.
[4] Chapter: Repair With Epoxy Resin, Page: 16
บริษัท ชิโน-ไทย เอนจีเนีย ง แอนด์ คอนสตรัคชั่น จํากัด (มหาชน)
STECON
SING THAI ENGINEERING & CONSTRUCTION PUBLIC COMPANY LIMITEDE
Project: SEWERAGE TUNNEL BUNG NONG BON
TO CHAOPHRAYA RIVER
O RP-TN-02 (Crack Repair With Epoxy Resin)
วิธีการ Repair With Epoxy Resin ใช้ในการซ่อมแซมรอยร้าวทั่วไปที่มีความกว้างตั้งแต่ 0.3 mm.",Construction-Related,Material,"Repair mortar shall contain no calcium chloride or gypsum.
As repair and bonding mortar for:
Concrete elements
Hard natural stone
Ceramics, fiber cement
Mortar, Bricks, Masonry
Steel, Iron, Aluminium
Wood
Polyester, Epoxy
Glass
As a repair mortar:
Filling of cavities and voids
Vertical and overhead use
As an abrasion and impact resistant wearing course.
[5] Chapter: Materials Data Sheet, Page: 115
Repair Mortar No.135/135 F will cover approximately 2.25 m²
SPECIFICATION GUIDE
Repair mortar shall be a Portland Cement base system such as
High Strength Repair Mortar No.135 / 135 F or and approved
equal.
[2] Chapter: Guildline For Repair, Page: 7
STECON
บวิชา โน-ไทย เ คีเนียชิ่ง แอนด์ คอนสตรัคชั่น จํากัด (มหาชน)
Project: SEWERAGE TUNNEL BUNG NONG BON
SING THAI ENGINEERING & CONSTRUCTION PUBLIC COMPANY LIMITED
TO CHAOPHRAYA RIVER
ตารางแสดงวัสดุที่ใช้ซ่อมแซมความเสียหายประเภทต่างๆ
ประเภทของวัสดุซ่อมแซม
ประเภท
วิธีการ
ความ
Method
Reference | ปูนฉาบ | ปูนฉาบ
ซ่อม
อพอก
อีพ็อกซี่
วัสดุ
ซ่อม
ซเรซน มอรตาร เชอม
เชื่อม
เสียหาย
ซ่อมแซม
กำลังอัด
ประสาน
สูง
คอนกรีต
Repair with
Cementitious
RP-TN-01
Crack
Mortar
Repair with
RE-TN-02
Epoxy Resin
Repair with
Spalling
Cementitious
RP-TN-03
Edge
Mortar
Repair with
Spalling
Cementitious
RP-TN-03
Recesses
Mortar
Repair with
Voids or
Cementitious
RP-TN-04
Blowholes
Mortar
Repair with High
RP-TN-05
Strength Mortar
Document No.
[4] Chapter: Repair With Epoxy Resin, Page: 16
บริษัท ชิโน-ไทย เอนจีเนีย ง แอนด์ คอนสตรัคชั่น จํากัด (มหาชน)
STECON
SING THAI ENGINEERING & CONSTRUCTION PUBLIC COMPANY LIMITEDE
Project: SEWERAGE TUNNEL BUNG NONG BON
TO CHAOPHRAYA RIVER
O RP-TN-02 (Crack Repair With Epoxy Resin)
วิธีการ Repair With Epoxy Resin ใช้ในการซ่อมแซมรอยร้าวทั่วไปที่มีความกว้างตั้งแต่ 0.3 mm.","115
Repair Mortar No.135/135 F will cover approximately 2.25 m²
SPECIFICATION GUIDE
Repair mortar shall be a Portland Cement base system such as
High Strength Repair Mortar No.135 / 135 F or and approved
equal.
[2] Chapter: Guildline For Repair, Page: 7
STECON
บวิชา โน-ไทย เ คีเนียชิ่ง แอนด์ คอนสตรัคชั่น จํากัด (มหาชน)
Project: SEWERAGE TUNNEL BUNG NONG BON
SING THAI ENGINEERING & CONSTRUCTION PUBLIC COMPANY LIMITED
TO CHAOPHRAYA RIVER
ตารางแสดงวัสดุที่ใช้ซ่อมแซมความเสียหายประเภทต่างๆ
ประเภทของวัสดุซ่อมแซม
ประเภท
วิธีการ
ความ
Method
Reference | ปูนฉาบ | ปูนฉาบ
ซ่อม
อพอก
อีพ็อกซี่
วัสดุ
ซ่อม
ซเรซน มอรตาร เชอม
เชื่อม
เสียหาย
ซ่อมแซม
กำลังอัด
ประสาน
สูง
คอนกรีต
Repair with
Cementitious
RP-TN-01
Crack
Mortar
Repair with
RE-TN-02
Epoxy Resin
Repair with
Spalling
Cementitious
RP-TN-03
Edge
Mortar
Repair with
Spalling
Cementitious
RP-TN-03
Recesses
Mortar
Repair with
Voids or
Cementitious
RP-TN-04
Blowholes
Mortar
Repair with High
RP-TN-05
Strength Mortar
Document No.
[4] Chapter: Repair With Epoxy Resin, Page: 16
บริษัท ชิโน-ไทย เอนจีเนีย ง แอนด์ คอนสตรัคชั่น จํากัด (มหาชน)
STECON
SING THAI ENGINEERING & CONSTRUCTION PUBLIC COMPANY LIMITEDE
Project: SEWERAGE TUNNEL BUNG NONG BON
TO CHAOPHRAYA RIVER
O RP-TN-02 (Crack Repair With Epoxy Resin)
วิธีการ Repair With Epoxy Resin ใช้ในการซ่อมแซมรอยร้าวทั่วไปที่มีความกว้างตั้งแต่ 0.3 mm.",extractive-fallback,"Repair mortar shall contain no calcium chloride or gypsum.
As repair and bonding mortar for:
Concrete elements
Hard natural stone
Ceramics, fiber cement
Mortar, Bricks, Masonry
Steel, Iron, Aluminium
Wood
Polyester, Epoxy
Glass
As a repair mortar:
Filling of cavities and voids
Vertical and overhead use
As an abrasion and impact resistant wearing course.
[5] Chapter: Materials Data Sheet, Page: 115
Repair Mortar No.135/135 F will cover approximately 2.25 m²
SPECIFICATION GUIDE
Repair mortar shall be a Portland Cement base system such as
High Strength Repair Mortar No.135 / 135 F or and approved
equal.
[2] Chapter: Guildline For Repair, Page: 7
STECON
บวิชา โน-ไทย เ คีเนียชิ่ง แอนด์ คอนสตรัคชั่น จํากัด (มหาชน)
Project: SEWERAGE TUNNEL BUNG NONG BON
SING THAI ENGINEERING & CONSTRUCTION PUBLIC COMPANY LIMITED
TO CHAOPHRAYA RIVER
ตารางแสดงวัสดุที่ใช้ซ่อมแซมความเสียหายประเภทต่างๆ
ประเภทของวัสดุซ่อมแซม
ประเภท
วิธีการ
ความ
Method
Reference | ปูนฉาบ | ปูนฉาบ
ซ่อม
อพอก
อีพ็อกซี่
วัสดุ
ซ่อม
ซเรซน มอรตาร เชอม
เชื่อม
เสียหาย
ซ่อมแซม
กำลังอัด
ประสาน
สูง
คอนกรีต
Repair with
Cementitious
RP-TN-01
Crack
Mortar
Repair with
RE-TN-02
Epoxy Resin
Repair with
Spalling
Cementitious
RP-TN-03
Edge
Mortar
Repair with
Spalling
Cementitious
RP-TN-03
Recesses
Mortar
Repair with
Voids or
Cementitious
RP-TN-04
Blowholes
Mortar
Repair with High
RP-TN-05
Strength Mortar
Document No.
[4] Chapter: Repair With Epoxy Resin, Page: 16
บริษัท ชิโน-ไทย เอนจีเนีย ง แอนด์ คอนสตรัคชั่น จํากัด (มหาชน)
STECON
SING THAI ENGINEERING & CONSTRUCTION PUBLIC COMPANY LIMITEDE
Project: SEWERAGE TUNNEL BUNG NONG BON
TO CHAOPHRAYA RIVER
O RP-TN-02 (Crack Repair With Epoxy Resin)
วิธีการ Repair With Epoxy Resin ใช้ในการซ่อมแซมรอยร้าวทั่วไปที่มีความกว้างตั้งแต่ 0.3 mm.",Construction-Related,Material,"Repair mortar shall contain no calcium chloride or gypsum.
As repair and bonding mortar for:
Concrete elements
Hard natural stone
Ceramics, fiber cement
Mortar, Bricks, Masonry
Steel, Iron, Aluminium
Wood
Polyester, Epoxy
Glass
As a repair mortar:
Filling of cavities and voids
Vertical and overhead use
As an abrasion and impact resistant wearing course.
[5] Chapter: Materials Data Sheet, Page: 115
Repair Mortar No.135/135 F will cover approximately 2.25 m²
SPECIFICATION GUIDE
Repair mortar shall be a Portland Cement base system such as
High Strength Repair Mortar No.135 / 135 F or and approved
equal.
[2] Chapter: Guildline For Repair, Page: 7
STECON
บวิชา โน-ไทย เ คีเนียชิ่ง แอนด์ คอนสตรัคชั่น จํากัด (มหาชน)
Project: SEWERAGE TUNNEL BUNG NONG BON
SING THAI ENGINEERING & CONSTRUCTION PUBLIC COMPANY LIMITED
TO CHAOPHRAYA RIVER
ตารางแสดงวัสดุที่ใช้ซ่อมแซมความเสียหายประเภทต่างๆ
ประเภทของวัสดุซ่อมแซม
ประเภท
วิธีการ
ความ
Method
Reference | ปูนฉาบ | ปูนฉาบ
ซ่อม
อพอก
อีพ็อกซี่
วัสดุ
ซ่อม
ซเรซน มอรตาร เชอม
เชื่อม
เสียหาย
ซ่อมแซม
กำลังอัด
ประสาน
สูง
คอนกรีต
Repair with
Cementitious
RP-TN-01
Crack
Mortar
Repair with
RE-TN-02
Epoxy Resin
Repair with
Spalling
Cementitious
RP-TN-03
Edge
Mortar
Repair with
Spalling
Cementitious
RP-TN-03
Recesses
Mortar
Repair with
Voids or
Cementitious
RP-TN-04
Blowholes
Mortar
Repair with High
RP-TN-05
Strength Mortar
Document No.
[4] Chapter: Repair With Epoxy Resin, Page: 16
บริษัท ชิโน-ไทย เอนจีเนีย ง แอนด์ คอนสตรัคชั่น จํากัด (มหาชน)
STECON
SING THAI ENGINEERING & CONSTRUCTION PUBLIC COMPANY LIMITEDE
Project: SEWERAGE TUNNEL BUNG NONG BON
TO CHAOPHRAYA RIVER
O RP-TN-02 (Crack Repair With Epoxy Resin)
วิธีการ Repair With Epoxy Resin ใช้ในการซ่อมแซมรอยร้าวทั่วไปที่มีความกว้างตั้งแต่ 0.3 mm.","115
Repair Mortar No.135/135 F will cover approximately 2.25 m²
SPECIFICATION GUIDE
Repair mortar shall be a Portland Cement base system such as
High Strength Repair Mortar No.135 / 135 F or and approved
equal.
[2] Chapter: Guildline For Repair, Page: 7
STECON
บวิชา โน-ไทย เ คีเนียชิ่ง แอนด์ คอนสตรัคชั่น จํากัด (มหาชน)
Project: SEWERAGE TUNNEL BUNG NONG BON
SING THAI ENGINEERING & CONSTRUCTION PUBLIC COMPANY LIMITED
TO CHAOPHRAYA RIVER
ตารางแสดงวัสดุที่ใช้ซ่อมแซมความเสียหายประเภทต่างๆ
ประเภทของวัสดุซ่อมแซม
ประเภท
วิธีการ
ความ
Method
Reference | ปูนฉาบ | ปูนฉาบ
ซ่อม
อพอก
อีพ็อกซี่
วัสดุ
ซ่อม
ซเรซน มอรตาร เชอม
เชื่อม
เสียหาย
ซ่อมแซม
กำลังอัด
ประสาน
สูง
คอนกรีต
Repair with
Cementitious
RP-TN-01
Crack
Mortar
Repair with
RE-TN-02
Epoxy Resin
Repair with
Spalling
Cementitious
RP-TN-03
Edge
Mortar
Repair with
Spalling
Cementitious
RP-TN-03
Recesses
Mortar
Repair with
Voids or
Cementitious
RP-TN-04
Blowholes
Mortar
Repair with High
RP-TN-05
Strength Mortar
Document No.
[4] Chapter: Repair With Epoxy Resin, Page: 16
บริษัท ชิโน-ไทย เอนจีเนีย ง แอนด์ คอนสตรัคชั่น จํากัด (มหาชน)
STECON
SING THAI ENGINEERING & CONSTRUCTION PUBLIC COMPANY LIMITEDE
Project: SEWERAGE TUNNEL BUNG NONG BON
TO CHAOPHRAYA RIVER
O RP-TN-02 (Crack Repair With Epoxy Resin)
วิธีการ Repair With Epoxy Resin ใช้ในการซ่อมแซมรอยร้าวทั่วไปที่มีความกว้างตั้งแต่ 0.3 mm.",extractive-fallback,"Repair mortar shall contain no calcium chloride or gypsum.
As repair and bonding mortar for:
Concrete elements
Hard natural stone
Ceramics, fiber cement
Mortar, Bricks, Masonry
Steel, Iron, Aluminium
Wood
Polyester, Epoxy
Glass
As a repair mortar:
Filling of cavities and voids
Vertical and overhead use
As an abrasion and impact resistant wearing course.
[5] Chapter: Materials Data Sheet, Page: 115
Repair Mortar No.135/135 F will cover approximately 2.25 m²
SPECIFICATION GUIDE
Repair mortar shall be a Portland Cement base system such as
High Strength Repair Mortar No.135 / 135 F or and approved
equal.
[2] Chapter: Guildline For Repair, Page: 7
STECON
บวิชา โน-ไทย เ คีเนียชิ่ง แอนด์ คอนสตรัคชั่น จํากัด (มหาชน)
Project: SEWERAGE TUNNEL BUNG NONG BON
SING THAI ENGINEERING & CONSTRUCTION PUBLIC COMPANY LIMITED
TO CHAOPHRAYA RIVER
ตารางแสดงวัสดุที่ใช้ซ่อมแซมความเสียหายประเภทต่างๆ
ประเภทของวัสดุซ่อมแซม
ประเภท
วิธีการ
ความ
Method
Reference | ปูนฉาบ | ปูนฉาบ
ซ่อม
อพอก
อีพ็อกซี่
วัสดุ
ซ่อม
ซเรซน มอรตาร เชอม
เชื่อม
เสียหาย
ซ่อมแซม
กำลังอัด
ประสาน
สูง
คอนกรีต
Repair with
Cementitious
RP-TN-01
Crack
Mortar
Repair with
RE-TN-02
Epoxy Resin
Repair with
Spalling
Cementitious
RP-TN-03
Edge
Mortar
Repair with
Spalling
Cementitious
RP-TN-03
Recesses
Mortar
Repair with
Voids or
Cementitious
RP-TN-04
Blowholes
Mortar
Repair with High
RP-TN-05
Strength Mortar
Document No.
[4] Chapter: Repair With Epoxy Resin, Page: 16
บริษัท ชิโน-ไทย เอนจีเนีย ง แอนด์ คอนสตรัคชั่น จํากัด (มหาชน)
STECON
SING THAI ENGINEERING & CONSTRUCTION PUBLIC COMPANY LIMITEDE
Project: SEWERAGE TUNNEL BUNG NONG BON
TO CHAOPHRAYA RIVER
O RP-TN-02 (Crack Repair With Epoxy Resin)
วิธีการ Repair With Epoxy Resin ใช้ในการซ่อมแซมรอยร้าวทั่วไปที่มีความกว้างตั้งแต่ 0.3 mm.",Construction-Related,Material,"Repair mortar shall contain no calcium chloride or gypsum.
As repair and bonding mortar for:
Concrete elements
Hard natural stone
Ceramics, fiber cement
Mortar, Bricks, Masonry
Steel, Iron, Aluminium
Wood
Polyester, Epoxy
Glass
As a repair mortar:
Filling of cavities and voids
Vertical and overhead use
As an abrasion and impact resistant wearing course.
[5] Chapter: Materials Data Sheet, Page: 115
Repair Mortar No.135/135 F will cover approximately 2.25 m²
SPECIFICATION GUIDE
Repair mortar shall be a Portland Cement base system such as
High Strength Repair Mortar No.135 / 135 F or and approved
equal.
[2] Chapter: Guildline For Repair, Page: 7
STECON
บวิชา โน-ไทย เ คีเนียชิ่ง แอนด์ คอนสตรัคชั่น จํากัด (มหาชน)
Project: SEWERAGE TUNNEL BUNG NONG BON
SING THAI ENGINEERING & CONSTRUCTION PUBLIC COMPANY LIMITED
TO CHAOPHRAYA RIVER
ตารางแสดงวัสดุที่ใช้ซ่อมแซมความเสียหายประเภทต่างๆ
ประเภทของวัสดุซ่อมแซม
ประเภท
วิธีการ
ความ
Method
Reference | ปูนฉาบ | ปูนฉาบ
ซ่อม
อพอก
อีพ็อกซี่
วัสดุ
ซ่อม
ซเรซน มอรตาร เชอม
เชื่อม
เสียหาย
ซ่อมแซม
กำลังอัด
ประสาน
สูง
คอนกรีต
Repair with
Cementitious
RP-TN-01
Crack
Mortar
Repair with
RE-TN-02
Epoxy Resin
Repair with
Spalling
Cementitious
RP-TN-03
Edge
Mortar
Repair with
Spalling
Cementitious
RP-TN-03
Recesses
Mortar
Repair with
Voids or
Cementitious
RP-TN-04
Blowholes
Mortar
Repair with High
RP-TN-05
Strength Mortar
Document No.
[4] Chapter: Repair With Epoxy Resin, Page: 16
บริษัท ชิโน-ไทย เอนจีเนีย ง แอนด์ คอนสตรัคชั่น จํากัด (มหาชน)
STECON
SING THAI ENGINEERING & CONSTRUCTION PUBLIC COMPANY LIMITEDE
Project: SEWERAGE TUNNEL BUNG NONG BON
TO CHAOPHRAYA RIVER
O RP-TN-02 (Crack Repair With Epoxy Resin)
วิธีการ Repair With Epoxy Resin ใช้ในการซ่อมแซมรอยร้าวทั่วไปที่มีความกว้างตั้งแต่ 0.3 mm.","115
Repair Mortar No.135/135 F will cover approximately 2.25 m²
SPECIFICATION GUIDE
Repair mortar shall be a Portland Cement base system such as
High Strength Repair Mortar No.135 / 135 F or and approved
equal.
[2] Chapter: Guildline For Repair, Page: 7
STECON
บวิชา โน-ไทย เ คีเนียชิ่ง แอนด์ คอนสตรัคชั่น จํากัด (มหาชน)
Project: SEWERAGE TUNNEL BUNG NONG BON
SING THAI ENGINEERING & CONSTRUCTION PUBLIC COMPANY LIMITED
TO CHAOPHRAYA RIVER
ตารางแสดงวัสดุที่ใช้ซ่อมแซมความเสียหายประเภทต่างๆ
ประเภทของวัสดุซ่อมแซม
ประเภท
วิธีการ
ความ
Method
Reference | ปูนฉาบ | ปูนฉาบ
ซ่อม
อพอก
อีพ็อกซี่
วัสดุ
ซ่อม
ซเรซน มอรตาร เชอม
เชื่อม
เสียหาย
ซ่อมแซม
กำลังอัด
ประสาน
สูง
คอนกรีต
Repair with
Cementitious
RP-TN-01
Crack
Mortar
Repair with
RE-TN-02
Epoxy Resin
Repair with
Spalling
Cementitious
RP-TN-03
Edge
Mortar
Repair with
Spalling
Cementitious
RP-TN-03
Recesses
Mortar
Repair with
Voids or
Cementitious
RP-TN-04
Blowholes
Mortar
Repair with High
RP-TN-05
Strength Mortar
Document No.
[4] Chapter: Repair With Epoxy Resin, Page: 16
บริษัท ชิโน-ไทย เอนจีเนีย ง แอนด์ คอนสตรัคชั่น จํากัด (มหาชน)
STECON
SING THAI ENGINEERING & CONSTRUCTION PUBLIC COMPANY LIMITEDE
Project: SEWERAGE TUNNEL BUNG NONG BON
TO CHAOPHRAYA RIVER
O RP-TN-02 (Crack Repair With Epoxy Resin)
วิธีการ Repair With Epoxy Resin ใช้ในการซ่อมแซมรอยร้าวทั่วไปที่มีความกว้างตั้งแต่ 0.3 mm.",extractive-fallback,"Repair mortar shall contain no calcium chloride or gypsum.
As repair and bonding mortar for:
Concrete elements
Hard natural stone
Ceramics, fiber cement
Mortar, Bricks, Masonry
Steel, Iron, Aluminium
Wood
Polyester, Epoxy
Glass
As a repair mortar:
Filling of cavities and voids
Vertical and overhead use
As an abrasion and impact resistant wearing course.
[5] Chapter: Materials Data Sheet, Page: 115
Repair Mortar No.135/135 F will cover approximately 2.25 m²
SPECIFICATION GUIDE
Repair mortar shall be a Portland Cement base system such as
High Strength Repair Mortar No.135 / 135 F or and approved
equal.
[2] Chapter: Guildline For Repair, Page: 7
STECON
บวิชา โน-ไทย เ คีเนียชิ่ง แอนด์ คอนสตรัคชั่น จํากัด (มหาชน)
Project: SEWERAGE TUNNEL BUNG NONG BON
SING THAI ENGINEERING & CONSTRUCTION PUBLIC COMPANY LIMITED
TO CHAOPHRAYA RIVER
ตารางแสดงวัสดุที่ใช้ซ่อมแซมความเสียหายประเภทต่างๆ
ประเภทของวัสดุซ่อมแซม
ประเภท
วิธีการ
ความ
Method
Reference | ปูนฉาบ | ปูนฉาบ
ซ่อม
อพอก
อีพ็อกซี่
วัสดุ
ซ่อม
ซเรซน มอรตาร เชอม
เชื่อม
เสียหาย
ซ่อมแซม
กำลังอัด
ประสาน
สูง
คอนกรีต
Repair with
Cementitious
RP-TN-01
Crack
Mortar
Repair with
RE-TN-02
Epoxy Resin
Repair with
Spalling
Cementitious
RP-TN-03
Edge
Mortar
Repair with
Spalling
Cementitious
RP-TN-03
Recesses
Mortar
Repair with
Voids or
Cementitious
RP-TN-04
Blowholes
Mortar
Repair with High
RP-TN-05
Strength Mortar
Document No.
[4] Chapter: Repair With Epoxy Resin, Page: 16
บริษัท ชิโน-ไทย เอนจีเนีย ง แอนด์ คอนสตรัคชั่น จํากัด (มหาชน)
STECON
SING THAI ENGINEERING & CONSTRUCTION PUBLIC COMPANY LIMITEDE
Project: SEWERAGE TUNNEL BUNG NONG BON
TO CHAOPHRAYA RIVER
O RP-TN-02 (Crack Repair With Epoxy Resin)
วิธีการ Repair With Epoxy Resin ใช้ในการซ่อมแซมรอยร้าวทั่วไปที่มีความกว้างตั้งแต่ 0.3 mm."
 วัสดุเชื่อมประสานคอนกรีต (Bonding Agent) ที่ระบุในรายการวัสดุคือรุ่นใด, Sikadur 32 TH,8,Construction-Related,Material,"Sikadur-32TH can also be used as a bonding agent on concrete,
mortar, steel, iron, etc.
Feather edging is generally not
recommended, except when Vitaflex Polymer Bonding Agent is
Included in the mix.
[1] Chapter: Materials Data Sheet, Page: 58
Construction
Product Data Sheet
Version 21/11/2008
Sikadur® -32TH (former Sikadur® -732RT)
2 -Component Epoxy Resin Bonding Agent
Description
Standard
Uses
Advantages
Coverage
Instruction for Use
Surface Preparation
Mixing
Application
Cleaning
A solvent-free, 2-component bonding agent, based on selected epoxy resins.
An air-
entraining agent is included in this product to give improved
resistance to freezing and thawing.
Therefore, it is suitable for use wherever structural bonding of new concrete
to existing one is carried out.","58
Construction
Product Data Sheet
Version 21/11/2008
Sikadur® -32TH (former Sikadur® -732RT)
2 -Component Epoxy Resin Bonding Agent
Description
Standard
Uses
Advantages
Coverage
Instruction for Use
Surface Preparation
Mixing
Application
Cleaning
A solvent-free, 2-component bonding agent, based on selected epoxy resins.
An air-
entraining agent is included in this product to give improved
resistance to freezing and thawing.
Therefore, it is suitable for use wherever structural bonding of new concrete
to existing one is carried out.",extractive-fallback,"Sikadur-32TH can also be used as a bonding agent on concrete,
mortar, steel, iron, etc.
Feather edging is generally not
recommended, except when Vitaflex Polymer Bonding Agent is
Included in the mix.
[1] Chapter: Materials Data Sheet, Page: 58
Construction
Product Data Sheet
Version 21/11/2008
Sikadur® -32TH (former Sikadur® -732RT)
2 -Component Epoxy Resin Bonding Agent
Description
Standard
Uses
Advantages
Coverage
Instruction for Use
Surface Preparation
Mixing
Application
Cleaning
A solvent-free, 2-component bonding agent, based on selected epoxy resins.
An air-
entraining agent is included in this product to give improved
resistance to freezing and thawing.
Therefore, it is suitable for use wherever structural bonding of new concrete
to existing one is carried out.",Construction-Related,Material,"Sikadur-32TH can also be used as a bonding agent on concrete,
mortar, steel, iron, etc.
Feather edging is generally not
recommended, except when Vitaflex Polymer Bonding Agent is
Included in the mix.
[1] Chapter: Materials Data Sheet, Page: 58
Construction
Product Data Sheet
Version 21/11/2008
Sikadur® -32TH (former Sikadur® -732RT)
2 -Component Epoxy Resin Bonding Agent
Description
Standard
Uses
Advantages
Coverage
Instruction for Use
Surface Preparation
Mixing
Application
Cleaning
A solvent-free, 2-component bonding agent, based on selected epoxy resins.
An air-
entraining agent is included in this product to give improved
resistance to freezing and thawing.
Therefore, it is suitable for use wherever structural bonding of new concrete
to existing one is carried out.","58
Construction
Product Data Sheet
Version 21/11/2008
Sikadur® -32TH (former Sikadur® -732RT)
2 -Component Epoxy Resin Bonding Agent
Description
Standard
Uses
Advantages
Coverage
Instruction for Use
Surface Preparation
Mixing
Application
Cleaning
A solvent-free, 2-component bonding agent, based on selected epoxy resins.
An air-
entraining agent is included in this product to give improved
resistance to freezing and thawing.
Therefore, it is suitable for use wherever structural bonding of new concrete
to existing one is carried out.",extractive-fallback,"Sikadur-32TH can also be used as a bonding agent on concrete,
mortar, steel, iron, etc.
Feather edging is generally not
recommended, except when Vitaflex Polymer Bonding Agent is
Included in the mix.
[1] Chapter: Materials Data Sheet, Page: 58
Construction
Product Data Sheet
Version 21/11/2008
Sikadur® -32TH (former Sikadur® -732RT)
2 -Component Epoxy Resin Bonding Agent
Description
Standard
Uses
Advantages
Coverage
Instruction for Use
Surface Preparation
Mixing
Application
Cleaning
A solvent-free, 2-component bonding agent, based on selected epoxy resins.
An air-
entraining agent is included in this product to give improved
resistance to freezing and thawing.
Therefore, it is suitable for use wherever structural bonding of new concrete
to existing one is carried out.",Construction-Related,Material,"Sikadur-32TH can also be used as a bonding agent on concrete,
mortar, steel, iron, etc.
Feather edging is generally not
recommended, except when Vitaflex Polymer Bonding Agent is
Included in the mix.
[1] Chapter: Materials Data Sheet, Page: 58
Construction
Product Data Sheet
Version 21/11/2008
Sikadur® -32TH (former Sikadur® -732RT)
2 -Component Epoxy Resin Bonding Agent
Description
Standard
Uses
Advantages
Coverage
Instruction for Use
Surface Preparation
Mixing
Application
Cleaning
A solvent-free, 2-component bonding agent, based on selected epoxy resins.
An air-
entraining agent is included in this product to give improved
resistance to freezing and thawing.
Therefore, it is suitable for use wherever structural bonding of new concrete
to existing one is carried out.","58
Construction
Product Data Sheet
Version 21/11/2008
Sikadur® -32TH (former Sikadur® -732RT)
2 -Component Epoxy Resin Bonding Agent
Description
Standard
Uses
Advantages
Coverage
Instruction for Use
Surface Preparation
Mixing
Application
Cleaning
A solvent-free, 2-component bonding agent, based on selected epoxy resins.
An air-
entraining agent is included in this product to give improved
resistance to freezing and thawing.
Therefore, it is suitable for use wherever structural bonding of new concrete
to existing one is carried out.",extractive-fallback,"Sikadur-32TH can also be used as a bonding agent on concrete,
mortar, steel, iron, etc.
Feather edging is generally not
recommended, except when Vitaflex Polymer Bonding Agent is
Included in the mix.
[1] Chapter: Materials Data Sheet, Page: 58
Construction
Product Data Sheet
Version 21/11/2008
Sikadur® -32TH (former Sikadur® -732RT)
2 -Component Epoxy Resin Bonding Agent
Description
Standard
Uses
Advantages
Coverage
Instruction for Use
Surface Preparation
Mixing
Application
Cleaning
A solvent-free, 2-component bonding agent, based on selected epoxy resins.
An air-
entraining agent is included in this product to give improved
resistance to freezing and thawing.
Therefore, it is suitable for use wherever structural bonding of new concrete
to existing one is carried out.",Construction-Related,Material,"Sikadur-32TH can also be used as a bonding agent on concrete,
mortar, steel, iron, etc.
Feather edging is generally not
recommended, except when Vitaflex Polymer Bonding Agent is
Included in the mix.
[1] Chapter: Materials Data Sheet, Page: 58
Construction
Product Data Sheet
Version 21/11/2008
Sikadur® -32TH (former Sikadur® -732RT)
2 -Component Epoxy Resin Bonding Agent
Description
Standard
Uses
Advantages
Coverage
Instruction for Use
Surface Preparation
Mixing
Application
Cleaning
A solvent-free, 2-component bonding agent, based on selected epoxy resins.
An air-
entraining agent is included in this product to give improved
resistance to freezing and thawing.
Therefore, it is suitable for use wherever structural bonding of new concrete
to existing one is carried out.","58
Construction
Product Data Sheet
Version 21/11/2008
Sikadur® -32TH (former Sikadur® -732RT)
2 -Component Epoxy Resin Bonding Agent
Description
Standard
Uses
Advantages
Coverage
Instruction for Use
Surface Preparation
Mixing
Application
Cleaning
A solvent-free, 2-component bonding agent, based on selected epoxy resins.
An air-
entraining agent is included in this product to give improved
resistance to freezing and thawing.
Therefore, it is suitable for use wherever structural bonding of new concrete
to existing one is carried out.",extractive-fallback,"Sikadur-32TH can also be used as a bonding agent on concrete,
mortar, steel, iron, etc.
Feather edging is generally not
recommended, except when Vitaflex Polymer Bonding Agent is
Included in the mix.
[1] Chapter: Materials Data Sheet, Page: 58
Construction
Product Data Sheet
Version 21/11/2008
Sikadur® -32TH (former Sikadur® -732RT)
2 -Component Epoxy Resin Bonding Agent
Description
Standard
Uses
Advantages
Coverage
Instruction for Use
Surface Preparation
Mixing
Application
Cleaning
A solvent-free, 2-component bonding agent, based on selected epoxy resins.
An air-
entraining agent is included in this product to give improved
resistance to freezing and thawing.
Therefore, it is suitable for use wherever structural bonding of new concrete
to existing one is carried out."
 สำหรับการซ่อมแบบ RP-TN-04 (Voids or Blowholes) ให้ใช้วัสดุประเภทใด, Cementitious Mortar,7,Construction-Related,Material,"RP-TN-04
Release/Amendment
Page No.
[1] Chapter: Voids And Blowholes Repair, Page: 32
[
STECON
- ()
SING THEM EIGINIERING & CORRUCAPANY LIMITED
RP-TN-04
VOIDS AND BLOWHOLES REPAIR
PROJECT: SEWERAGE TUNNEL BUNG NONG BON TO
CHAOPHRAYA RIVER
32
[2] Chapter: Guildline For Repair, Page: 7
STECON
บวิชา โน-ไทย เ คีเนียชิ่ง แอนด์ คอนสตรัคชั่น จํากัด (มหาชน)
Project: SEWERAGE TUNNEL BUNG NONG BON
SING THAI ENGINEERING & CONSTRUCTION PUBLIC COMPANY LIMITED
TO CHAOPHRAYA RIVER
ตารางแสดงวัสดุที่ใช้ซ่อมแซมความเสียหายประเภทต่างๆ
ประเภทของวัสดุซ่อมแซม
ประเภท
วิธีการ
ความ
Method
Reference | ปูนฉาบ | ปูนฉาบ
ซ่อม
อพอก
อีพ็อกซี่
วัสดุ
ซ่อม
ซเรซน มอรตาร เชอม
เชื่อม
เสียหาย
ซ่อมแซม
กำลังอัด
ประสาน
สูง
คอนกรีต
Repair with
Cementitious
RP-TN-01
Crack
Mortar
Repair with
RE-TN-02
Epoxy Resin
Repair with
Spalling
Cementitious
RP-TN-03
Edge
Mortar
Repair with
Spalling
Cementitious
RP-TN-03
Recesses
Mortar
Repair with
Voids or
Cementitious
RP-TN-04
Blowholes
Mortar
Repair with High
RP-TN-05
Strength Mortar
Document No.
[3] Chapter: Guildline For Repair, Page: 6
STECON
บริษัท ชิโน-ไทย เ รี ย ง แอนด์ คอนสตรัคชั่น จำกัด (มหาชน)
SINO-THA ENGINEERING & CONSTRUCTION PUBLIC COMPANY LIMITED
Project: SEWERAGE TUNNEL BUNG NONG BON
TO CHAOPHRAYA RIVER
[
• รูฟองอากาศ (Voids or Blowholes)
[
[
[
A.Outside Surface
B.Inside Surface
[
[
[
C.Gasket Surface
Table4 Guideline for Voids or Blowholes Repair
[
Action
1.No Repair
Reference Method
[
2.Repair with
Cementitious
Mortar
A(mm.)
B(mm.)
C(mm.)
Wide: <2
RP-TN-04
Wide: A≤10
Depth: A≤10
Wide: 2<B≤10
Depth: B≤10
Wide: C≤10
Depth: C≤10
3.Repair with
High Strength
RP-TN-05
Mortar
Wide: A>10
Depth: A>10
Wide: A>10
Depth: A>10
Wide A 10
Depth: A>10
Rebar exposed
Rebar exposed
Rebar exposed
[
[
4.Reject
Document No.
[4] Chapter: Voids And Blowholes Repair, Page: 33
[
[
[
[
บริษัท จิ น ไ ย เ น นี ชิ่ง แอนด์ คอนสตรีคชั่น จํากัด (มหาชน)
STECON
SING THAI TUNHEING & CONSTRUCTION PUBHE COMPANY LIMITLEY
Project: SEWERAGE TUNNEL BUNG NONG BON
TO CHAOPHRAYA RIVER
© RP-TN-04 (Voids and Blowholes Repair With Cementitious Mortar)
สำหรับการซ่อมแซมรูฟองอากาศที่มีขนาดความกว้างและความลึกมากกว่า 2 mm.","32
[
STECON
- ()
SING THEM EIGINIERING & CORRUCAPANY LIMITED
RP-TN-04
VOIDS AND BLOWHOLES REPAIR
PROJECT: SEWERAGE TUNNEL BUNG NONG BON TO
CHAOPHRAYA RIVER
32
[2] Chapter: Guildline For Repair, Page: 7
STECON
บวิชา โน-ไทย เ คีเนียชิ่ง แอนด์ คอนสตรัคชั่น จํากัด (มหาชน)
Project: SEWERAGE TUNNEL BUNG NONG BON
SING THAI ENGINEERING & CONSTRUCTION PUBLIC COMPANY LIMITED
TO CHAOPHRAYA RIVER
ตารางแสดงวัสดุที่ใช้ซ่อมแซมความเสียหายประเภทต่างๆ
ประเภทของวัสดุซ่อมแซม
ประเภท
วิธีการ
ความ
Method
Reference | ปูนฉาบ | ปูนฉาบ
ซ่อม
อพอก
อีพ็อกซี่
วัสดุ
ซ่อม
ซเรซน มอรตาร เชอม
เชื่อม
เสียหาย
ซ่อมแซม
กำลังอัด
ประสาน
สูง
คอนกรีต
Repair with
Cementitious
RP-TN-01
Crack
Mortar
Repair with
RE-TN-02
Epoxy Resin
Repair with
Spalling
Cementitious
RP-TN-03
Edge
Mortar
Repair with
Spalling
Cementitious
RP-TN-03
Recesses
Mortar
Repair with
Voids or
Cementitious
RP-TN-04
Blowholes
Mortar
Repair with High
RP-TN-05
Strength Mortar
Document No.
[3] Chapter: Guildline For Repair, Page: 6
STECON
บริษัท ชิโน-ไทย เ รี ย ง แอนด์ คอนสตรัคชั่น จำกัด (มหาชน)
SINO-THA ENGINEERING & CONSTRUCTION PUBLIC COMPANY LIMITED
Project: SEWERAGE TUNNEL BUNG NONG BON
TO CHAOPHRAYA RIVER
[
• รูฟองอากาศ (Voids or Blowholes)
[
[
[
A.Outside Surface
B.Inside Surface
[
[
[
C.Gasket Surface
Table4 Guideline for Voids or Blowholes Repair
[
Action
1.No Repair
Reference Method
[
2.Repair with
Cementitious
Mortar
A(mm.)
B(mm.)
C(mm.)
Wide: <2
RP-TN-04
Wide: A≤10
Depth: A≤10
Wide: 2<B≤10
Depth: B≤10
Wide: C≤10
Depth: C≤10
3.Repair with
High Strength
RP-TN-05
Mortar
Wide: A>10
Depth: A>10
Wide: A>10
Depth: A>10
Wide A 10
Depth: A>10
Rebar exposed
Rebar exposed
Rebar exposed
[
[
4.Reject
Document No.
[4] Chapter: Voids And Blowholes Repair, Page: 33
[
[
[
[
บริษัท จิ น ไ ย เ น นี ชิ่ง แอนด์ คอนสตรีคชั่น จํากัด (มหาชน)
STECON
SING THAI TUNHEING & CONSTRUCTION PUBHE COMPANY LIMITLEY
Project: SEWERAGE TUNNEL BUNG NONG BON
TO CHAOPHRAYA RIVER
© RP-TN-04 (Voids and Blowholes Repair With Cementitious Mortar)
สำหรับการซ่อมแซมรูฟองอากาศที่มีขนาดความกว้างและความลึกมากกว่า 2 mm.",extractive-fallback,"RP-TN-04
Release/Amendment
Page No.
[1] Chapter: Voids And Blowholes Repair, Page: 32
[
STECON
- ()
SING THEM EIGINIERING & CORRUCAPANY LIMITED
RP-TN-04
VOIDS AND BLOWHOLES REPAIR
PROJECT: SEWERAGE TUNNEL BUNG NONG BON TO
CHAOPHRAYA RIVER
32
[2] Chapter: Guildline For Repair, Page: 7
STECON
บวิชา โน-ไทย เ คีเนียชิ่ง แอนด์ คอนสตรัคชั่น จํากัด (มหาชน)
Project: SEWERAGE TUNNEL BUNG NONG BON
SING THAI ENGINEERING & CONSTRUCTION PUBLIC COMPANY LIMITED
TO CHAOPHRAYA RIVER
ตารางแสดงวัสดุที่ใช้ซ่อมแซมความเสียหายประเภทต่างๆ
ประเภทของวัสดุซ่อมแซม
ประเภท
วิธีการ
ความ
Method
Reference | ปูนฉาบ | ปูนฉาบ
ซ่อม
อพอก
อีพ็อกซี่
วัสดุ
ซ่อม
ซเรซน มอรตาร เชอม
เชื่อม
เสียหาย
ซ่อมแซม
กำลังอัด
ประสาน
สูง
คอนกรีต
Repair with
Cementitious
RP-TN-01
Crack
Mortar
Repair with
RE-TN-02
Epoxy Resin
Repair with
Spalling
Cementitious
RP-TN-03
Edge
Mortar
Repair with
Spalling
Cementitious
RP-TN-03
Recesses
Mortar
Repair with
Voids or
Cementitious
RP-TN-04
Blowholes
Mortar
Repair with High
RP-TN-05
Strength Mortar
Document No.
[3] Chapter: Guildline For Repair, Page: 6
STECON
บริษัท ชิโน-ไทย เ รี ย ง แอนด์ คอนสตรัคชั่น จำกัด (มหาชน)
SINO-THA ENGINEERING & CONSTRUCTION PUBLIC COMPANY LIMITED
Project: SEWERAGE TUNNEL BUNG NONG BON
TO CHAOPHRAYA RIVER
[
• รูฟองอากาศ (Voids or Blowholes)
[
[
[
A.Outside Surface
B.Inside Surface
[
[
[
C.Gasket Surface
Table4 Guideline for Voids or Blowholes Repair
[
Action
1.No Repair
Reference Method
[
2.Repair with
Cementitious
Mortar
A(mm.)
B(mm.)
C(mm.)
Wide: <2
RP-TN-04
Wide: A≤10
Depth: A≤10
Wide: 2<B≤10
Depth: B≤10
Wide: C≤10
Depth: C≤10
3.Repair with
High Strength
RP-TN-05
Mortar
Wide: A>10
Depth: A>10
Wide: A>10
Depth: A>10
Wide A 10
Depth: A>10
Rebar exposed
Rebar exposed
Rebar exposed
[
[
4.Reject
Document No.
[4] Chapter: Voids And Blowholes Repair, Page: 33
[
[
[
[
บริษัท จิ น ไ ย เ น นี ชิ่ง แอนด์ คอนสตรีคชั่น จํากัด (มหาชน)
STECON
SING THAI TUNHEING & CONSTRUCTION PUBHE COMPANY LIMITLEY
Project: SEWERAGE TUNNEL BUNG NONG BON
TO CHAOPHRAYA RIVER
© RP-TN-04 (Voids and Blowholes Repair With Cementitious Mortar)
สำหรับการซ่อมแซมรูฟองอากาศที่มีขนาดความกว้างและความลึกมากกว่า 2 mm.",Construction-Related,Material,"RP-TN-04
Release/Amendment
Page No.
[1] Chapter: Voids And Blowholes Repair, Page: 32
[
STECON
- ()
SING THEM EIGINIERING & CORRUCAPANY LIMITED
RP-TN-04
VOIDS AND BLOWHOLES REPAIR
PROJECT: SEWERAGE TUNNEL BUNG NONG BON TO
CHAOPHRAYA RIVER
32
[2] Chapter: Guildline For Repair, Page: 7
STECON
บวิชา โน-ไทย เ คีเนียชิ่ง แอนด์ คอนสตรัคชั่น จํากัด (มหาชน)
Project: SEWERAGE TUNNEL BUNG NONG BON
SING THAI ENGINEERING & CONSTRUCTION PUBLIC COMPANY LIMITED
TO CHAOPHRAYA RIVER
ตารางแสดงวัสดุที่ใช้ซ่อมแซมความเสียหายประเภทต่างๆ
ประเภทของวัสดุซ่อมแซม
ประเภท
วิธีการ
ความ
Method
Reference | ปูนฉาบ | ปูนฉาบ
ซ่อม
อพอก
อีพ็อกซี่
วัสดุ
ซ่อม
ซเรซน มอรตาร เชอม
เชื่อม
เสียหาย
ซ่อมแซม
กำลังอัด
ประสาน
สูง
คอนกรีต
Repair with
Cementitious
RP-TN-01
Crack
Mortar
Repair with
RE-TN-02
Epoxy Resin
Repair with
Spalling
Cementitious
RP-TN-03
Edge
Mortar
Repair with
Spalling
Cementitious
RP-TN-03
Recesses
Mortar
Repair with
Voids or
Cementitious
RP-TN-04
Blowholes
Mortar
Repair with High
RP-TN-05
Strength Mortar
Document No.
[3] Chapter: Guildline For Repair, Page: 6
STECON
บริษัท ชิโน-ไทย เ รี ย ง แอนด์ คอนสตรัคชั่น จำกัด (มหาชน)
SINO-THA ENGINEERING & CONSTRUCTION PUBLIC COMPANY LIMITED
Project: SEWERAGE TUNNEL BUNG NONG BON
TO CHAOPHRAYA RIVER
[
• รูฟองอากาศ (Voids or Blowholes)
[
[
[
A.Outside Surface
B.Inside Surface
[
[
[
C.Gasket Surface
Table4 Guideline for Voids or Blowholes Repair
[
Action
1.No Repair
Reference Method
[
2.Repair with
Cementitious
Mortar
A(mm.)
B(mm.)
C(mm.)
Wide: <2
RP-TN-04
Wide: A≤10
Depth: A≤10
Wide: 2<B≤10
Depth: B≤10
Wide: C≤10
Depth: C≤10
3.Repair with
High Strength
RP-TN-05
Mortar
Wide: A>10
Depth: A>10
Wide: A>10
Depth: A>10
Wide A 10
Depth: A>10
Rebar exposed
Rebar exposed
Rebar exposed
[
[
4.Reject
Document No.
[4] Chapter: Voids And Blowholes Repair, Page: 33
[
[
[
[
บริษัท จิ น ไ ย เ น นี ชิ่ง แอนด์ คอนสตรีคชั่น จํากัด (มหาชน)
STECON
SING THAI TUNHEING & CONSTRUCTION PUBHE COMPANY LIMITLEY
Project: SEWERAGE TUNNEL BUNG NONG BON
TO CHAOPHRAYA RIVER
© RP-TN-04 (Voids and Blowholes Repair With Cementitious Mortar)
สำหรับการซ่อมแซมรูฟองอากาศที่มีขนาดความกว้างและความลึกมากกว่า 2 mm.","32
[
STECON
- ()
SING THEM EIGINIERING & CORRUCAPANY LIMITED
RP-TN-04
VOIDS AND BLOWHOLES REPAIR
PROJECT: SEWERAGE TUNNEL BUNG NONG BON TO
CHAOPHRAYA RIVER
32
[2] Chapter: Guildline For Repair, Page: 7
STECON
บวิชา โน-ไทย เ คีเนียชิ่ง แอนด์ คอนสตรัคชั่น จํากัด (มหาชน)
Project: SEWERAGE TUNNEL BUNG NONG BON
SING THAI ENGINEERING & CONSTRUCTION PUBLIC COMPANY LIMITED
TO CHAOPHRAYA RIVER
ตารางแสดงวัสดุที่ใช้ซ่อมแซมความเสียหายประเภทต่างๆ
ประเภทของวัสดุซ่อมแซม
ประเภท
วิธีการ
ความ
Method
Reference | ปูนฉาบ | ปูนฉาบ
ซ่อม
อพอก
อีพ็อกซี่
วัสดุ
ซ่อม
ซเรซน มอรตาร เชอม
เชื่อม
เสียหาย
ซ่อมแซม
กำลังอัด
ประสาน
สูง
คอนกรีต
Repair with
Cementitious
RP-TN-01
Crack
Mortar
Repair with
RE-TN-02
Epoxy Resin
Repair with
Spalling
Cementitious
RP-TN-03
Edge
Mortar
Repair with
Spalling
Cementitious
RP-TN-03
Recesses
Mortar
Repair with
Voids or
Cementitious
RP-TN-04
Blowholes
Mortar
Repair with High
RP-TN-05
Strength Mortar
Document No.
[3] Chapter: Guildline For Repair, Page: 6
STECON
บริษัท ชิโน-ไทย เ รี ย ง แอนด์ คอนสตรัคชั่น จำกัด (มหาชน)
SINO-THA ENGINEERING & CONSTRUCTION PUBLIC COMPANY LIMITED
Project: SEWERAGE TUNNEL BUNG NONG BON
TO CHAOPHRAYA RIVER
[
• รูฟองอากาศ (Voids or Blowholes)
[
[
[
A.Outside Surface
B.Inside Surface
[
[
[
C.Gasket Surface
Table4 Guideline for Voids or Blowholes Repair
[
Action
1.No Repair
Reference Method
[
2.Repair with
Cementitious
Mortar
A(mm.)
B(mm.)
C(mm.)
Wide: <2
RP-TN-04
Wide: A≤10
Depth: A≤10
Wide: 2<B≤10
Depth: B≤10
Wide: C≤10
Depth: C≤10
3.Repair with
High Strength
RP-TN-05
Mortar
Wide: A>10
Depth: A>10
Wide: A>10
Depth: A>10
Wide A 10
Depth: A>10
Rebar exposed
Rebar exposed
Rebar exposed
[
[
4.Reject
Document No.
[4] Chapter: Voids And Blowholes Repair, Page: 33
[
[
[
[
บริษัท จิ น ไ ย เ น นี ชิ่ง แอนด์ คอนสตรีคชั่น จํากัด (มหาชน)
STECON
SING THAI TUNHEING & CONSTRUCTION PUBHE COMPANY LIMITLEY
Project: SEWERAGE TUNNEL BUNG NONG BON
TO CHAOPHRAYA RIVER
© RP-TN-04 (Voids and Blowholes Repair With Cementitious Mortar)
สำหรับการซ่อมแซมรูฟองอากาศที่มีขนาดความกว้างและความลึกมากกว่า 2 mm.",extractive-fallback,"RP-TN-04
Release/Amendment
Page No.
[1] Chapter: Voids And Blowholes Repair, Page: 32
[
STECON
- ()
SING THEM EIGINIERING & CORRUCAPANY LIMITED
RP-TN-04
VOIDS AND BLOWHOLES REPAIR
PROJECT: SEWERAGE TUNNEL BUNG NONG BON TO
CHAOPHRAYA RIVER
32
[2] Chapter: Guildline For Repair, Page: 7
STECON
บวิชา โน-ไทย เ คีเนียชิ่ง แอนด์ คอนสตรัคชั่น จํากัด (มหาชน)
Project: SEWERAGE TUNNEL BUNG NONG BON
SING THAI ENGINEERING & CONSTRUCTION PUBLIC COMPANY LIMITED
TO CHAOPHRAYA RIVER
ตารางแสดงวัสดุที่ใช้ซ่อมแซมความเสียหายประเภทต่างๆ
ประเภทของวัสดุซ่อมแซม
ประเภท
วิธีการ
ความ
Method
Reference | ปูนฉาบ | ปูนฉาบ
ซ่อม
อพอก
อีพ็อกซี่
วัสดุ
ซ่อม
ซเรซน มอรตาร เชอม
เชื่อม
เสียหาย
ซ่อมแซม
กำลังอัด
ประสาน
สูง
คอนกรีต
Repair with
Cementitious
RP-TN-01
Crack
Mortar
Repair with
RE-TN-02
Epoxy Resin
Repair with
Spalling
Cementitious
RP-TN-03
Edge
Mortar
Repair with
Spalling
Cementitious
RP-TN-03
Recesses
Mortar
Repair with
Voids or
Cementitious
RP-TN-04
Blowholes
Mortar
Repair with High
RP-TN-05
Strength Mortar
Document No.
[3] Chapter: Guildline For Repair, Page: 6
STECON
บริษัท ชิโน-ไทย เ รี ย ง แอนด์ คอนสตรัคชั่น จำกัด (มหาชน)
SINO-THA ENGINEERING & CONSTRUCTION PUBLIC COMPANY LIMITED
Project: SEWERAGE TUNNEL BUNG NONG BON
TO CHAOPHRAYA RIVER
[
• รูฟองอากาศ (Voids or Blowholes)
[
[
[
A.Outside Surface
B.Inside Surface
[
[
[
C.Gasket Surface
Table4 Guideline for Voids or Blowholes Repair
[
Action
1.No Repair
Reference Method
[
2.Repair with
Cementitious
Mortar
A(mm.)
B(mm.)
C(mm.)
Wide: <2
RP-TN-04
Wide: A≤10
Depth: A≤10
Wide: 2<B≤10
Depth: B≤10
Wide: C≤10
Depth: C≤10
3.Repair with
High Strength
RP-TN-05
Mortar
Wide: A>10
Depth: A>10
Wide: A>10
Depth: A>10
Wide A 10
Depth: A>10
Rebar exposed
Rebar exposed
Rebar exposed
[
[
4.Reject
Document No.
[4] Chapter: Voids And Blowholes Repair, Page: 33
[
[
[
[
บริษัท จิ น ไ ย เ น นี ชิ่ง แอนด์ คอนสตรีคชั่น จํากัด (มหาชน)
STECON
SING THAI TUNHEING & CONSTRUCTION PUBHE COMPANY LIMITLEY
Project: SEWERAGE TUNNEL BUNG NONG BON
TO CHAOPHRAYA RIVER
© RP-TN-04 (Voids and Blowholes Repair With Cementitious Mortar)
สำหรับการซ่อมแซมรูฟองอากาศที่มีขนาดความกว้างและความลึกมากกว่า 2 mm.",Construction-Related,Material,"RP-TN-04
Release/Amendment
Page No.
[1] Chapter: Voids And Blowholes Repair, Page: 32
[
STECON
- ()
SING THEM EIGINIERING & CORRUCAPANY LIMITED
RP-TN-04
VOIDS AND BLOWHOLES REPAIR
PROJECT: SEWERAGE TUNNEL BUNG NONG BON TO
CHAOPHRAYA RIVER
32
[2] Chapter: Guildline For Repair, Page: 7
STECON
บวิชา โน-ไทย เ คีเนียชิ่ง แอนด์ คอนสตรัคชั่น จํากัด (มหาชน)
Project: SEWERAGE TUNNEL BUNG NONG BON
SING THAI ENGINEERING & CONSTRUCTION PUBLIC COMPANY LIMITED
TO CHAOPHRAYA RIVER
ตารางแสดงวัสดุที่ใช้ซ่อมแซมความเสียหายประเภทต่างๆ
ประเภทของวัสดุซ่อมแซม
ประเภท
วิธีการ
ความ
Method
Reference | ปูนฉาบ | ปูนฉาบ
ซ่อม
อพอก
อีพ็อกซี่
วัสดุ
ซ่อม
ซเรซน มอรตาร เชอม
เชื่อม
เสียหาย
ซ่อมแซม
กำลังอัด
ประสาน
สูง
คอนกรีต
Repair with
Cementitious
RP-TN-01
Crack
Mortar
Repair with
RE-TN-02
Epoxy Resin
Repair with
Spalling
Cementitious
RP-TN-03
Edge
Mortar
Repair with
Spalling
Cementitious
RP-TN-03
Recesses
Mortar
Repair with
Voids or
Cementitious
RP-TN-04
Blowholes
Mortar
Repair with High
RP-TN-05
Strength Mortar
Document No.
[3] Chapter: Guildline For Repair, Page: 6
STECON
บริษัท ชิโน-ไทย เ รี ย ง แอนด์ คอนสตรัคชั่น จำกัด (มหาชน)
SINO-THA ENGINEERING & CONSTRUCTION PUBLIC COMPANY LIMITED
Project: SEWERAGE TUNNEL BUNG NONG BON
TO CHAOPHRAYA RIVER
[
• รูฟองอากาศ (Voids or Blowholes)
[
[
[
A.Outside Surface
B.Inside Surface
[
[
[
C.Gasket Surface
Table4 Guideline for Voids or Blowholes Repair
[
Action
1.No Repair
Reference Method
[
2.Repair with
Cementitious
Mortar
A(mm.)
B(mm.)
C(mm.)
Wide: <2
RP-TN-04
Wide: A≤10
Depth: A≤10
Wide: 2<B≤10
Depth: B≤10
Wide: C≤10
Depth: C≤10
3.Repair with
High Strength
RP-TN-05
Mortar
Wide: A>10
Depth: A>10
Wide: A>10
Depth: A>10
Wide A 10
Depth: A>10
Rebar exposed
Rebar exposed
Rebar exposed
[
[
4.Reject
Document No.
[4] Chapter: Voids And Blowholes Repair, Page: 33
[
[
[
[
บริษัท จิ น ไ ย เ น นี ชิ่ง แอนด์ คอนสตรีคชั่น จํากัด (มหาชน)
STECON
SING THAI TUNHEING & CONSTRUCTION PUBHE COMPANY LIMITLEY
Project: SEWERAGE TUNNEL BUNG NONG BON
TO CHAOPHRAYA RIVER
© RP-TN-04 (Voids and Blowholes Repair With Cementitious Mortar)
สำหรับการซ่อมแซมรูฟองอากาศที่มีขนาดความกว้างและความลึกมากกว่า 2 mm.","32
[
STECON
- ()
SING THEM EIGINIERING & CORRUCAPANY LIMITED
RP-TN-04
VOIDS AND BLOWHOLES REPAIR
PROJECT: SEWERAGE TUNNEL BUNG NONG BON TO
CHAOPHRAYA RIVER
32
[2] Chapter: Guildline For Repair, Page: 7
STECON
บวิชา โน-ไทย เ คีเนียชิ่ง แอนด์ คอนสตรัคชั่น จํากัด (มหาชน)
Project: SEWERAGE TUNNEL BUNG NONG BON
SING THAI ENGINEERING & CONSTRUCTION PUBLIC COMPANY LIMITED
TO CHAOPHRAYA RIVER
ตารางแสดงวัสดุที่ใช้ซ่อมแซมความเสียหายประเภทต่างๆ
ประเภทของวัสดุซ่อมแซม
ประเภท
วิธีการ
ความ
Method
Reference | ปูนฉาบ | ปูนฉาบ
ซ่อม
อพอก
อีพ็อกซี่
วัสดุ
ซ่อม
ซเรซน มอรตาร เชอม
เชื่อม
เสียหาย
ซ่อมแซม
กำลังอัด
ประสาน
สูง
คอนกรีต
Repair with
Cementitious
RP-TN-01
Crack
Mortar
Repair with
RE-TN-02
Epoxy Resin
Repair with
Spalling
Cementitious
RP-TN-03
Edge
Mortar
Repair with
Spalling
Cementitious
RP-TN-03
Recesses
Mortar
Repair with
Voids or
Cementitious
RP-TN-04
Blowholes
Mortar
Repair with High
RP-TN-05
Strength Mortar
Document No.
[3] Chapter: Guildline For Repair, Page: 6
STECON
บริษัท ชิโน-ไทย เ รี ย ง แอนด์ คอนสตรัคชั่น จำกัด (มหาชน)
SINO-THA ENGINEERING & CONSTRUCTION PUBLIC COMPANY LIMITED
Project: SEWERAGE TUNNEL BUNG NONG BON
TO CHAOPHRAYA RIVER
[
• รูฟองอากาศ (Voids or Blowholes)
[
[
[
A.Outside Surface
B.Inside Surface
[
[
[
C.Gasket Surface
Table4 Guideline for Voids or Blowholes Repair
[
Action
1.No Repair
Reference Method
[
2.Repair with
Cementitious
Mortar
A(mm.)
B(mm.)
C(mm.)
Wide: <2
RP-TN-04
Wide: A≤10
Depth: A≤10
Wide: 2<B≤10
Depth: B≤10
Wide: C≤10
Depth: C≤10
3.Repair with
High Strength
RP-TN-05
Mortar
Wide: A>10
Depth: A>10
Wide: A>10
Depth: A>10
Wide A 10
Depth: A>10
Rebar exposed
Rebar exposed
Rebar exposed
[
[
4.Reject
Document No.
[4] Chapter: Voids And Blowholes Repair, Page: 33
[
[
[
[
บริษัท จิ น ไ ย เ น นี ชิ่ง แอนด์ คอนสตรีคชั่น จํากัด (มหาชน)
STECON
SING THAI TUNHEING & CONSTRUCTION PUBHE COMPANY LIMITLEY
Project: SEWERAGE TUNNEL BUNG NONG BON
TO CHAOPHRAYA RIVER
© RP-TN-04 (Voids and Blowholes Repair With Cementitious Mortar)
สำหรับการซ่อมแซมรูฟองอากาศที่มีขนาดความกว้างและความลึกมากกว่า 2 mm.",extractive-fallback,"RP-TN-04
Release/Amendment
Page No.
[1] Chapter: Voids And Blowholes Repair, Page: 32
[
STECON
- ()
SING THEM EIGINIERING & CORRUCAPANY LIMITED
RP-TN-04
VOIDS AND BLOWHOLES REPAIR
PROJECT: SEWERAGE TUNNEL BUNG NONG BON TO
CHAOPHRAYA RIVER
32
[2] Chapter: Guildline For Repair, Page: 7
STECON
บวิชา โน-ไทย เ คีเนียชิ่ง แอนด์ คอนสตรัคชั่น จํากัด (มหาชน)
Project: SEWERAGE TUNNEL BUNG NONG BON
SING THAI ENGINEERING & CONSTRUCTION PUBLIC COMPANY LIMITED
TO CHAOPHRAYA RIVER
ตารางแสดงวัสดุที่ใช้ซ่อมแซมความเสียหายประเภทต่างๆ
ประเภทของวัสดุซ่อมแซม
ประเภท
วิธีการ
ความ
Method
Reference | ปูนฉาบ | ปูนฉาบ
ซ่อม
อพอก
อีพ็อกซี่
วัสดุ
ซ่อม
ซเรซน มอรตาร เชอม
เชื่อม
เสียหาย
ซ่อมแซม
กำลังอัด
ประสาน
สูง
คอนกรีต
Repair with
Cementitious
RP-TN-01
Crack
Mortar
Repair with
RE-TN-02
Epoxy Resin
Repair with
Spalling
Cementitious
RP-TN-03
Edge
Mortar
Repair with
Spalling
Cementitious
RP-TN-03
Recesses
Mortar
Repair with
Voids or
Cementitious
RP-TN-04
Blowholes
Mortar
Repair with High
RP-TN-05
Strength Mortar
Document No.
[3] Chapter: Guildline For Repair, Page: 6
STECON
บริษัท ชิโน-ไทย เ รี ย ง แอนด์ คอนสตรัคชั่น จำกัด (มหาชน)
SINO-THA ENGINEERING & CONSTRUCTION PUBLIC COMPANY LIMITED
Project: SEWERAGE TUNNEL BUNG NONG BON
TO CHAOPHRAYA RIVER
[
• รูฟองอากาศ (Voids or Blowholes)
[
[
[
A.Outside Surface
B.Inside Surface
[
[
[
C.Gasket Surface
Table4 Guideline for Voids or Blowholes Repair
[
Action
1.No Repair
Reference Method
[
2.Repair with
Cementitious
Mortar
A(mm.)
B(mm.)
C(mm.)
Wide: <2
RP-TN-04
Wide: A≤10
Depth: A≤10
Wide: 2<B≤10
Depth: B≤10
Wide: C≤10
Depth: C≤10
3.Repair with
High Strength
RP-TN-05
Mortar
Wide: A>10
Depth: A>10
Wide: A>10
Depth: A>10
Wide A 10
Depth: A>10
Rebar exposed
Rebar exposed
Rebar exposed
[
[
4.Reject
Document No.
[4] Chapter: Voids And Blowholes Repair, Page: 33
[
[
[
[
บริษัท จิ น ไ ย เ น นี ชิ่ง แอนด์ คอนสตรีคชั่น จํากัด (มหาชน)
STECON
SING THAI TUNHEING & CONSTRUCTION PUBHE COMPANY LIMITLEY
Project: SEWERAGE TUNNEL BUNG NONG BON
TO CHAOPHRAYA RIVER
© RP-TN-04 (Voids and Blowholes Repair With Cementitious Mortar)
สำหรับการซ่อมแซมรูฟองอากาศที่มีขนาดความกว้างและความลึกมากกว่า 2 mm.",Construction-Related,Material,"RP-TN-04
Release/Amendment
Page No.
[1] Chapter: Voids And Blowholes Repair, Page: 32
[
STECON
- ()
SING THEM EIGINIERING & CORRUCAPANY LIMITED
RP-TN-04
VOIDS AND BLOWHOLES REPAIR
PROJECT: SEWERAGE TUNNEL BUNG NONG BON TO
CHAOPHRAYA RIVER
32
[2] Chapter: Guildline For Repair, Page: 7
STECON
บวิชา โน-ไทย เ คีเนียชิ่ง แอนด์ คอนสตรัคชั่น จํากัด (มหาชน)
Project: SEWERAGE TUNNEL BUNG NONG BON
SING THAI ENGINEERING & CONSTRUCTION PUBLIC COMPANY LIMITED
TO CHAOPHRAYA RIVER
ตารางแสดงวัสดุที่ใช้ซ่อมแซมความเสียหายประเภทต่างๆ
ประเภทของวัสดุซ่อมแซม
ประเภท
วิธีการ
ความ
Method
Reference | ปูนฉาบ | ปูนฉาบ
ซ่อม
อพอก
อีพ็อกซี่
วัสดุ
ซ่อม
ซเรซน มอรตาร เชอม
เชื่อม
เสียหาย
ซ่อมแซม
กำลังอัด
ประสาน
สูง
คอนกรีต
Repair with
Cementitious
RP-TN-01
Crack
Mortar
Repair with
RE-TN-02
Epoxy Resin
Repair with
Spalling
Cementitious
RP-TN-03
Edge
Mortar
Repair with
Spalling
Cementitious
RP-TN-03
Recesses
Mortar
Repair with
Voids or
Cementitious
RP-TN-04
Blowholes
Mortar
Repair with High
RP-TN-05
Strength Mortar
Document No.
[3] Chapter: Guildline For Repair, Page: 6
STECON
บริษัท ชิโน-ไทย เ รี ย ง แอนด์ คอนสตรัคชั่น จำกัด (มหาชน)
SINO-THA ENGINEERING & CONSTRUCTION PUBLIC COMPANY LIMITED
Project: SEWERAGE TUNNEL BUNG NONG BON
TO CHAOPHRAYA RIVER
[
• รูฟองอากาศ (Voids or Blowholes)
[
[
[
A.Outside Surface
B.Inside Surface
[
[
[
C.Gasket Surface
Table4 Guideline for Voids or Blowholes Repair
[
Action
1.No Repair
Reference Method
[
2.Repair with
Cementitious
Mortar
A(mm.)
B(mm.)
C(mm.)
Wide: <2
RP-TN-04
Wide: A≤10
Depth: A≤10
Wide: 2<B≤10
Depth: B≤10
Wide: C≤10
Depth: C≤10
3.Repair with
High Strength
RP-TN-05
Mortar
Wide: A>10
Depth: A>10
Wide: A>10
Depth: A>10
Wide A 10
Depth: A>10
Rebar exposed
Rebar exposed
Rebar exposed
[
[
4.Reject
Document No.
[4] Chapter: Voids And Blowholes Repair, Page: 33
[
[
[
[
บริษัท จิ น ไ ย เ น นี ชิ่ง แอนด์ คอนสตรีคชั่น จํากัด (มหาชน)
STECON
SING THAI TUNHEING & CONSTRUCTION PUBHE COMPANY LIMITLEY
Project: SEWERAGE TUNNEL BUNG NONG BON
TO CHAOPHRAYA RIVER
© RP-TN-04 (Voids and Blowholes Repair With Cementitious Mortar)
สำหรับการซ่อมแซมรูฟองอากาศที่มีขนาดความกว้างและความลึกมากกว่า 2 mm.","32
[
STECON
- ()
SING THEM EIGINIERING & CORRUCAPANY LIMITED
RP-TN-04
VOIDS AND BLOWHOLES REPAIR
PROJECT: SEWERAGE TUNNEL BUNG NONG BON TO
CHAOPHRAYA RIVER
32
[2] Chapter: Guildline For Repair, Page: 7
STECON
บวิชา โน-ไทย เ คีเนียชิ่ง แอนด์ คอนสตรัคชั่น จํากัด (มหาชน)
Project: SEWERAGE TUNNEL BUNG NONG BON
SING THAI ENGINEERING & CONSTRUCTION PUBLIC COMPANY LIMITED
TO CHAOPHRAYA RIVER
ตารางแสดงวัสดุที่ใช้ซ่อมแซมความเสียหายประเภทต่างๆ
ประเภทของวัสดุซ่อมแซม
ประเภท
วิธีการ
ความ
Method
Reference | ปูนฉาบ | ปูนฉาบ
ซ่อม
อพอก
อีพ็อกซี่
วัสดุ
ซ่อม
ซเรซน มอรตาร เชอม
เชื่อม
เสียหาย
ซ่อมแซม
กำลังอัด
ประสาน
สูง
คอนกรีต
Repair with
Cementitious
RP-TN-01
Crack
Mortar
Repair with
RE-TN-02
Epoxy Resin
Repair with
Spalling
Cementitious
RP-TN-03
Edge
Mortar
Repair with
Spalling
Cementitious
RP-TN-03
Recesses
Mortar
Repair with
Voids or
Cementitious
RP-TN-04
Blowholes
Mortar
Repair with High
RP-TN-05
Strength Mortar
Document No.
[3] Chapter: Guildline For Repair, Page: 6
STECON
บริษัท ชิโน-ไทย เ รี ย ง แอนด์ คอนสตรัคชั่น จำกัด (มหาชน)
SINO-THA ENGINEERING & CONSTRUCTION PUBLIC COMPANY LIMITED
Project: SEWERAGE TUNNEL BUNG NONG BON
TO CHAOPHRAYA RIVER
[
• รูฟองอากาศ (Voids or Blowholes)
[
[
[
A.Outside Surface
B.Inside Surface
[
[
[
C.Gasket Surface
Table4 Guideline for Voids or Blowholes Repair
[
Action
1.No Repair
Reference Method
[
2.Repair with
Cementitious
Mortar
A(mm.)
B(mm.)
C(mm.)
Wide: <2
RP-TN-04
Wide: A≤10
Depth: A≤10
Wide: 2<B≤10
Depth: B≤10
Wide: C≤10
Depth: C≤10
3.Repair with
High Strength
RP-TN-05
Mortar
Wide: A>10
Depth: A>10
Wide: A>10
Depth: A>10
Wide A 10
Depth: A>10
Rebar exposed
Rebar exposed
Rebar exposed
[
[
4.Reject
Document No.
[4] Chapter: Voids And Blowholes Repair, Page: 33
[
[
[
[
บริษัท จิ น ไ ย เ น นี ชิ่ง แอนด์ คอนสตรีคชั่น จํากัด (มหาชน)
STECON
SING THAI TUNHEING & CONSTRUCTION PUBHE COMPANY LIMITLEY
Project: SEWERAGE TUNNEL BUNG NONG BON
TO CHAOPHRAYA RIVER
© RP-TN-04 (Voids and Blowholes Repair With Cementitious Mortar)
สำหรับการซ่อมแซมรูฟองอากาศที่มีขนาดความกว้างและความลึกมากกว่า 2 mm.",extractive-fallback,"RP-TN-04
Release/Amendment
Page No.
[1] Chapter: Voids And Blowholes Repair, Page: 32
[
STECON
- ()
SING THEM EIGINIERING & CORRUCAPANY LIMITED
RP-TN-04
VOIDS AND BLOWHOLES REPAIR
PROJECT: SEWERAGE TUNNEL BUNG NONG BON TO
CHAOPHRAYA RIVER
32
[2] Chapter: Guildline For Repair, Page: 7
STECON
บวิชา โน-ไทย เ คีเนียชิ่ง แอนด์ คอนสตรัคชั่น จํากัด (มหาชน)
Project: SEWERAGE TUNNEL BUNG NONG BON
SING THAI ENGINEERING & CONSTRUCTION PUBLIC COMPANY LIMITED
TO CHAOPHRAYA RIVER
ตารางแสดงวัสดุที่ใช้ซ่อมแซมความเสียหายประเภทต่างๆ
ประเภทของวัสดุซ่อมแซม
ประเภท
วิธีการ
ความ
Method
Reference | ปูนฉาบ | ปูนฉาบ
ซ่อม
อพอก
อีพ็อกซี่
วัสดุ
ซ่อม
ซเรซน มอรตาร เชอม
เชื่อม
เสียหาย
ซ่อมแซม
กำลังอัด
ประสาน
สูง
คอนกรีต
Repair with
Cementitious
RP-TN-01
Crack
Mortar
Repair with
RE-TN-02
Epoxy Resin
Repair with
Spalling
Cementitious
RP-TN-03
Edge
Mortar
Repair with
Spalling
Cementitious
RP-TN-03
Recesses
Mortar
Repair with
Voids or
Cementitious
RP-TN-04
Blowholes
Mortar
Repair with High
RP-TN-05
Strength Mortar
Document No.
[3] Chapter: Guildline For Repair, Page: 6
STECON
บริษัท ชิโน-ไทย เ รี ย ง แอนด์ คอนสตรัคชั่น จำกัด (มหาชน)
SINO-THA ENGINEERING & CONSTRUCTION PUBLIC COMPANY LIMITED
Project: SEWERAGE TUNNEL BUNG NONG BON
TO CHAOPHRAYA RIVER
[
• รูฟองอากาศ (Voids or Blowholes)
[
[
[
A.Outside Surface
B.Inside Surface
[
[
[
C.Gasket Surface
Table4 Guideline for Voids or Blowholes Repair
[
Action
1.No Repair
Reference Method
[
2.Repair with
Cementitious
Mortar
A(mm.)
B(mm.)
C(mm.)
Wide: <2
RP-TN-04
Wide: A≤10
Depth: A≤10
Wide: 2<B≤10
Depth: B≤10
Wide: C≤10
Depth: C≤10
3.Repair with
High Strength
RP-TN-05
Mortar
Wide: A>10
Depth: A>10
Wide: A>10
Depth: A>10
Wide A 10
Depth: A>10
Rebar exposed
Rebar exposed
Rebar exposed
[
[
4.Reject
Document No.
[4] Chapter: Voids And Blowholes Repair, Page: 33
[
[
[
[
บริษัท จิ น ไ ย เ น นี ชิ่ง แอนด์ คอนสตรีคชั่น จํากัด (มหาชน)
STECON
SING THAI TUNHEING & CONSTRUCTION PUBHE COMPANY LIMITLEY
Project: SEWERAGE TUNNEL BUNG NONG BON
TO CHAOPHRAYA RIVER
© RP-TN-04 (Voids and Blowholes Repair With Cementitious Mortar)
สำหรับการซ่อมแซมรูฟองอากาศที่มีขนาดความกว้างและความลึกมากกว่า 2 mm."
 การซ่อมรอยร้าวที่มีความลึกน้อยกว่า 15 มม. สำหรับ Shrinkage Crack ถือเป็นเกณฑ์อะไร," หากความกว้าง B <= 0.3 มม. ถือว่า ""ไม่ต้องซ่อมแซม"" (No Repair)",3,Construction-Related,Repair Method,"ถ้าต้องการความหนาเกิน 2 มม.
(คอนกรีตแตกก่อน)
ต่อเหล็ก 10-15 นิวตัน / ตร.มม.
รวมทั้งใช้ในการ
ซ่อมแซมรอยร้าวแบบ Shrinkage Crack ที่มีความกว้าง 0.3-0.5mm.
ควรฉาบหรือรีดทีละชั้นๆ ละไม่เกิน 2 มม.
ต่อคอนกรีต 3-4 นิวตัน / ตร.มม.",3,extractive-fallback,"ถ้าต้องการความหนาเกิน 2 มม.
(คอนกรีตแตกก่อน)
ต่อเหล็ก 10-15 นิวตัน / ตร.มม.
รวมทั้งใช้ในการ
ซ่อมแซมรอยร้าวแบบ Shrinkage Crack ที่มีความกว้าง 0.3-0.5mm.
ควรฉาบหรือรีดทีละชั้นๆ ละไม่เกิน 2 มม.
ต่อคอนกรีต 3-4 นิวตัน / ตร.มม.",Construction-Related,Repair Method,"ถ้าต้องการความหนาเกิน 2 มม.
(คอนกรีตแตกก่อน)
ต่อเหล็ก 10-15 นิวตัน / ตร.มม.
รวมทั้งใช้ในการ
ซ่อมแซมรอยร้าวแบบ Shrinkage Crack ที่มีความกว้าง 0.3-0.5mm.
ควรฉาบหรือรีดทีละชั้นๆ ละไม่เกิน 2 มม.
ต่อคอนกรีต 3-4 นิวตัน / ตร.มม.",3,extractive-fallback,"ถ้าต้องการความหนาเกิน 2 มม.
(คอนกรีตแตกก่อน)
ต่อเหล็ก 10-15 นิวตัน / ตร.มม.
รวมทั้งใช้ในการ
ซ่อมแซมรอยร้าวแบบ Shrinkage Crack ที่มีความกว้าง 0.3-0.5mm.
ควรฉาบหรือรีดทีละชั้นๆ ละไม่เกิน 2 มม.
ต่อคอนกรีต 3-4 นิวตัน / ตร.มม.",Construction-Related,Repair Method,"ถ้าต้องการความหนาเกิน 2 มม.
(คอนกรีตแตกก่อน)
ต่อเหล็ก 10-15 นิวตัน / ตร.มม.
รวมทั้งใช้ในการ
ซ่อมแซมรอยร้าวแบบ Shrinkage Crack ที่มีความกว้าง 0.3-0.5mm.
ควรฉาบหรือรีดทีละชั้นๆ ละไม่เกิน 2 มม.
ต่อคอนกรีต 3-4 นิวตัน / ตร.มม.",3,extractive-fallback,"ถ้าต้องการความหนาเกิน 2 มม.
(คอนกรีตแตกก่อน)
ต่อเหล็ก 10-15 นิวตัน / ตร.มม.
รวมทั้งใช้ในการ
ซ่อมแซมรอยร้าวแบบ Shrinkage Crack ที่มีความกว้าง 0.3-0.5mm.
ควรฉาบหรือรีดทีละชั้นๆ ละไม่เกิน 2 มม.
ต่อคอนกรีต 3-4 นิวตัน / ตร.มม.",Construction-Related,Repair Method,"ถ้าต้องการความหนาเกิน 2 มม.
(คอนกรีตแตกก่อน)
ต่อเหล็ก 10-15 นิวตัน / ตร.มม.
รวมทั้งใช้ในการ
ซ่อมแซมรอยร้าวแบบ Shrinkage Crack ที่มีความกว้าง 0.3-0.5mm.
ควรฉาบหรือรีดทีละชั้นๆ ละไม่เกิน 2 มม.
ต่อคอนกรีต 3-4 นิวตัน / ตร.มม.",3,extractive-fallback,"ถ้าต้องการความหนาเกิน 2 มม.
(คอนกรีตแตกก่อน)
ต่อเหล็ก 10-15 นิวตัน / ตร.มม.
รวมทั้งใช้ในการ
ซ่อมแซมรอยร้าวแบบ Shrinkage Crack ที่มีความกว้าง 0.3-0.5mm.
ควรฉาบหรือรีดทีละชั้นๆ ละไม่เกิน 2 มม.
ต่อคอนกรีต 3-4 นิวตัน / ตร.มม."
 ข้อกำหนดเพิ่มเติมในตาราง Guideline for Voids Repair ระบุขนาดความกว้างของรูฟองอากาศบริเวณ Gasket (C) สำหรับการซ่อมด้วย Cementitious Mortar ไว้อย่างไร, ความกว้าง (Wide) C ต้องน้อยกว่าหรือเท่ากับ 10 มม.,6,Construction-Related,Material,"[2] Chapter: Guildline For Repair, Page: 6
STECON
บริษัท ชิโน-ไทย เ รี ย ง แอนด์ คอนสตรัคชั่น จำกัด (มหาชน)
SINO-THA ENGINEERING & CONSTRUCTION PUBLIC COMPANY LIMITED
Project: SEWERAGE TUNNEL BUNG NONG BON
TO CHAOPHRAYA RIVER
[
• รูฟองอากาศ (Voids or Blowholes)
[
[
[
A.Outside Surface
B.Inside Surface
[
[
[
C.Gasket Surface
Table4 Guideline for Voids or Blowholes Repair
[
Action
1.No Repair
Reference Method
[
2.Repair with
Cementitious
Mortar
A(mm.)
B(mm.)
C(mm.)
Wide: <2
RP-TN-04
Wide: A≤10
Depth: A≤10
Wide: 2<B≤10
Depth: B≤10
Wide: C≤10
Depth: C≤10
3.Repair with
High Strength
RP-TN-05
Mortar
Wide: A>10
Depth: A>10
Wide: A>10
Depth: A>10
Wide A 10
Depth: A>10
Rebar exposed
Rebar exposed
Rebar exposed
[
[
4.Reject
Document No.
[1] Chapter: Guildline For Repair, Page: 7
STECON
บวิชา โน-ไทย เ คีเนียชิ่ง แอนด์ คอนสตรัคชั่น จํากัด (มหาชน)
Project: SEWERAGE TUNNEL BUNG NONG BON
SING THAI ENGINEERING & CONSTRUCTION PUBLIC COMPANY LIMITED
TO CHAOPHRAYA RIVER
ตารางแสดงวัสดุที่ใช้ซ่อมแซมความเสียหายประเภทต่างๆ
ประเภทของวัสดุซ่อมแซม
ประเภท
วิธีการ
ความ
Method
Reference | ปูนฉาบ | ปูนฉาบ
ซ่อม
อพอก
อีพ็อกซี่
วัสดุ
ซ่อม
ซเรซน มอรตาร เชอม
เชื่อม
เสียหาย
ซ่อมแซม
กำลังอัด
ประสาน
สูง
คอนกรีต
Repair with
Cementitious
RP-TN-01
Crack
Mortar
Repair with
RE-TN-02
Epoxy Resin
Repair with
Spalling
Cementitious
RP-TN-03
Edge
Mortar
Repair with
Spalling
Cementitious
RP-TN-03
Recesses
Mortar
Repair with
Voids or
Cementitious
RP-TN-04
Blowholes
Mortar
Repair with High
RP-TN-05
Strength Mortar
Document No.
[3] Chapter: Guildline For Repair, Page: 5
STECON
นที ท ชิน-ไทย เ คีเนีย แลนด์ ทอน หรือ น จํากัด (มหาชน)
SINCE THEM ENGINEERING SECTANTRUCTION POBLE COMPARTY (IMETER
Project: SEWERAGE TUNNEL BUNG NONG BON
TO CHAOPHRAYA RIVER
• แตกบินบริเวณ Gasket (Spalling Recesses)
A
I
C
B
-
Table3 Guideline for Recesses Repair
Action
Reference Method
A(mm.)
B(mm.)
C(mm.)
1.No Repair
<2
<2
2.Repair with
Cementious
RP-TN-03
2-10
5-30
0-10
Mortar
3.Reject
>10
>30
>10
Document No.
Segment Type:
Ring No
SKETCH DEFECT
Note: The above picture is for guideline of Tunnel segment.
Voids or Blowholes
Repair by:
To be Executed at:
Precast Yard
After Erection
ACCEPTANCE
The repair is inspected and accepted:
Yes
No
Action:
Production Engineer
QC Engineer
Consultant
Date.../........","6
STECON
บริษัท ชิโน-ไทย เ รี ย ง แอนด์ คอนสตรัคชั่น จำกัด (มหาชน)
SINO-THA ENGINEERING & CONSTRUCTION PUBLIC COMPANY LIMITED
Project: SEWERAGE TUNNEL BUNG NONG BON
TO CHAOPHRAYA RIVER
[
• รูฟองอากาศ (Voids or Blowholes)
[
[
[
A.Outside Surface
B.Inside Surface
[
[
[
C.Gasket Surface
Table4 Guideline for Voids or Blowholes Repair
[
Action
1.No Repair
Reference Method
[
2.Repair with
Cementitious
Mortar
A(mm.)
B(mm.)
C(mm.)
Wide: <2
RP-TN-04
Wide: A≤10
Depth: A≤10
Wide: 2<B≤10
Depth: B≤10
Wide: C≤10
Depth: C≤10
3.Repair with
High Strength
RP-TN-05
Mortar
Wide: A>10
Depth: A>10
Wide: A>10
Depth: A>10
Wide A 10
Depth: A>10
Rebar exposed
Rebar exposed
Rebar exposed
[
[
4.Reject
Document No.
[1] Chapter: Guildline For Repair, Page: 7
STECON
บวิชา โน-ไทย เ คีเนียชิ่ง แอนด์ คอนสตรัคชั่น จํากัด (มหาชน)
Project: SEWERAGE TUNNEL BUNG NONG BON
SING THAI ENGINEERING & CONSTRUCTION PUBLIC COMPANY LIMITED
TO CHAOPHRAYA RIVER
ตารางแสดงวัสดุที่ใช้ซ่อมแซมความเสียหายประเภทต่างๆ
ประเภทของวัสดุซ่อมแซม
ประเภท
วิธีการ
ความ
Method
Reference | ปูนฉาบ | ปูนฉาบ
ซ่อม
อพอก
อีพ็อกซี่
วัสดุ
ซ่อม
ซเรซน มอรตาร เชอม
เชื่อม
เสียหาย
ซ่อมแซม
กำลังอัด
ประสาน
สูง
คอนกรีต
Repair with
Cementitious
RP-TN-01
Crack
Mortar
Repair with
RE-TN-02
Epoxy Resin
Repair with
Spalling
Cementitious
RP-TN-03
Edge
Mortar
Repair with
Spalling
Cementitious
RP-TN-03
Recesses
Mortar
Repair with
Voids or
Cementitious
RP-TN-04
Blowholes
Mortar
Repair with High
RP-TN-05
Strength Mortar
Document No.
[3] Chapter: Guildline For Repair, Page: 5
STECON
นที ท ชิน-ไทย เ คีเนีย แลนด์ ทอน หรือ น จํากัด (มหาชน)
SINCE THEM ENGINEERING SECTANTRUCTION POBLE COMPARTY (IMETER
Project: SEWERAGE TUNNEL BUNG NONG BON
TO CHAOPHRAYA RIVER
• แตกบินบริเวณ Gasket (Spalling Recesses)
A
I
C
B
-
Table3 Guideline for Recesses Repair
Action
Reference Method
A(mm.)
B(mm.)
C(mm.)
1.No Repair
<2
<2
2.Repair with
Cementious
RP-TN-03
2-10
5-30
0-10
Mortar
3.Reject
>10
>30
>10
Document No.
Segment Type:
Ring No
SKETCH DEFECT
Note: The above picture is for guideline of Tunnel segment.
Voids or Blowholes
Repair by:
To be Executed at:
Precast Yard
After Erection
ACCEPTANCE
The repair is inspected and accepted:
Yes
No
Action:
Production Engineer
QC Engineer
Consultant
Date.../........",extractive-fallback,"[2] Chapter: Guildline For Repair, Page: 6
STECON
บริษัท ชิโน-ไทย เ รี ย ง แอนด์ คอนสตรัคชั่น จำกัด (มหาชน)
SINO-THA ENGINEERING & CONSTRUCTION PUBLIC COMPANY LIMITED
Project: SEWERAGE TUNNEL BUNG NONG BON
TO CHAOPHRAYA RIVER
[
• รูฟองอากาศ (Voids or Blowholes)
[
[
[
A.Outside Surface
B.Inside Surface
[
[
[
C.Gasket Surface
Table4 Guideline for Voids or Blowholes Repair
[
Action
1.No Repair
Reference Method
[
2.Repair with
Cementitious
Mortar
A(mm.)
B(mm.)
C(mm.)
Wide: <2
RP-TN-04
Wide: A≤10
Depth: A≤10
Wide: 2<B≤10
Depth: B≤10
Wide: C≤10
Depth: C≤10
3.Repair with
High Strength
RP-TN-05
Mortar
Wide: A>10
Depth: A>10
Wide: A>10
Depth: A>10
Wide A 10
Depth: A>10
Rebar exposed
Rebar exposed
Rebar exposed
[
[
4.Reject
Document No.
[1] Chapter: Guildline For Repair, Page: 7
STECON
บวิชา โน-ไทย เ คีเนียชิ่ง แอนด์ คอนสตรัคชั่น จํากัด (มหาชน)
Project: SEWERAGE TUNNEL BUNG NONG BON
SING THAI ENGINEERING & CONSTRUCTION PUBLIC COMPANY LIMITED
TO CHAOPHRAYA RIVER
ตารางแสดงวัสดุที่ใช้ซ่อมแซมความเสียหายประเภทต่างๆ
ประเภทของวัสดุซ่อมแซม
ประเภท
วิธีการ
ความ
Method
Reference | ปูนฉาบ | ปูนฉาบ
ซ่อม
อพอก
อีพ็อกซี่
วัสดุ
ซ่อม
ซเรซน มอรตาร เชอม
เชื่อม
เสียหาย
ซ่อมแซม
กำลังอัด
ประสาน
สูง
คอนกรีต
Repair with
Cementitious
RP-TN-01
Crack
Mortar
Repair with
RE-TN-02
Epoxy Resin
Repair with
Spalling
Cementitious
RP-TN-03
Edge
Mortar
Repair with
Spalling
Cementitious
RP-TN-03
Recesses
Mortar
Repair with
Voids or
Cementitious
RP-TN-04
Blowholes
Mortar
Repair with High
RP-TN-05
Strength Mortar
Document No.
[3] Chapter: Guildline For Repair, Page: 5
STECON
นที ท ชิน-ไทย เ คีเนีย แลนด์ ทอน หรือ น จํากัด (มหาชน)
SINCE THEM ENGINEERING SECTANTRUCTION POBLE COMPARTY (IMETER
Project: SEWERAGE TUNNEL BUNG NONG BON
TO CHAOPHRAYA RIVER
• แตกบินบริเวณ Gasket (Spalling Recesses)
A
I
C
B
-
Table3 Guideline for Recesses Repair
Action
Reference Method
A(mm.)
B(mm.)
C(mm.)
1.No Repair
<2
<2
2.Repair with
Cementious
RP-TN-03
2-10
5-30
0-10
Mortar
3.Reject
>10
>30
>10
Document No.
Segment Type:
Ring No
SKETCH DEFECT
Note: The above picture is for guideline of Tunnel segment.
Voids or Blowholes
Repair by:
To be Executed at:
Precast Yard
After Erection
ACCEPTANCE
The repair is inspected and accepted:
Yes
No
Action:
Production Engineer
QC Engineer
Consultant
Date.../........",Construction-Related,Material,"[2] Chapter: Guildline For Repair, Page: 6
STECON
บริษัท ชิโน-ไทย เ รี ย ง แอนด์ คอนสตรัคชั่น จำกัด (มหาชน)
SINO-THA ENGINEERING & CONSTRUCTION PUBLIC COMPANY LIMITED
Project: SEWERAGE TUNNEL BUNG NONG BON
TO CHAOPHRAYA RIVER
[
• รูฟองอากาศ (Voids or Blowholes)
[
[
[
A.Outside Surface
B.Inside Surface
[
[
[
C.Gasket Surface
Table4 Guideline for Voids or Blowholes Repair
[
Action
1.No Repair
Reference Method
[
2.Repair with
Cementitious
Mortar
A(mm.)
B(mm.)
C(mm.)
Wide: <2
RP-TN-04
Wide: A≤10
Depth: A≤10
Wide: 2<B≤10
Depth: B≤10
Wide: C≤10
Depth: C≤10
3.Repair with
High Strength
RP-TN-05
Mortar
Wide: A>10
Depth: A>10
Wide: A>10
Depth: A>10
Wide A 10
Depth: A>10
Rebar exposed
Rebar exposed
Rebar exposed
[
[
4.Reject
Document No.
[1] Chapter: Guildline For Repair, Page: 7
STECON
บวิชา โน-ไทย เ คีเนียชิ่ง แอนด์ คอนสตรัคชั่น จํากัด (มหาชน)
Project: SEWERAGE TUNNEL BUNG NONG BON
SING THAI ENGINEERING & CONSTRUCTION PUBLIC COMPANY LIMITED
TO CHAOPHRAYA RIVER
ตารางแสดงวัสดุที่ใช้ซ่อมแซมความเสียหายประเภทต่างๆ
ประเภทของวัสดุซ่อมแซม
ประเภท
วิธีการ
ความ
Method
Reference | ปูนฉาบ | ปูนฉาบ
ซ่อม
อพอก
อีพ็อกซี่
วัสดุ
ซ่อม
ซเรซน มอรตาร เชอม
เชื่อม
เสียหาย
ซ่อมแซม
กำลังอัด
ประสาน
สูง
คอนกรีต
Repair with
Cementitious
RP-TN-01
Crack
Mortar
Repair with
RE-TN-02
Epoxy Resin
Repair with
Spalling
Cementitious
RP-TN-03
Edge
Mortar
Repair with
Spalling
Cementitious
RP-TN-03
Recesses
Mortar
Repair with
Voids or
Cementitious
RP-TN-04
Blowholes
Mortar
Repair with High
RP-TN-05
Strength Mortar
Document No.
[3] Chapter: Guildline For Repair, Page: 5
STECON
นที ท ชิน-ไทย เ คีเนีย แลนด์ ทอน หรือ น จํากัด (มหาชน)
SINCE THEM ENGINEERING SECTANTRUCTION POBLE COMPARTY (IMETER
Project: SEWERAGE TUNNEL BUNG NONG BON
TO CHAOPHRAYA RIVER
• แตกบินบริเวณ Gasket (Spalling Recesses)
A
I
C
B
-
Table3 Guideline for Recesses Repair
Action
Reference Method
A(mm.)
B(mm.)
C(mm.)
1.No Repair
<2
<2
2.Repair with
Cementious
RP-TN-03
2-10
5-30
0-10
Mortar
3.Reject
>10
>30
>10
Document No.
Segment Type:
Ring No
SKETCH DEFECT
Note: The above picture is for guideline of Tunnel segment.
Voids or Blowholes
Repair by:
To be Executed at:
Precast Yard
After Erection
ACCEPTANCE
The repair is inspected and accepted:
Yes
No
Action:
Production Engineer
QC Engineer
Consultant
Date.../........","6
STECON
บริษัท ชิโน-ไทย เ รี ย ง แอนด์ คอนสตรัคชั่น จำกัด (มหาชน)
SINO-THA ENGINEERING & CONSTRUCTION PUBLIC COMPANY LIMITED
Project: SEWERAGE TUNNEL BUNG NONG BON
TO CHAOPHRAYA RIVER
[
• รูฟองอากาศ (Voids or Blowholes)
[
[
[
A.Outside Surface
B.Inside Surface
[
[
[
C.Gasket Surface
Table4 Guideline for Voids or Blowholes Repair
[
Action
1.No Repair
Reference Method
[
2.Repair with
Cementitious
Mortar
A(mm.)
B(mm.)
C(mm.)
Wide: <2
RP-TN-04
Wide: A≤10
Depth: A≤10
Wide: 2<B≤10
Depth: B≤10
Wide: C≤10
Depth: C≤10
3.Repair with
High Strength
RP-TN-05
Mortar
Wide: A>10
Depth: A>10
Wide: A>10
Depth: A>10
Wide A 10
Depth: A>10
Rebar exposed
Rebar exposed
Rebar exposed
[
[
4.Reject
Document No.
[1] Chapter: Guildline For Repair, Page: 7
STECON
บวิชา โน-ไทย เ คีเนียชิ่ง แอนด์ คอนสตรัคชั่น จํากัด (มหาชน)
Project: SEWERAGE TUNNEL BUNG NONG BON
SING THAI ENGINEERING & CONSTRUCTION PUBLIC COMPANY LIMITED
TO CHAOPHRAYA RIVER
ตารางแสดงวัสดุที่ใช้ซ่อมแซมความเสียหายประเภทต่างๆ
ประเภทของวัสดุซ่อมแซม
ประเภท
วิธีการ
ความ
Method
Reference | ปูนฉาบ | ปูนฉาบ
ซ่อม
อพอก
อีพ็อกซี่
วัสดุ
ซ่อม
ซเรซน มอรตาร เชอม
เชื่อม
เสียหาย
ซ่อมแซม
กำลังอัด
ประสาน
สูง
คอนกรีต
Repair with
Cementitious
RP-TN-01
Crack
Mortar
Repair with
RE-TN-02
Epoxy Resin
Repair with
Spalling
Cementitious
RP-TN-03
Edge
Mortar
Repair with
Spalling
Cementitious
RP-TN-03
Recesses
Mortar
Repair with
Voids or
Cementitious
RP-TN-04
Blowholes
Mortar
Repair with High
RP-TN-05
Strength Mortar
Document No.
[3] Chapter: Guildline For Repair, Page: 5
STECON
นที ท ชิน-ไทย เ คีเนีย แลนด์ ทอน หรือ น จํากัด (มหาชน)
SINCE THEM ENGINEERING SECTANTRUCTION POBLE COMPARTY (IMETER
Project: SEWERAGE TUNNEL BUNG NONG BON
TO CHAOPHRAYA RIVER
• แตกบินบริเวณ Gasket (Spalling Recesses)
A
I
C
B
-
Table3 Guideline for Recesses Repair
Action
Reference Method
A(mm.)
B(mm.)
C(mm.)
1.No Repair
<2
<2
2.Repair with
Cementious
RP-TN-03
2-10
5-30
0-10
Mortar
3.Reject
>10
>30
>10
Document No.
Segment Type:
Ring No
SKETCH DEFECT
Note: The above picture is for guideline of Tunnel segment.
Voids or Blowholes
Repair by:
To be Executed at:
Precast Yard
After Erection
ACCEPTANCE
The repair is inspected and accepted:
Yes
No
Action:
Production Engineer
QC Engineer
Consultant
Date.../........",extractive-fallback,"[2] Chapter: Guildline For Repair, Page: 6
STECON
บริษัท ชิโน-ไทย เ รี ย ง แอนด์ คอนสตรัคชั่น จำกัด (มหาชน)
SINO-THA ENGINEERING & CONSTRUCTION PUBLIC COMPANY LIMITED
Project: SEWERAGE TUNNEL BUNG NONG BON
TO CHAOPHRAYA RIVER
[
• รูฟองอากาศ (Voids or Blowholes)
[
[
[
A.Outside Surface
B.Inside Surface
[
[
[
C.Gasket Surface
Table4 Guideline for Voids or Blowholes Repair
[
Action
1.No Repair
Reference Method
[
2.Repair with
Cementitious
Mortar
A(mm.)
B(mm.)
C(mm.)
Wide: <2
RP-TN-04
Wide: A≤10
Depth: A≤10
Wide: 2<B≤10
Depth: B≤10
Wide: C≤10
Depth: C≤10
3.Repair with
High Strength
RP-TN-05
Mortar
Wide: A>10
Depth: A>10
Wide: A>10
Depth: A>10
Wide A 10
Depth: A>10
Rebar exposed
Rebar exposed
Rebar exposed
[
[
4.Reject
Document No.
[1] Chapter: Guildline For Repair, Page: 7
STECON
บวิชา โน-ไทย เ คีเนียชิ่ง แอนด์ คอนสตรัคชั่น จํากัด (มหาชน)
Project: SEWERAGE TUNNEL BUNG NONG BON
SING THAI ENGINEERING & CONSTRUCTION PUBLIC COMPANY LIMITED
TO CHAOPHRAYA RIVER
ตารางแสดงวัสดุที่ใช้ซ่อมแซมความเสียหายประเภทต่างๆ
ประเภทของวัสดุซ่อมแซม
ประเภท
วิธีการ
ความ
Method
Reference | ปูนฉาบ | ปูนฉาบ
ซ่อม
อพอก
อีพ็อกซี่
วัสดุ
ซ่อม
ซเรซน มอรตาร เชอม
เชื่อม
เสียหาย
ซ่อมแซม
กำลังอัด
ประสาน
สูง
คอนกรีต
Repair with
Cementitious
RP-TN-01
Crack
Mortar
Repair with
RE-TN-02
Epoxy Resin
Repair with
Spalling
Cementitious
RP-TN-03
Edge
Mortar
Repair with
Spalling
Cementitious
RP-TN-03
Recesses
Mortar
Repair with
Voids or
Cementitious
RP-TN-04
Blowholes
Mortar
Repair with High
RP-TN-05
Strength Mortar
Document No.
[3] Chapter: Guildline For Repair, Page: 5
STECON
นที ท ชิน-ไทย เ คีเนีย แลนด์ ทอน หรือ น จํากัด (มหาชน)
SINCE THEM ENGINEERING SECTANTRUCTION POBLE COMPARTY (IMETER
Project: SEWERAGE TUNNEL BUNG NONG BON
TO CHAOPHRAYA RIVER
• แตกบินบริเวณ Gasket (Spalling Recesses)
A
I
C
B
-
Table3 Guideline for Recesses Repair
Action
Reference Method
A(mm.)
B(mm.)
C(mm.)
1.No Repair
<2
<2
2.Repair with
Cementious
RP-TN-03
2-10
5-30
0-10
Mortar
3.Reject
>10
>30
>10
Document No.
Segment Type:
Ring No
SKETCH DEFECT
Note: The above picture is for guideline of Tunnel segment.
Voids or Blowholes
Repair by:
To be Executed at:
Precast Yard
After Erection
ACCEPTANCE
The repair is inspected and accepted:
Yes
No
Action:
Production Engineer
QC Engineer
Consultant
Date.../........",Construction-Related,Material,"[2] Chapter: Guildline For Repair, Page: 6
STECON
บริษัท ชิโน-ไทย เ รี ย ง แอนด์ คอนสตรัคชั่น จำกัด (มหาชน)
SINO-THA ENGINEERING & CONSTRUCTION PUBLIC COMPANY LIMITED
Project: SEWERAGE TUNNEL BUNG NONG BON
TO CHAOPHRAYA RIVER
[
• รูฟองอากาศ (Voids or Blowholes)
[
[
[
A.Outside Surface
B.Inside Surface
[
[
[
C.Gasket Surface
Table4 Guideline for Voids or Blowholes Repair
[
Action
1.No Repair
Reference Method
[
2.Repair with
Cementitious
Mortar
A(mm.)
B(mm.)
C(mm.)
Wide: <2
RP-TN-04
Wide: A≤10
Depth: A≤10
Wide: 2<B≤10
Depth: B≤10
Wide: C≤10
Depth: C≤10
3.Repair with
High Strength
RP-TN-05
Mortar
Wide: A>10
Depth: A>10
Wide: A>10
Depth: A>10
Wide A 10
Depth: A>10
Rebar exposed
Rebar exposed
Rebar exposed
[
[
4.Reject
Document No.
[1] Chapter: Guildline For Repair, Page: 7
STECON
บวิชา โน-ไทย เ คีเนียชิ่ง แอนด์ คอนสตรัคชั่น จํากัด (มหาชน)
Project: SEWERAGE TUNNEL BUNG NONG BON
SING THAI ENGINEERING & CONSTRUCTION PUBLIC COMPANY LIMITED
TO CHAOPHRAYA RIVER
ตารางแสดงวัสดุที่ใช้ซ่อมแซมความเสียหายประเภทต่างๆ
ประเภทของวัสดุซ่อมแซม
ประเภท
วิธีการ
ความ
Method
Reference | ปูนฉาบ | ปูนฉาบ
ซ่อม
อพอก
อีพ็อกซี่
วัสดุ
ซ่อม
ซเรซน มอรตาร เชอม
เชื่อม
เสียหาย
ซ่อมแซม
กำลังอัด
ประสาน
สูง
คอนกรีต
Repair with
Cementitious
RP-TN-01
Crack
Mortar
Repair with
RE-TN-02
Epoxy Resin
Repair with
Spalling
Cementitious
RP-TN-03
Edge
Mortar
Repair with
Spalling
Cementitious
RP-TN-03
Recesses
Mortar
Repair with
Voids or
Cementitious
RP-TN-04
Blowholes
Mortar
Repair with High
RP-TN-05
Strength Mortar
Document No.
[3] Chapter: Guildline For Repair, Page: 5
STECON
นที ท ชิน-ไทย เ คีเนีย แลนด์ ทอน หรือ น จํากัด (มหาชน)
SINCE THEM ENGINEERING SECTANTRUCTION POBLE COMPARTY (IMETER
Project: SEWERAGE TUNNEL BUNG NONG BON
TO CHAOPHRAYA RIVER
• แตกบินบริเวณ Gasket (Spalling Recesses)
A
I
C
B
-
Table3 Guideline for Recesses Repair
Action
Reference Method
A(mm.)
B(mm.)
C(mm.)
1.No Repair
<2
<2
2.Repair with
Cementious
RP-TN-03
2-10
5-30
0-10
Mortar
3.Reject
>10
>30
>10
Document No.
Segment Type:
Ring No
SKETCH DEFECT
Note: The above picture is for guideline of Tunnel segment.
Voids or Blowholes
Repair by:
To be Executed at:
Precast Yard
After Erection
ACCEPTANCE
The repair is inspected and accepted:
Yes
No
Action:
Production Engineer
QC Engineer
Consultant
Date.../........","6
STECON
บริษัท ชิโน-ไทย เ รี ย ง แอนด์ คอนสตรัคชั่น จำกัด (มหาชน)
SINO-THA ENGINEERING & CONSTRUCTION PUBLIC COMPANY LIMITED
Project: SEWERAGE TUNNEL BUNG NONG BON
TO CHAOPHRAYA RIVER
[
• รูฟองอากาศ (Voids or Blowholes)
[
[
[
A.Outside Surface
B.Inside Surface
[
[
[
C.Gasket Surface
Table4 Guideline for Voids or Blowholes Repair
[
Action
1.No Repair
Reference Method
[
2.Repair with
Cementitious
Mortar
A(mm.)
B(mm.)
C(mm.)
Wide: <2
RP-TN-04
Wide: A≤10
Depth: A≤10
Wide: 2<B≤10
Depth: B≤10
Wide: C≤10
Depth: C≤10
3.Repair with
High Strength
RP-TN-05
Mortar
Wide: A>10
Depth: A>10
Wide: A>10
Depth: A>10
Wide A 10
Depth: A>10
Rebar exposed
Rebar exposed
Rebar exposed
[
[
4.Reject
Document No.
[1] Chapter: Guildline For Repair, Page: 7
STECON
บวิชา โน-ไทย เ คีเนียชิ่ง แอนด์ คอนสตรัคชั่น จํากัด (มหาชน)
Project: SEWERAGE TUNNEL BUNG NONG BON
SING THAI ENGINEERING & CONSTRUCTION PUBLIC COMPANY LIMITED
TO CHAOPHRAYA RIVER
ตารางแสดงวัสดุที่ใช้ซ่อมแซมความเสียหายประเภทต่างๆ
ประเภทของวัสดุซ่อมแซม
ประเภท
วิธีการ
ความ
Method
Reference | ปูนฉาบ | ปูนฉาบ
ซ่อม
อพอก
อีพ็อกซี่
วัสดุ
ซ่อม
ซเรซน มอรตาร เชอม
เชื่อม
เสียหาย
ซ่อมแซม
กำลังอัด
ประสาน
สูง
คอนกรีต
Repair with
Cementitious
RP-TN-01
Crack
Mortar
Repair with
RE-TN-02
Epoxy Resin
Repair with
Spalling
Cementitious
RP-TN-03
Edge
Mortar
Repair with
Spalling
Cementitious
RP-TN-03
Recesses
Mortar
Repair with
Voids or
Cementitious
RP-TN-04
Blowholes
Mortar
Repair with High
RP-TN-05
Strength Mortar
Document No.
[3] Chapter: Guildline For Repair, Page: 5
STECON
นที ท ชิน-ไทย เ คีเนีย แลนด์ ทอน หรือ น จํากัด (มหาชน)
SINCE THEM ENGINEERING SECTANTRUCTION POBLE COMPARTY (IMETER
Project: SEWERAGE TUNNEL BUNG NONG BON
TO CHAOPHRAYA RIVER
• แตกบินบริเวณ Gasket (Spalling Recesses)
A
I
C
B
-
Table3 Guideline for Recesses Repair
Action
Reference Method
A(mm.)
B(mm.)
C(mm.)
1.No Repair
<2
<2
2.Repair with
Cementious
RP-TN-03
2-10
5-30
0-10
Mortar
3.Reject
>10
>30
>10
Document No.
Segment Type:
Ring No
SKETCH DEFECT
Note: The above picture is for guideline of Tunnel segment.
Voids or Blowholes
Repair by:
To be Executed at:
Precast Yard
After Erection
ACCEPTANCE
The repair is inspected and accepted:
Yes
No
Action:
Production Engineer
QC Engineer
Consultant
Date.../........",extractive-fallback,"[2] Chapter: Guildline For Repair, Page: 6
STECON
บริษัท ชิโน-ไทย เ รี ย ง แอนด์ คอนสตรัคชั่น จำกัด (มหาชน)
SINO-THA ENGINEERING & CONSTRUCTION PUBLIC COMPANY LIMITED
Project: SEWERAGE TUNNEL BUNG NONG BON
TO CHAOPHRAYA RIVER
[
• รูฟองอากาศ (Voids or Blowholes)
[
[
[
A.Outside Surface
B.Inside Surface
[
[
[
C.Gasket Surface
Table4 Guideline for Voids or Blowholes Repair
[
Action
1.No Repair
Reference Method
[
2.Repair with
Cementitious
Mortar
A(mm.)
B(mm.)
C(mm.)
Wide: <2
RP-TN-04
Wide: A≤10
Depth: A≤10
Wide: 2<B≤10
Depth: B≤10
Wide: C≤10
Depth: C≤10
3.Repair with
High Strength
RP-TN-05
Mortar
Wide: A>10
Depth: A>10
Wide: A>10
Depth: A>10
Wide A 10
Depth: A>10
Rebar exposed
Rebar exposed
Rebar exposed
[
[
4.Reject
Document No.
[1] Chapter: Guildline For Repair, Page: 7
STECON
บวิชา โน-ไทย เ คีเนียชิ่ง แอนด์ คอนสตรัคชั่น จํากัด (มหาชน)
Project: SEWERAGE TUNNEL BUNG NONG BON
SING THAI ENGINEERING & CONSTRUCTION PUBLIC COMPANY LIMITED
TO CHAOPHRAYA RIVER
ตารางแสดงวัสดุที่ใช้ซ่อมแซมความเสียหายประเภทต่างๆ
ประเภทของวัสดุซ่อมแซม
ประเภท
วิธีการ
ความ
Method
Reference | ปูนฉาบ | ปูนฉาบ
ซ่อม
อพอก
อีพ็อกซี่
วัสดุ
ซ่อม
ซเรซน มอรตาร เชอม
เชื่อม
เสียหาย
ซ่อมแซม
กำลังอัด
ประสาน
สูง
คอนกรีต
Repair with
Cementitious
RP-TN-01
Crack
Mortar
Repair with
RE-TN-02
Epoxy Resin
Repair with
Spalling
Cementitious
RP-TN-03
Edge
Mortar
Repair with
Spalling
Cementitious
RP-TN-03
Recesses
Mortar
Repair with
Voids or
Cementitious
RP-TN-04
Blowholes
Mortar
Repair with High
RP-TN-05
Strength Mortar
Document No.
[3] Chapter: Guildline For Repair, Page: 5
STECON
นที ท ชิน-ไทย เ คีเนีย แลนด์ ทอน หรือ น จํากัด (มหาชน)
SINCE THEM ENGINEERING SECTANTRUCTION POBLE COMPARTY (IMETER
Project: SEWERAGE TUNNEL BUNG NONG BON
TO CHAOPHRAYA RIVER
• แตกบินบริเวณ Gasket (Spalling Recesses)
A
I
C
B
-
Table3 Guideline for Recesses Repair
Action
Reference Method
A(mm.)
B(mm.)
C(mm.)
1.No Repair
<2
<2
2.Repair with
Cementious
RP-TN-03
2-10
5-30
0-10
Mortar
3.Reject
>10
>30
>10
Document No.
Segment Type:
Ring No
SKETCH DEFECT
Note: The above picture is for guideline of Tunnel segment.
Voids or Blowholes
Repair by:
To be Executed at:
Precast Yard
After Erection
ACCEPTANCE
The repair is inspected and accepted:
Yes
No
Action:
Production Engineer
QC Engineer
Consultant
Date.../........",Construction-Related,Material,"[2] Chapter: Guildline For Repair, Page: 6
STECON
บริษัท ชิโน-ไทย เ รี ย ง แอนด์ คอนสตรัคชั่น จำกัด (มหาชน)
SINO-THA ENGINEERING & CONSTRUCTION PUBLIC COMPANY LIMITED
Project: SEWERAGE TUNNEL BUNG NONG BON
TO CHAOPHRAYA RIVER
[
• รูฟองอากาศ (Voids or Blowholes)
[
[
[
A.Outside Surface
B.Inside Surface
[
[
[
C.Gasket Surface
Table4 Guideline for Voids or Blowholes Repair
[
Action
1.No Repair
Reference Method
[
2.Repair with
Cementitious
Mortar
A(mm.)
B(mm.)
C(mm.)
Wide: <2
RP-TN-04
Wide: A≤10
Depth: A≤10
Wide: 2<B≤10
Depth: B≤10
Wide: C≤10
Depth: C≤10
3.Repair with
High Strength
RP-TN-05
Mortar
Wide: A>10
Depth: A>10
Wide: A>10
Depth: A>10
Wide A 10
Depth: A>10
Rebar exposed
Rebar exposed
Rebar exposed
[
[
4.Reject
Document No.
[1] Chapter: Guildline For Repair, Page: 7
STECON
บวิชา โน-ไทย เ คีเนียชิ่ง แอนด์ คอนสตรัคชั่น จํากัด (มหาชน)
Project: SEWERAGE TUNNEL BUNG NONG BON
SING THAI ENGINEERING & CONSTRUCTION PUBLIC COMPANY LIMITED
TO CHAOPHRAYA RIVER
ตารางแสดงวัสดุที่ใช้ซ่อมแซมความเสียหายประเภทต่างๆ
ประเภทของวัสดุซ่อมแซม
ประเภท
วิธีการ
ความ
Method
Reference | ปูนฉาบ | ปูนฉาบ
ซ่อม
อพอก
อีพ็อกซี่
วัสดุ
ซ่อม
ซเรซน มอรตาร เชอม
เชื่อม
เสียหาย
ซ่อมแซม
กำลังอัด
ประสาน
สูง
คอนกรีต
Repair with
Cementitious
RP-TN-01
Crack
Mortar
Repair with
RE-TN-02
Epoxy Resin
Repair with
Spalling
Cementitious
RP-TN-03
Edge
Mortar
Repair with
Spalling
Cementitious
RP-TN-03
Recesses
Mortar
Repair with
Voids or
Cementitious
RP-TN-04
Blowholes
Mortar
Repair with High
RP-TN-05
Strength Mortar
Document No.
[3] Chapter: Guildline For Repair, Page: 5
STECON
นที ท ชิน-ไทย เ คีเนีย แลนด์ ทอน หรือ น จํากัด (มหาชน)
SINCE THEM ENGINEERING SECTANTRUCTION POBLE COMPARTY (IMETER
Project: SEWERAGE TUNNEL BUNG NONG BON
TO CHAOPHRAYA RIVER
• แตกบินบริเวณ Gasket (Spalling Recesses)
A
I
C
B
-
Table3 Guideline for Recesses Repair
Action
Reference Method
A(mm.)
B(mm.)
C(mm.)
1.No Repair
<2
<2
2.Repair with
Cementious
RP-TN-03
2-10
5-30
0-10
Mortar
3.Reject
>10
>30
>10
Document No.
Segment Type:
Ring No
SKETCH DEFECT
Note: The above picture is for guideline of Tunnel segment.
Voids or Blowholes
Repair by:
To be Executed at:
Precast Yard
After Erection
ACCEPTANCE
The repair is inspected and accepted:
Yes
No
Action:
Production Engineer
QC Engineer
Consultant
Date.../........","6
STECON
บริษัท ชิโน-ไทย เ รี ย ง แอนด์ คอนสตรัคชั่น จำกัด (มหาชน)
SINO-THA ENGINEERING & CONSTRUCTION PUBLIC COMPANY LIMITED
Project: SEWERAGE TUNNEL BUNG NONG BON
TO CHAOPHRAYA RIVER
[
• รูฟองอากาศ (Voids or Blowholes)
[
[
[
A.Outside Surface
B.Inside Surface
[
[
[
C.Gasket Surface
Table4 Guideline for Voids or Blowholes Repair
[
Action
1.No Repair
Reference Method
[
2.Repair with
Cementitious
Mortar
A(mm.)
B(mm.)
C(mm.)
Wide: <2
RP-TN-04
Wide: A≤10
Depth: A≤10
Wide: 2<B≤10
Depth: B≤10
Wide: C≤10
Depth: C≤10
3.Repair with
High Strength
RP-TN-05
Mortar
Wide: A>10
Depth: A>10
Wide: A>10
Depth: A>10
Wide A 10
Depth: A>10
Rebar exposed
Rebar exposed
Rebar exposed
[
[
4.Reject
Document No.
[1] Chapter: Guildline For Repair, Page: 7
STECON
บวิชา โน-ไทย เ คีเนียชิ่ง แอนด์ คอนสตรัคชั่น จํากัด (มหาชน)
Project: SEWERAGE TUNNEL BUNG NONG BON
SING THAI ENGINEERING & CONSTRUCTION PUBLIC COMPANY LIMITED
TO CHAOPHRAYA RIVER
ตารางแสดงวัสดุที่ใช้ซ่อมแซมความเสียหายประเภทต่างๆ
ประเภทของวัสดุซ่อมแซม
ประเภท
วิธีการ
ความ
Method
Reference | ปูนฉาบ | ปูนฉาบ
ซ่อม
อพอก
อีพ็อกซี่
วัสดุ
ซ่อม
ซเรซน มอรตาร เชอม
เชื่อม
เสียหาย
ซ่อมแซม
กำลังอัด
ประสาน
สูง
คอนกรีต
Repair with
Cementitious
RP-TN-01
Crack
Mortar
Repair with
RE-TN-02
Epoxy Resin
Repair with
Spalling
Cementitious
RP-TN-03
Edge
Mortar
Repair with
Spalling
Cementitious
RP-TN-03
Recesses
Mortar
Repair with
Voids or
Cementitious
RP-TN-04
Blowholes
Mortar
Repair with High
RP-TN-05
Strength Mortar
Document No.
[3] Chapter: Guildline For Repair, Page: 5
STECON
นที ท ชิน-ไทย เ คีเนีย แลนด์ ทอน หรือ น จํากัด (มหาชน)
SINCE THEM ENGINEERING SECTANTRUCTION POBLE COMPARTY (IMETER
Project: SEWERAGE TUNNEL BUNG NONG BON
TO CHAOPHRAYA RIVER
• แตกบินบริเวณ Gasket (Spalling Recesses)
A
I
C
B
-
Table3 Guideline for Recesses Repair
Action
Reference Method
A(mm.)
B(mm.)
C(mm.)
1.No Repair
<2
<2
2.Repair with
Cementious
RP-TN-03
2-10
5-30
0-10
Mortar
3.Reject
>10
>30
>10
Document No.
Segment Type:
Ring No
SKETCH DEFECT
Note: The above picture is for guideline of Tunnel segment.
Voids or Blowholes
Repair by:
To be Executed at:
Precast Yard
After Erection
ACCEPTANCE
The repair is inspected and accepted:
Yes
No
Action:
Production Engineer
QC Engineer
Consultant
Date.../........",extractive-fallback,"[2] Chapter: Guildline For Repair, Page: 6
STECON
บริษัท ชิโน-ไทย เ รี ย ง แอนด์ คอนสตรัคชั่น จำกัด (มหาชน)
SINO-THA ENGINEERING & CONSTRUCTION PUBLIC COMPANY LIMITED
Project: SEWERAGE TUNNEL BUNG NONG BON
TO CHAOPHRAYA RIVER
[
• รูฟองอากาศ (Voids or Blowholes)
[
[
[
A.Outside Surface
B.Inside Surface
[
[
[
C.Gasket Surface
Table4 Guideline for Voids or Blowholes Repair
[
Action
1.No Repair
Reference Method
[
2.Repair with
Cementitious
Mortar
A(mm.)
B(mm.)
C(mm.)
Wide: <2
RP-TN-04
Wide: A≤10
Depth: A≤10
Wide: 2<B≤10
Depth: B≤10
Wide: C≤10
Depth: C≤10
3.Repair with
High Strength
RP-TN-05
Mortar
Wide: A>10
Depth: A>10
Wide: A>10
Depth: A>10
Wide A 10
Depth: A>10
Rebar exposed
Rebar exposed
Rebar exposed
[
[
4.Reject
Document No.
[1] Chapter: Guildline For Repair, Page: 7
STECON
บวิชา โน-ไทย เ คีเนียชิ่ง แอนด์ คอนสตรัคชั่น จํากัด (มหาชน)
Project: SEWERAGE TUNNEL BUNG NONG BON
SING THAI ENGINEERING & CONSTRUCTION PUBLIC COMPANY LIMITED
TO CHAOPHRAYA RIVER
ตารางแสดงวัสดุที่ใช้ซ่อมแซมความเสียหายประเภทต่างๆ
ประเภทของวัสดุซ่อมแซม
ประเภท
วิธีการ
ความ
Method
Reference | ปูนฉาบ | ปูนฉาบ
ซ่อม
อพอก
อีพ็อกซี่
วัสดุ
ซ่อม
ซเรซน มอรตาร เชอม
เชื่อม
เสียหาย
ซ่อมแซม
กำลังอัด
ประสาน
สูง
คอนกรีต
Repair with
Cementitious
RP-TN-01
Crack
Mortar
Repair with
RE-TN-02
Epoxy Resin
Repair with
Spalling
Cementitious
RP-TN-03
Edge
Mortar
Repair with
Spalling
Cementitious
RP-TN-03
Recesses
Mortar
Repair with
Voids or
Cementitious
RP-TN-04
Blowholes
Mortar
Repair with High
RP-TN-05
Strength Mortar
Document No.
[3] Chapter: Guildline For Repair, Page: 5
STECON
นที ท ชิน-ไทย เ คีเนีย แลนด์ ทอน หรือ น จํากัด (มหาชน)
SINCE THEM ENGINEERING SECTANTRUCTION POBLE COMPARTY (IMETER
Project: SEWERAGE TUNNEL BUNG NONG BON
TO CHAOPHRAYA RIVER
• แตกบินบริเวณ Gasket (Spalling Recesses)
A
I
C
B
-
Table3 Guideline for Recesses Repair
Action
Reference Method
A(mm.)
B(mm.)
C(mm.)
1.No Repair
<2
<2
2.Repair with
Cementious
RP-TN-03
2-10
5-30
0-10
Mortar
3.Reject
>10
>30
>10
Document No.
Segment Type:
Ring No
SKETCH DEFECT
Note: The above picture is for guideline of Tunnel segment.
Voids or Blowholes
Repair by:
To be Executed at:
Precast Yard
After Erection
ACCEPTANCE
The repair is inspected and accepted:
Yes
No
Action:
Production Engineer
QC Engineer
Consultant
Date.../........"
 เอกสารอ้างอิง (Document No.) ของ Guideline ฉบับนี้คือเลขที่เท่าใด, TB-RP-01,1,Non-Construction Questions,General / Admin,"Release/Amendment
Page No.
Release/Amendment
Page No.
Release/Amendment
Page No.
Release/Amendment
Page No.
EV-TN-01
Release/Amendment
Page No.",5,extractive-fallback,"Release/Amendment
Page No.
Release/Amendment
Page No.
Release/Amendment
Page No.
Release/Amendment
Page No.
EV-TN-01
Release/Amendment
Page No.",Non-Construction Questions,General / Admin,"Release/Amendment
Page No.
Release/Amendment
Page No.
Release/Amendment
Page No.
Release/Amendment
Page No.
EV-TN-01
Release/Amendment
Page No.",5,extractive-fallback,"Release/Amendment
Page No.
Release/Amendment
Page No.
Release/Amendment
Page No.
Release/Amendment
Page No.
EV-TN-01
Release/Amendment
Page No.",Non-Construction Questions,General / Admin,"Release/Amendment
Page No.
Release/Amendment
Page No.
Release/Amendment
Page No.
Release/Amendment
Page No.
EV-TN-01
Release/Amendment
Page No.",5,extractive-fallback,"Release/Amendment
Page No.
Release/Amendment
Page No.
Release/Amendment
Page No.
Release/Amendment
Page No.
EV-TN-01
Release/Amendment
Page No.",Non-Construction Questions,General / Admin,"Release/Amendment
Page No.
Release/Amendment
Page No.
Release/Amendment
Page No.
Release/Amendment
Page No.
EV-TN-01
Release/Amendment
Page No.",5,extractive-fallback,"Release/Amendment
Page No.
Release/Amendment
Page No.
Release/Amendment
Page No.
Release/Amendment
Page No.
EV-TN-01
Release/Amendment
Page No."
